1789382547137.1755,-0.04903324693441391,-9.934136390686035,0.08825984597206116
1789382547152.834,-0.029419949278235435,-9.914523124694824,0.08825984597206116
1789382547168.4937,-0.029419949278235435,-9.914523124694824,0.08825984597206116
1789382547184.153,-0.029419949278235435,-9.914523124694824,0.08825984597206116
1789382547199.8127,-0.04903324693441391,-9.914523124694824,0.08825984597206116
1789382547215.4731,-0.029419949278235435,-9.894909858703613,0.06864655017852783
1789382547231.1328,-0.029419949278235435,-9.914523124694824,0.08825984597206116
1789382547246.7932,-0.029419949278235435,-9.934136390686035,0.06864655017852783
1789382547262.452,-0.029419949278235435,-9.934136390686035,0.08825984597206116
1789382547278.1123,-0.029419949278235435,-9.914523124694824,0.08825984597206116
1789382547293.7737,-0.029419949278235435,-9.934136390686035,0.06864655017852783
1789382547309.4353,-0.009806649759411812,-9.934136390686035,0.10787314921617508
1789382547325.0947,-0.04903324693441391,-9.894909858703613,0.08825984597206116
1789382547340.7544,-0.029419949278235435,-9.914523124694824,0.08825984597206116
1789382547356.4148,-0.029419949278235435,-9.934136390686035,0.06864655017852783
1789382547372.0752,-0.029419949278235435,-9.934136390686035,0.08825984597206116
1789382547387.7356,-0.029419949278235435,-9.934136390686035,0.08825984597206116
1789382547403.392,-0.029419949278235435,-9.934136390686035,0.10787314921617508
1789382547419.0515,-0.029419949278235435,-9.914523124694824,0.08825984597206116
1789382547434.71,-0.04903324693441391,-9.914523124694824,0.08825984597206116
1789382547450.3704,-0.009806649759411812,-9.914523124694824,0.08825984597206116
1789382547466.031,-0.009806649759411812,-9.914523124694824,0.08825984597206116
1789382547481.6914,-0.04903324693441391,-9.934136390686035,0.06864655017852783
1789382547497.3528,-0.029419949278235435,-9.934136390686035,0.08825984597206116
1789382547513.0132,-0.009806649759411812,-9.914523124694824,0.08825984597206116
1789382547528.6743,-0.029419949278235435,-9.914523124694824,0.08825984597206116
1789382547544.3367,-0.029419949278235435,-9.934136390686035,0.08825984597206116
1789382547560.0007,-0.04903324693441391,-9.914523124694824,0.04903324693441391
1789382547575.665,-0.029419949278235435,-9.894909858703613,0.06864655017852783
1789382547591.3293,-0.029419949278235435,-9.934136390686035,0.08825984597206116
1789382547606.9937,-0.029419949278235435,-9.914523124694824,0.08825984597206116
1789382547622.6567,-0.009806649759411812,-9.914523124694824,0.08825984597206116
1789382547638.3203,-0.029419949278235435,-9.914523124694824,0.08825984597206116
1789382547653.9856,-0.029419949278235435,-9.914523124694824,0.08825984597206116
1789382547669.65,-0.029419949278235435,-9.914523124694824,0.08825984597206116
1789382547685.3145,-0.029419949278235435,-9.934136390686035,0.08825984597206116
1789382547700.978,-0.029419949278235435,-9.914523124694824,0.08825984597206116
1789382547716.6423,-0.04903324693441391,-9.914523124694824,0.08825984597206116
1789382547732.3079,-0.009806649759411812,-9.914523124694824,0.08825984597206116
1789382547747.9727,-0.029419949278235435,-9.934136390686035,0.08825984597206116
1789382547763.6372,-0.009806649759411812,-9.914523124694824,0.08825984597206116
1789382547779.3027,-0.029419949278235435,-9.914523124694824,0.06864655017852783
1789382547794.9685,-0.029419949278235435,-9.934136390686035,0.08825984597206116
1789382547810.6343,-0.029419949278235435,-9.934136390686035,0.06864655017852783
1789382547826.299,-0.029419949278235435,-9.934136390686035,0.08825984597206116
1789382547841.9648,-0.029419949278235435,-9.934136390686035,0.04903324693441391
1789382547857.6316,-0.029419949278235435,-9.914523124694824,0.08825984597206116
1789382547873.2964,-0.029419949278235435,-9.934136390686035,0.08825984597206116
1789382547888.9634,-0.029419949278235435,-9.934136390686035,0.10787314921617508
1789382547904.6292,-0.029419949278235435,-9.914523124694824,0.08825984597206116
1789382547920.2961,-0.029419949278235435,-9.894909858703613,0.08825984597206116
1789382547935.9602,-0.029419949278235435,-9.934136390686035,0.06864655017852783
1789382547951.6262,-0.029419949278235435,-9.934136390686035,0.08825984597206116
1789382547967.2913,-0.029419949278235435,-9.934136390686035,0.06864655017852783
1789382547982.9563,-0.029419949278235435,-9.914523124694824,0.06864655017852783
1789382547998.6226,-0.029419949278235435,-9.914523124694824,0.06864655017852783
1789382548014.2866,-0.029419949278235435,-9.934136390686035,0.08825984597206116
1789382548029.952,-0.029419949278235435,-9.934136390686035,0.08825984597206116
1789382548045.616,-0.029419949278235435,-9.914523124694824,0.08825984597206116
1789382548061.2803,-0.009806649759411812,-9.934136390686035,0.08825984597206116
1789382548076.9446,-0.04903324693441391,-9.934136390686035,0.06864655017852783
1789382548092.609,-0.029419949278235435,-9.934136390686035,0.08825984597206116
1789382548108.2722,-0.029419949278235435,-9.934136390686035,0.08825984597206116
1789382548123.9358,-0.029419949278235435,-9.894909858703613,0.06864655017852783
1789382548139.599,-0.029419949278235435,-9.934136390686035,0.06864655017852783
1789382548155.2637,-0.029419949278235435,-9.914523124694824,0.08825984597206116
1789382548170.9282,-0.009806649759411812,-9.914523124694824,0.06864655017852783
1789382548186.5925,-0.029419949278235435,-9.934136390686035,0.08825984597206116
1789382548202.257,-0.029419949278235435,-9.934136390686035,0.06864655017852783
1789382548217.9219,-0.029419949278235435,-9.914523124694824,0.08825984597206116
1789382548233.5845,-0.029419949278235435,-9.914523124694824,0.08825984597206116
1789382548249.248,-0.029419949278235435,-9.934136390686035,0.08825984597206116
1789382548264.911,-0.029419949278235435,-9.914523124694824,0.08825984597206116
1789382548280.5767,-0.029419949278235435,-9.914523124694824,0.08825984597206116
1789382548296.2424,-0.029419949278235435,-9.934136390686035,0.10787314921617508
1789382548311.905,-0.009806649759411812,-9.914523124694824,0.04903324693441391
1789382548327.571,-0.009806649759411812,-9.934136390686035,0.08825984597206116
1789382548343.2349,-0.029419949278235435,-9.934136390686035,0.08825984597206116
1789382548358.8997,-0.029419949278235435,-9.914523124694824,0.06864655017852783
1789382548374.5647,-0.009806649759411812,-9.914523124694824,0.06864655017852783
1789382548390.2297,-0.029419949278235435,-9.953749656677246,0.06864655017852783
1789382548405.8945,-0.029419949278235435,-9.914523124694824,0.08825984597206116
1789382548421.5586,-0.04903324693441391,-9.914523124694824,0.08825984597206116
1789382548437.2239,-0.029419949278235435,-9.914523124694824,0.08825984597206116
1789382548452.888,-0.029419949278235435,-9.934136390686035,0.06864655017852783
1789382548468.553,-0.029419949278235435,-9.914523124694824,0.10787314921617508
1789382548484.215,-0.04903324693441391,-9.914523124694824,0.08825984597206116
1789382548499.8804,-0.04903324693441391,-9.934136390686035,0.08825984597206116
1789382548515.5447,-0.04903324693441391,-9.934136390686035,0.08825984597206116
1789382548531.21,-0.009806649759411812,-9.934136390686035,0.08825984597206116
1789382548546.872,-0.029419949278235435,-9.934136390686035,0.06864655017852783
1789382548562.5332,-0.029419949278235435,-9.934136390686035,0.08825984597206116
1789382548578.1943,-0.029419949278235435,-9.914523124694824,0.08825984597206116
1789382548593.8567,-0.009806649759411812,-9.894909858703613,0.08825984597206116
1789382548609.519,-0.029419949278235435,-9.914523124694824,0.10787314921617508
1789382548625.1812,-0.029419949278235435,-9.934136390686035,0.08825984597206116
1789382548640.8425,-0.029419949278235435,-9.914523124694824,0.06864655017852783
1789382548656.5078,-0.029419949278235435,-9.914523124694824,0.08825984597206116
1789382548672.172,-0.009806649759411812,-9.934136390686035,0.08825984597206116
1789382548687.8376,-0.029419949278235435,-9.934136390686035,0.08825984597206116
1789382548703.5,-0.04903324693441391,-9.914523124694824,0.10787314921617508
1789382548719.1624,-0.009806649759411812,-9.934136390686035,0.06864655017852783
1789382548734.8247,-0.029419949278235435,-9.914523124694824,0.06864655017852783
1789382548750.4883,-0.029419949278235435,-9.914523124694824,0.06864655017852783
1789382548766.1526,-0.029419949278235435,-9.914523124694824,0.08825984597206116
1789382548781.8162,-0.029419949278235435,-9.914523124694824,0.08825984597206116
1789382548797.4795,-0.029419949278235435,-9.914523124694824,0.08825984597206116
1789382548813.142,-0.029419949278235435,-9.934136390686035,0.08825984597206116
1789382548828.8047,-0.029419949278235435,-9.934136390686035,0.08825984597206116
1789382548844.4673,-0.029419949278235435,-9.914523124694824,0.08825984597206116
1789382548860.13,-0.029419949278235435,-9.934136390686035,0.06864655017852783
1789382548875.7925,-0.029419949278235435,-9.914523124694824,0.06864655017852783
1789382548891.454,-0.029419949278235435,-9.934136390686035,0.10787314921617508
1789382548907.1167,-0.029419949278235435,-9.934136390686035,0.06864655017852783
1789382548922.7803,-0.029419949278235435,-9.914523124694824,0.08825984597206116
1789382548938.443,-0.029419949278235435,-9.934136390686035,0.08825984597206116
1789382548954.1067,-0.009806649759411812,-9.914523124694824,0.08825984597206116
1789382548969.7695,-0.029419949278235435,-9.934136390686035,0.06864655017852783
1789382548985.434,-0.029419949278235435,-9.914523124694824,0.08825984597206116
1789382549001.098,-0.029419949278235435,-9.914523124694824,0.08825984597206116
1789382549016.7617,-0.029419949278235435,-9.934136390686035,0.08825984597206116
1789382549032.4255,-0.029419949278235435,-9.934136390686035,0.08825984597206116
1789382549048.0894,-0.029419949278235435,-9.914523124694824,0.06864655017852783
1789382549063.7532,-0.029419949278235435,-9.934136390686035,0.08825984597206116
1789382549079.418,-0.009806649759411812,-9.934136390686035,0.10787314921617508
1789382549095.0808,-0.029419949278235435,-9.934136390686035,0.08825984597206116
1789382549110.7449,-0.029419949278235435,-9.914523124694824,0.08825984597206116
1789382549126.4077,-0.029419949278235435,-9.914523124694824,0.08825984597206116
1789382549142.0715,-0.009806649759411812,-9.934136390686035,0.08825984597206116
1789382549157.7346,-0.029419949278235435,-9.914523124694824,0.10787314921617508
1789382549173.3987,-0.009806649759411812,-9.914523124694824,0.06864655017852783
1789382549189.0625,-0.029419949278235435,-9.934136390686035,0.06864655017852783
1789382549204.7275,-0.04903324693441391,-9.934136390686035,0.06864655017852783
1789382549220.3916,-0.029419949278235435,-9.934136390686035,0.06864655017852783
1789382549236.0537,-0.029419949278235435,-9.914523124694824,0.08825984597206116
1789382549251.7188,-0.009806649759411812,-9.914523124694824,0.06864655017852783
1789382549267.3828,-0.029419949278235435,-9.934136390686035,0.06864655017852783
1789382549283.0469,-0.029419949278235435,-9.914523124694824,0.08825984597206116
1789382549298.7112,-0.029419949278235435,-9.934136390686035,0.06864655017852783
1789382549314.3752,-0.04903324693441391,-9.914523124694824,0.08825984597206116
1789382549330.0383,-0.009806649759411812,-9.934136390686035,0.06864655017852783
1789382549345.7017,-0.029419949278235435,-9.953749656677246,0.10787314921617508
1789382549361.367,-0.029419949278235435,-9.934136390686035,0.08825984597206116
1789382549377.031,-0.029419949278235435,-9.914523124694824,0.10787314921617508
1789382549392.6953,-0.029419949278235435,-9.914523124694824,0.06864655017852783
1789382549408.3596,-0.029419949278235435,-9.934136390686035,0.08825984597206116
1789382549424.024,-0.029419949278235435,-9.934136390686035,0.06864655017852783
1789382549439.6873,-0.009806649759411812,-9.894909858703613,0.08825984597206116
1789382549455.3516,-0.029419949278235435,-9.934136390686035,0.08825984597206116
1789382549471.015,-0.029419949278235435,-9.934136390686035,0.08825984597206116
1789382549486.6804,-0.029419949278235435,-9.914523124694824,0.08825984597206116
1789382549502.3457,-0.029419949278235435,-9.914523124694824,0.08825984597206116
1789382549518.01,-0.029419949278235435,-9.934136390686035,0.08825984597206116
1789382549533.675,-0.029419949278235435,-9.914523124694824,0.08825984597206116
1789382549549.3433,-0.009806649759411812,-9.914523124694824,0.06864655017852783
1789382549565.0122,-0.029419949278235435,-9.914523124694824,0.08825984597206116
1789382549580.6804,-0.009806649759411812,-9.934136390686035,0.08825984597206116
1789382549596.3499,-0.029419949278235435,-9.934136390686035,0.08825984597206116
1789382549612.0193,-0.029419949278235435,-9.934136390686035,0.08825984597206116
1789382549627.689,-0.009806649759411812,-9.934136390686035,0.08825984597206116
1789382549643.3596,-0.029419949278235435,-9.914523124694824,0.06864655017852783
1789382549659.0293,-0.029419949278235435,-9.934136390686035,0.08825984597206116
1789382549674.698,-0.029419949278235435,-9.914523124694824,0.08825984597206116
1789382549690.369,-0.009806649759411812,-9.914523124694824,0.08825984597206116
1789382549706.039,-0.029419949278235435,-9.914523124694824,0.08825984597206116
1789382549721.7102,-0.029419949278235435,-9.914523124694824,0.08825984597206116
1789382549737.3794,-0.029419949278235435,-9.953749656677246,0.08825984597206116
1789382549753.0508,-0.029419949278235435,-9.914523124694824,0.06864655017852783
1789382549768.7192,-0.009806649759411812,-9.914523124694824,0.06864655017852783
1789382549784.3887,-0.009806649759411812,-9.934136390686035,0.08825984597206116
1789382549800.0583,-0.029419949278235435,-9.934136390686035,0.08825984597206116
1789382549815.727,-0.029419949278235435,-9.914523124694824,0.08825984597206116
1789382549831.397,-0.029419949278235435,-9.914523124694824,0.10787314921617508
1789382549847.0679,-0.029419949278235435,-9.934136390686035,0.10787314921617508
1789382549862.7368,-0.029419949278235435,-9.914523124694824,0.06864655017852783
1789382549878.406,-0.029419949278235435,-9.914523124694824,0.06864655017852783
1789382549894.0762,-0.029419949278235435,-9.914523124694824,0.08825984597206116
1789382549909.7454,-0.029419949278235435,-9.934136390686035,0.08825984597206116
1789382549925.4158,-0.009806649759411812,-9.914523124694824,0.08825984597206116
1789382549941.0874,-0.009806649759411812,-9.914523124694824,0.10787314921617508
1789382549956.758,-0.029419949278235435,-9.914523124694824,0.08825984597206116
1789382549972.4287,-0.029419949278235435,-9.934136390686035,0.08825984597206116
1789382549988.0996,-0.04903324693441391,-9.934136390686035,0.06864655017852783
1789382550003.7695,-0.009806649759411812,-9.914523124694824,0.08825984597206116
1789382550019.4395,-0.029419949278235435,-9.914523124694824,0.10787314921617508
1789382550035.1106,-0.029419949278235435,-9.914523124694824,0.06864655017852783
1789382550050.7808,-0.029419949278235435,-9.914523124694824,0.08825984597206116
1789382550066.4521,-0.009806649759411812,-9.934136390686035,0.06864655017852783
1789382550082.1216,-0.029419949278235435,-9.934136390686035,0.08825984597206116
1789382550097.794,-0.029419949278235435,-9.914523124694824,0.06864655017852783
1789382550113.4646,-0.009806649759411812,-9.914523124694824,0.06864655017852783
1789382550129.1343,-0.029419949278235435,-9.914523124694824,0.08825984597206116
1789382550144.8052,-0.029419949278235435,-9.934136390686035,0.08825984597206116
1789382550160.476,-0.029419949278235435,-9.914523124694824,0.08825984597206116
1789382550176.147,-0.029419949278235435,-9.914523124694824,0.06864655017852783
1789382550191.819,-0.029419949278235435,-9.914523124694824,0.06864655017852783
1789382550207.4922,-0.029419949278235435,-9.914523124694824,0.08825984597206116
1789382550223.1665,-0.04903324693441391,-9.914523124694824,0.04903324693441391
1789382550238.8398,-0.009806649759411812,-9.914523124694824,0.08825984597206116
1789382550254.5144,-0.029419949278235435,-9.914523124694824,0.08825984597206116
1789382550270.187,-0.029419949278235435,-9.914523124694824,0.08825984597206116
1789382550285.8606,-0.029419949278235435,-9.914523124694824,0.06864655017852783
1789382550301.5334,-0.029419949278235435,-9.914523124694824,0.10787314921617508
1789382550317.2063,-0.029419949278235435,-9.934136390686035,0.08825984597206116
1789382550332.8794,-0.009806649759411812,-9.914523124694824,0.08825984597206116
1789382550348.5515,-0.009806649759411812,-9.914523124694824,0.06864655017852783
1789382550364.2227,-0.029419949278235435,-9.914523124694824,0.06864655017852783
1789382550379.897,-0.029419949278235435,-9.934136390686035,0.08825984597206116
1789382550395.5684,-0.029419949278235435,-9.914523124694824,0.10787314921617508
1789382550411.2407,-0.009806649759411812,-9.914523124694824,0.06864655017852783
1789382550426.9133,-0.009806649759411812,-9.934136390686035,0.08825984597206116
1789382550442.585,-0.029419949278235435,-9.934136390686035,0.08825984597206116
1789382550458.2588,-0.009806649759411812,-9.914523124694824,0.08825984597206116
1789382550473.9326,-0.009806649759411812,-9.914523124694824,0.06864655017852783
1789382550489.6067,-0.029419949278235435,-9.934136390686035,0.06864655017852783
1789382550505.2805,-0.029419949278235435,-9.934136390686035,0.08825984597206116
1789382550520.9539,-0.029419949278235435,-9.914523124694824,0.08825984597206116
1789382550536.6272,-0.009806649759411812,-9.914523124694824,0.06864655017852783
1789382550552.2893,-0.029419949278235435,-9.934136390686035,0.06864655017852783
1789382550567.9502,-0.009806649759411812,-9.914523124694824,0.10787314921617508
1789382550583.6113,-0.029419949278235435,-9.914523124694824,0.08825984597206116
1789382550599.2725,-0.009806649759411812,-9.934136390686035,0.08825984597206116
1789382550614.9346,-0.029419949278235435,-9.934136390686035,0.08825984597206116
1789382550630.5977,-0.009806649759411812,-9.914523124694824,0.08825984597206116
1789382550646.261,-0.029419949278235435,-9.914523124694824,0.08825984597206116
1789382550661.923,-0.009806649759411812,-9.934136390686035,0.08825984597206116
1789382550677.5872,-0.009806649759411812,-9.934136390686035,0.08825984597206116
1789382550693.2502,-0.009806649759411812,-9.894909858703613,0.06864655017852783
1789382550708.9124,-0.029419949278235435,-9.934136390686035,0.06864655017852783
1789382550724.5764,-0.029419949278235435,-9.934136390686035,0.08825984597206116
1789382550740.2415,-0.029419949278235435,-9.914523124694824,0.06864655017852783
1789382550755.9045,-0.029419949278235435,-9.914523124694824,0.08825984597206116
1789382550771.5676,-0.029419949278235435,-9.914523124694824,0.06864655017852783
1789382550787.2297,-0.029419949278235435,-9.914523124694824,0.08825984597206116
1789382550802.894,-0.009806649759411812,-9.914523124694824,0.06864655017852783
1789382550818.5571,-0.009806649759411812,-9.934136390686035,0.10787314921617508
1789382550834.2212,-0.029419949278235435,-9.934136390686035,0.08825984597206116
1789382550849.8833,-0.009806649759411812,-9.934136390686035,0.08825984597206116
1789382550865.5474,-0.029419949278235435,-9.914523124694824,0.08825984597206116
1789382550881.2124,-0.009806649759411812,-9.914523124694824,0.08825984597206116
1789382550896.8774,-0.029419949278235435,-9.934136390686035,0.06864655017852783
1789382550912.5427,-0.029419949278235435,-9.934136390686035,0.06864655017852783
1789382550928.2068,-0.029419949278235435,-9.934136390686035,0.06864655017852783
1789382550943.8718,-0.009806649759411812,-9.914523124694824,0.06864655017852783
1789382550959.5369,-0.009806649759411812,-9.934136390686035,0.08825984597206116
1789382550975.2021,-0.009806649759411812,-9.914523124694824,0.06864655017852783
1789382550990.8662,-0.04903324693441391,-9.914523124694824,0.08825984597206116
1789382551006.5303,-0.029419949278235435,-9.914523124694824,0.08825984597206116
1789382551022.1934,-0.009806649759411812,-9.914523124694824,0.08825984597206116
1789382551037.8545,-0.029419949278235435,-9.934136390686035,0.08825984597206116
1789382551053.5166,-0.029419949278235435,-9.934136390686035,0.06864655017852783
1789382551069.1765,-0.029419949278235435,-9.914523124694824,0.06864655017852783
1789382551084.8376,-0.029419949278235435,-9.914523124694824,0.06864655017852783
1789382551100.4998,-0.029419949278235435,-9.934136390686035,0.08825984597206116
1789382551116.161,-0.009806649759411812,-9.914523124694824,0.08825984597206116
1789382551131.823,-0.029419949278235435,-9.914523124694824,0.08825984597206116
1789382551147.486,-0.029419949278235435,-9.914523124694824,0.08825984597206116
1789382551163.1492,-0.009806649759411812,-9.934136390686035,0.06864655017852783
1789382551178.8103,-0.029419949278235435,-9.914523124694824,0.08825984597206116
1789382551194.4712,-0.029419949278235435,-9.914523124694824,0.08825984597206116
1789382551210.1343,-0.029419949278235435,-9.914523124694824,0.06864655017852783
1789382551225.7974,-0.029419949278235435,-9.914523124694824,0.08825984597206116
1789382551241.4604,-0.029419949278235435,-9.934136390686035,0.08825984597206116
1789382551257.1235,-0.029419949278235435,-9.914523124694824,0.08825984597206116
1789382551272.7866,-0.029419949278235435,-9.934136390686035,0.08825984597206116
1789382551288.4517,-0.029419949278235435,-9.934136390686035,0.06864655017852783
1789382551304.1147,-0.029419949278235435,-9.914523124694824,0.08825984597206116
1789382551319.7769,-0.029419949278235435,-9.914523124694824,0.08825984597206116
1789382551335.439,-0.029419949278235435,-9.914523124694824,0.04903324693441391
1789382551351.101,-0.009806649759411812,-9.934136390686035,0.10787314921617508
1789382551366.7642,-0.029419949278235435,-9.934136390686035,0.08825984597206116
1789382551382.4263,-0.04903324693441391,-9.934136390686035,0.06864655017852783
1789382551398.0884,-0.029419949278235435,-9.914523124694824,0.10787314921617508
1789382551413.7515,-0.0,-9.914523124694824,0.06864655017852783
1789382551429.4133,-0.009806649759411812,-9.914523124694824,0.08825984597206116
1789382551445.0745,-0.029419949278235435,-9.934136390686035,0.06864655017852783
1789382551460.7385,-0.009806649759411812,-9.914523124694824,0.06864655017852783
1789382551476.4026,-0.009806649759411812,-9.914523124694824,0.08825984597206116
1789382551492.0657,-0.029419949278235435,-9.934136390686035,0.08825984597206116
1789382551507.7268,-0.029419949278235435,-9.934136390686035,0.08825984597206116
1789382551523.388,-0.029419949278235435,-9.914523124694824,0.06864655017852783
1789382551539.05,-0.029419949278235435,-9.894909858703613,0.10787314921617508
1789382551554.711,-0.009806649759411812,-9.953749656677246,0.06864655017852783
1789382551570.3708,-0.029419949278235435,-9.934136390686035,0.08825984597206116
1789382551586.031,-0.029419949278235435,-9.894909858703613,0.08825984597206116
1789382551601.692,-0.029419949278235435,-9.914523124694824,0.06864655017852783
1789382551617.3518,-0.029419949278235435,-9.934136390686035,0.08825984597206116
1789382551633.013,-0.029419949278235435,-9.934136390686035,0.08825984597206116
1789382551648.6738,-0.029419949278235435,-9.934136390686035,0.08825984597206116
1789382551664.3347,-0.029419949278235435,-9.934136390686035,0.06864655017852783
1789382551679.9946,-0.029419949278235435,-9.953749656677246,0.08825984597206116
1789382551695.6555,-0.029419949278235435,-9.934136390686035,0.08825984597206116
1789382551711.3164,-0.029419949278235435,-9.894909858703613,0.08825984597206116
1789382551726.9792,-0.009806649759411812,-9.914523124694824,0.08825984597206116
1789382551742.642,-0.029419949278235435,-9.934136390686035,0.06864655017852783
1789382551758.305,-0.029419949278235435,-9.914523124694824,0.08825984597206116
1789382551773.9668,-0.009806649759411812,-9.934136390686035,0.08825984597206116
1789382551789.6296,-0.009806649759411812,-9.914523124694824,0.10787314921617508
1789382551805.2915,-0.029419949278235435,-9.953749656677246,0.08825984597206116
1789382551820.9543,-0.029419949278235435,-9.914523124694824,0.08825984597206116
1789382551836.6143,-0.029419949278235435,-9.934136390686035,0.08825984597206116
1789382551852.273,-0.029419949278235435,-9.914523124694824,0.10787314921617508
1789382551867.9329,-0.029419949278235435,-9.953749656677246,0.08825984597206116
1789382551883.5935,-0.029419949278235435,-9.894909858703613,0.10787314921617508
1789382551899.2534,-0.029419949278235435,-9.914523124694824,0.08825984597206116
1789382551914.914,-0.009806649759411812,-9.914523124694824,0.10787314921617508
1789382551930.5737,-0.029419949278235435,-9.934136390686035,0.06864655017852783
1789382551946.2346,-0.009806649759411812,-9.934136390686035,0.08825984597206116
1789382551961.8962,-0.029419949278235435,-9.934136390686035,0.08825984597206116
1789382551977.558,-0.009806649759411812,-9.914523124694824,0.08825984597206116
1789382551993.2197,-0.029419949278235435,-9.934136390686035,0.06864655017852783
1789382552008.8813,-0.009806649759411812,-9.914523124694824,0.08825984597206116
1789382552024.544,-0.029419949278235435,-9.934136390686035,0.06864655017852783
1789382552040.2068,-0.029419949278235435,-9.914523124694824,0.08825984597206116
1789382552055.8713,-0.029419949278235435,-9.934136390686035,0.08825984597206116
1789382552071.534,-0.009806649759411812,-9.914523124694824,0.08825984597206116
1789382552087.1968,-0.029419949278235435,-9.934136390686035,0.08825984597206116
1789382552102.8594,-0.04903324693441391,-9.934136390686035,0.08825984597206116
1789382552118.522,-0.009806649759411812,-9.914523124694824,0.06864655017852783
1789382552134.1836,-0.009806649759411812,-9.914523124694824,0.08825984597206116
1789382552149.8452,-0.009806649759411812,-9.934136390686035,0.08825984597206116
1789382552165.5066,-0.009806649759411812,-9.934136390686035,0.06864655017852783
1789382552181.1692,-0.029419949278235435,-9.914523124694824,0.08825984597206116
1789382552196.8328,-0.029419949278235435,-9.914523124694824,0.08825984597206116
1789382552212.4963,-0.029419949278235435,-9.934136390686035,0.10787314921617508
1789382552228.159,-0.029419949278235435,-9.914523124694824,0.10787314921617508
1789382552243.8225,-0.029419949278235435,-9.914523124694824,0.10787314921617508
1789382552259.486,-0.029419949278235435,-9.934136390686035,0.08825984597206116
1789382552275.1484,-0.029419949278235435,-9.934136390686035,0.06864655017852783
1789382552290.811,-0.029419949278235435,-9.914523124694824,0.08825984597206116
1789382552306.4724,-0.029419949278235435,-9.914523124694824,0.06864655017852783
1789382552322.136,-0.029419949278235435,-9.934136390686035,0.08825984597206116
1789382552337.7993,-0.029419949278235435,-9.914523124694824,0.08825984597206116
1789382552353.462,-0.029419949278235435,-9.914523124694824,0.06864655017852783
1789382552369.1233,-0.029419949278235435,-9.914523124694824,0.08825984597206116
1789382552384.7847,-0.029419949278235435,-9.934136390686035,0.08825984597206116
1789382552400.445,-0.029419949278235435,-9.953749656677246,0.08825984597206116
1789382552416.1045,-0.009806649759411812,-9.934136390686035,0.06864655017852783
1789382552431.7659,-0.029419949278235435,-9.914523124694824,0.08825984597206116
1789382552447.4263,-0.029419949278235435,-9.934136390686035,0.06864655017852783
1789382552463.0886,-0.009806649759411812,-9.934136390686035,0.06864655017852783
1789382552478.75,-0.029419949278235435,-9.914523124694824,0.08825984597206116
1789382552494.4114,-0.009806649759411812,-9.934136390686035,0.06864655017852783
1789382552510.0737,-0.029419949278235435,-9.914523124694824,0.08825984597206116
1789382552525.737,-0.009806649759411812,-9.934136390686035,0.08825984597206116
1789382552541.399,-0.029419949278235435,-9.934136390686035,0.08825984597206116
1789382552557.0635,-0.029419949278235435,-9.934136390686035,0.08825984597206116
1789382552572.726,-0.029419949278235435,-9.934136390686035,0.06864655017852783
1789382552588.3928,-0.009806649759411812,-9.914523124694824,0.10787314921617508
1789382552604.0583,-0.029419949278235435,-9.934136390686035,0.08825984597206116
1789382552619.7231,-0.029419949278235435,-9.934136390686035,0.06864655017852783
1789382552635.3877,-0.029419949278235435,-9.914523124694824,0.08825984597206116
1789382552651.0522,-0.009806649759411812,-9.914523124694824,0.08825984597206116
1789382552666.717,-0.029419949278235435,-9.934136390686035,0.08825984597206116
1789382552682.3826,-0.029419949278235435,-9.934136390686035,0.08825984597206116
1789382552698.047,-0.009806649759411812,-9.934136390686035,0.06864655017852783
1789382552713.712,-0.009806649759411812,-9.914523124694824,0.08825984597206116
1789382552729.3765,-0.029419949278235435,-9.914523124694824,0.06864655017852783
1789382552745.0422,-0.04903324693441391,-9.934136390686035,0.06864655017852783
1789382552760.7068,-0.029419949278235435,-9.934136390686035,0.08825984597206116
1789382552776.3723,-0.009806649759411812,-9.914523124694824,0.08825984597206116
1789382552792.038,-0.029419949278235435,-9.934136390686035,0.08825984597206116
1789382552807.7039,-0.029419949278235435,-9.914523124694824,0.08825984597206116
1789382552823.3674,-0.029419949278235435,-9.914523124694824,0.08825984597206116
1789382552839.032,-0.009806649759411812,-9.914523124694824,0.06864655017852783
1789382552854.6968,-0.029419949278235435,-9.934136390686035,0.08825984597206116
1789382552870.3604,-0.029419949278235435,-9.914523124694824,0.10787314921617508
1789382552886.0251,-0.009806649759411812,-9.914523124694824,0.08825984597206116
1789382552901.6897,-0.029419949278235435,-9.934136390686035,0.08825984597206116
1789382552917.3535,-0.029419949278235435,-9.934136390686035,0.10787314921617508
1789382552933.017,-0.029419949278235435,-9.914523124694824,0.08825984597206116
1789382552948.6797,-0.009806649759411812,-9.934136390686035,0.06864655017852783
1789382552964.3445,-0.029419949278235435,-9.914523124694824,0.06864655017852783
1789382552980.0103,-0.009806649759411812,-9.934136390686035,0.10787314921617508
1789382552995.6748,-0.04903324693441391,-9.914523124694824,0.08825984597206116
1789382553011.3396,-0.029419949278235435,-9.914523124694824,0.06864655017852783
1789382553027.0032,-0.029419949278235435,-9.934136390686035,0.08825984597206116
1789382553042.669,-0.029419949278235435,-9.934136390686035,0.08825984597206116
1789382553058.3335,-0.029419949278235435,-9.934136390686035,0.06864655017852783
1789382553073.9983,-0.029419949278235435,-9.914523124694824,0.08825984597206116
1789382553089.662,-0.029419949278235435,-9.934136390686035,0.06864655017852783
1789382553105.3267,-0.029419949278235435,-9.934136390686035,0.08825984597206116
1789382553120.9905,-0.009806649759411812,-9.914523124694824,0.08825984597206116
1789382553136.655,-0.009806649759411812,-9.934136390686035,0.08825984597206116
1789382553152.3208,-0.029419949278235435,-9.934136390686035,0.06864655017852783
1789382553167.9856,-0.029419949278235435,-9.914523124694824,0.08825984597206116
1789382553183.6492,-0.029419949278235435,-9.914523124694824,0.10787314921617508
1789382553199.313,-0.029419949278235435,-9.934136390686035,0.08825984597206116
1789382553214.9768,-0.009806649759411812,-9.934136390686035,0.08825984597206116
1789382553230.6404,-0.029419949278235435,-9.894909858703613,0.08825984597206116
1789382553246.3062,-0.009806649759411812,-9.914523124694824,0.04903324693441391
1789382553261.972,-0.029419949278235435,-9.934136390686035,0.08825984597206116
1789382553277.6377,-0.029419949278235435,-9.934136390686035,0.08825984597206116
1789382553293.3035,-0.029419949278235435,-9.914523124694824,0.06864655017852783
1789382553308.967,-0.029419949278235435,-9.914523124694824,0.08825984597206116
1789382553324.6309,-0.009806649759411812,-9.934136390686035,0.08825984597206116
1789382553340.2947,-0.029419949278235435,-9.914523124694824,0.06864655017852783
1789382553355.9585,-0.009806649759411812,-9.914523124694824,0.08825984597206116
1789382553371.623,-0.009806649759411812,-9.934136390686035,0.08825984597206116
1789382553387.286,-0.029419949278235435,-9.934136390686035,0.08825984597206116
1789382553402.9497,-0.029419949278235435,-9.934136390686035,0.08825984597206116
1789382553418.6133,-0.029419949278235435,-9.914523124694824,0.06864655017852783
1789382553434.277,-0.009806649759411812,-9.934136390686035,0.04903324693441391
1789382553449.941,-0.029419949278235435,-9.934136390686035,0.06864655017852783
1789382553465.6047,-0.009806649759411812,-9.934136390686035,0.08825984597206116
1789382553481.2686,-0.009806649759411812,-9.934136390686035,0.08825984597206116
1789382553496.9321,-0.009806649759411812,-9.934136390686035,0.08825984597206116
1789382553512.598,-0.029419949278235435,-9.934136390686035,0.08825984597206116
1789382553528.2617,-0.029419949278235435,-9.914523124694824,0.08825984597206116
1789382553543.9265,-0.029419949278235435,-9.914523124694824,0.06864655017852783
1789382553559.5906,-0.029419949278235435,-9.914523124694824,0.08825984597206116
1789382553575.255,-0.029419949278235435,-9.934136390686035,0.08825984597206116
1789382553590.9202,-0.04903324693441391,-9.934136390686035,0.08825984597206116
1789382553606.5825,-0.029419949278235435,-9.894909858703613,0.08825984597206116
1789382553622.2458,-0.009806649759411812,-9.894909858703613,0.08825984597206116
1789382553637.9082,-0.029419949278235435,-9.934136390686035,0.08825984597206116
1789382553653.5703,-0.029419949278235435,-9.934136390686035,0.08825984597206116
1789382553669.2327,-0.029419949278235435,-9.914523124694824,0.08825984597206116
1789382553684.895,-0.009806649759411812,-9.934136390686035,0.08825984597206116
1789382553700.5583,-0.029419949278235435,-9.934136390686035,0.08825984597206116
1789382553716.2217,-0.029419949278235435,-9.934136390686035,0.10787314921617508
1789382553731.8848,-0.009806649759411812,-9.914523124694824,0.08825984597206116
1789382553747.547,-0.009806649759411812,-9.934136390686035,0.08825984597206116
1789382553763.2114,-0.0,-9.934136390686035,0.08825984597206116
1789382553778.8767,-0.029419949278235435,-9.934136390686035,0.10787314921617508
1789382553794.541,-0.04903324693441391,-9.934136390686035,0.06864655017852783
1789382553810.2053,-0.029419949278235435,-9.914523124694824,0.06864655017852783
1789382553825.8687,-0.029419949278235435,-9.934136390686035,0.08825984597206116
1789382553841.532,-0.029419949278235435,-9.934136390686035,0.08825984597206116
1789382553857.1953,-0.009806649759411812,-9.914523124694824,0.06864655017852783
1789382553872.8586,-0.029419949278235435,-9.914523124694824,0.06864655017852783
1789382553888.522,-0.029419949278235435,-9.934136390686035,0.08825984597206116
1789382553904.1882,-0.029419949278235435,-9.934136390686035,0.06864655017852783
1789382553919.8525,-0.009806649759411812,-9.934136390686035,0.10787314921617508
1789382553935.5159,-0.009806649759411812,-9.934136390686035,0.06864655017852783
1789382553951.1812,-0.029419949278235435,-9.914523124694824,0.08825984597206116
1789382553966.8445,-0.029419949278235435,-9.934136390686035,0.08825984597206116
1789382553982.5068,-0.029419949278235435,-9.934136390686035,0.08825984597206116
1789382553998.1692,-0.009806649759411812,-9.914523124694824,0.08825984597206116
1789382554013.8313,-0.029419949278235435,-9.914523124694824,0.08825984597206116
1789382554029.4946,-0.04903324693441391,-9.934136390686035,0.08825984597206116
1789382554045.157,-0.029419949278235435,-9.934136390686035,0.06864655017852783
1789382554060.8203,-0.009806649759411812,-9.914523124694824,0.06864655017852783
1789382554076.4817,-0.009806649759411812,-9.894909858703613,0.06864655017852783
1789382554092.144,-0.029419949278235435,-9.953749656677246,0.08825984597206116
1789382554107.8054,-0.04903324693441391,-9.953749656677246,0.08825984597206116
1789382554123.4675,-0.009806649759411812,-9.894909858703613,0.06864655017852783
1789382554139.1309,-0.0,-9.914523124694824,0.08825984597206116
1789382554154.7922,-0.029419949278235435,-9.953749656677246,0.10787314921617508
1789382554170.4546,-0.029419949278235435,-9.953749656677246,0.08825984597206116
1789382554186.118,-0.009806649759411812,-9.875296592712402,0.08825984597206116
1789382554201.7803,-0.009806649759411812,-9.894909858703613,0.06864655017852783
1789382554217.4426,-0.009806649759411812,-9.953749656677246,0.08825984597206116
1789382554233.105,-0.029419949278235435,-9.934136390686035,0.08825984597206116
1789382554248.7683,-0.029419949278235435,-9.894909858703613,0.06864655017852783
1789382554264.4307,-0.029419949278235435,-9.914523124694824,0.06864655017852783
1789382554280.093,-0.029419949278235435,-9.953749656677246,0.06864655017852783
1789382554295.7563,-0.029419949278235435,-9.934136390686035,0.06864655017852783
1789382554311.4197,-0.009806649759411812,-9.894909858703613,0.06864655017852783
1789382554327.083,-0.009806649759411812,-9.914523124694824,0.08825984597206116
1789382554342.7454,-0.04903324693441391,-9.953749656677246,0.06864655017852783
1789382554358.4097,-0.029419949278235435,-9.934136390686035,0.08825984597206116
1789382554374.074,-0.009806649759411812,-9.894909858703613,0.06864655017852783
1789382554389.7354,-0.009806649759411812,-9.934136390686035,0.10787314921617508
1789382554405.3977,-0.029419949278235435,-9.953749656677246,0.06864655017852783
1789382554421.062,-0.029419949278235435,-9.934136390686035,0.08825984597206116
1789382554436.7253,-0.029419949278235435,-9.914523124694824,0.08825984597206116
1789382554452.3896,-0.0,-9.934136390686035,0.08825984597206116
1789382554468.051,-0.009806649759411812,-9.953749656677246,0.06864655017852783
1789382554483.7134,-0.029419949278235435,-9.914523124694824,0.04903324693441391
1789382554499.3738,-0.029419949278235435,-9.894909858703613,0.04903324693441391
1789382554515.0361,-0.009806649759411812,-9.914523124694824,0.06864655017852783
1789382554530.6965,-0.0,-9.953749656677246,0.08825984597206116
1789382554546.3599,-0.029419949278235435,-9.934136390686035,0.08825984597206116
1789382554562.0222,-0.04903324693441391,-9.894909858703613,0.06864655017852783
1789382554577.6846,-0.009806649759411812,-9.894909858703613,0.08825984597206116
1789382554593.347,-0.009806649759411812,-9.953749656677246,0.10787314921617508
1789382554609.0093,-0.029419949278235435,-9.953749656677246,0.10787314921617508
1789382554624.6707,-0.029419949278235435,-9.894909858703613,0.029419949278235435
1789382554640.335,-0.029419949278235435,-9.894909858703613,0.06864655017852783
1789382554655.9973,-0.009806649759411812,-9.953749656677246,0.08825984597206116
1789382554671.6587,-0.029419949278235435,-9.934136390686035,0.08825984597206116
1789382554687.321,-0.009806649759411812,-9.894909858703613,0.08825984597206116
1789382554702.9834,-0.029419949278235435,-9.894909858703613,0.06864655017852783
1789382554718.6458,-0.029419949278235435,-9.934136390686035,0.08825984597206116
1789382554734.3071,-0.029419949278235435,-9.953749656677246,0.08825984597206116
1789382554749.9685,-0.0,-9.894909858703613,0.08825984597206116
1789382554765.63,-0.009806649759411812,-9.914523124694824,0.06864655017852783
1789382554781.2932,-0.04903324693441391,-9.953749656677246,0.06864655017852783
1789382554796.9578,-0.029419949278235435,-9.934136390686035,0.06864655017852783
1789382554812.622,-0.009806649759411812,-9.914523124694824,0.06864655017852783
1789382554828.2844,-0.009806649759411812,-9.934136390686035,0.08825984597206116
1789382554843.9468,-0.029419949278235435,-9.953749656677246,0.08825984597206116
1789382554859.6091,-0.029419949278235435,-9.934136390686035,0.10787314921617508
1789382554875.2715,-0.009806649759411812,-9.894909858703613,0.08825984597206116
1789382554890.9348,-0.029419949278235435,-9.934136390686035,0.10787314921617508
1789382554906.5962,-0.04903324693441391,-9.953749656677246,0.08825984597206116
1789382554922.2576,-0.029419949278235435,-9.914523124694824,0.08825984597206116
1789382554937.9211,-0.009806649759411812,-9.894909858703613,0.08825984597206116
1789382554953.5835,-0.029419949278235435,-9.934136390686035,0.06864655017852783
1789382554969.2478,-0.029419949278235435,-9.934136390686035,0.10787314921617508
1789382554984.9102,-0.029419949278235435,-9.914523124694824,0.08825984597206116
1789382555000.5715,-0.029419949278235435,-9.914523124694824,0.10787314921617508
1789382555016.233,-0.009806649759411812,-9.953749656677246,0.06864655017852783
1789382555031.8955,-0.009806649759411812,-9.934136390686035,0.08825984597206116
1789382555047.557,-0.029419949278235435,-9.914523124694824,0.08825984597206116
1789382555063.2202,-0.029419949278235435,-9.914523124694824,0.08825984597206116
1789382555078.8826,-0.009806649759411812,-9.934136390686035,0.08825984597206116
1789382555094.544,-0.009806649759411812,-9.914523124694824,0.08825984597206116
1789382555110.2053,-0.029419949278235435,-9.914523124694824,0.08825984597206116
1789382555125.8677,-0.029419949278235435,-9.934136390686035,0.08825984597206116
1789382555141.5312,-0.029419949278235435,-9.934136390686035,0.08825984597206116
1789382555157.1936,-0.029419949278235435,-9.914523124694824,0.06864655017852783
1789382555172.857,-0.029419949278235435,-9.914523124694824,0.10787314921617508
1789382555188.5193,-0.029419949278235435,-9.934136390686035,0.08825984597206116
1789382555204.1829,-0.009806649759411812,-9.934136390686035,0.08825984597206116
1789382555219.8452,-0.029419949278235435,-9.914523124694824,0.08825984597206116
1789382555235.5076,-0.029419949278235435,-9.953749656677246,0.06864655017852783
1789382555251.171,-0.029419949278235435,-9.914523124694824,0.10787314921617508
1789382555266.8345,-0.029419949278235435,-9.914523124694824,0.08825984597206116
1789382555282.4968,-0.009806649759411812,-9.914523124694824,0.06864655017852783
1789382555298.1562,-0.029419949278235435,-9.953749656677246,0.08825984597206116
1789382555313.8186,-0.029419949278235435,-9.934136390686035,0.08825984597206116
1789382555329.48,-0.009806649759411812,-9.914523124694824,0.08825984597206116
1789382555345.1414,-0.009806649759411812,-9.914523124694824,0.06864655017852783
1789382555360.8018,-0.029419949278235435,-9.934136390686035,0.06864655017852783
1789382555376.4653,-0.029419949278235435,-9.914523124694824,0.08825984597206116
1789382555392.1257,-0.009806649759411812,-9.914523124694824,0.08825984597206116
1789382555407.788,-0.029419949278235435,-9.934136390686035,0.08825984597206116
1789382555423.4495,-0.029419949278235435,-9.934136390686035,0.06864655017852783
1789382555439.112,-0.029419949278235435,-9.934136390686035,0.08825984597206116
1789382555454.7744,-0.009806649759411812,-9.914523124694824,0.04903324693441391
1789382555470.4358,-0.029419949278235435,-9.934136390686035,0.06864655017852783
1789382555486.0981,-0.029419949278235435,-9.953749656677246,0.08825984597206116
1789382555501.7617,-0.009806649759411812,-9.914523124694824,0.08825984597206116
1789382555517.425,-0.009806649759411812,-9.934136390686035,0.08825984597206116
1789382555533.0886,-0.029419949278235435,-9.934136390686035,0.08825984597206116
1789382555548.7507,-0.029419949278235435,-9.914523124694824,0.10787314921617508
1789382555564.412,-0.029419949278235435,-9.914523124694824,0.06864655017852783
1789382555580.0742,-0.029419949278235435,-9.934136390686035,0.06864655017852783
1789382555595.7356,-0.029419949278235435,-9.934136390686035,0.08825984597206116
1789382555611.3977,-0.04903324693441391,-9.914523124694824,0.06864655017852783
1789382555627.059,-0.009806649759411812,-9.914523124694824,0.06864655017852783
1789382555642.7212,-0.029419949278235435,-9.914523124694824,0.06864655017852783
1789382555658.3835,-0.009806649759411812,-9.934136390686035,0.06864655017852783
1789382555674.0457,-0.029419949278235435,-9.914523124694824,0.08825984597206116
1789382555689.71,-0.029419949278235435,-9.914523124694824,0.06864655017852783
1789382555705.3723,-0.009806649759411812,-9.934136390686035,0.08825984597206116
1789382555721.0344,-0.029419949278235435,-9.914523124694824,0.10787314921617508
1789382555736.6987,-0.009806649759411812,-9.914523124694824,0.06864655017852783
1789382555752.363,-0.009806649759411812,-9.914523124694824,0.06864655017852783
1789382555768.028,-0.029419949278235435,-9.934136390686035,0.08825984597206116
1789382555783.6914,-0.029419949278235435,-9.914523124694824,0.08825984597206116
1789382555799.3538,-0.029419949278235435,-9.914523124694824,0.08825984597206116
1789382555815.0168,-0.029419949278235435,-9.934136390686035,0.08825984597206116
1789382555830.6812,-0.029419949278235435,-9.934136390686035,0.08825984597206116
1789382555846.3445,-0.009806649759411812,-9.914523124694824,0.06864655017852783
1789382555862.0078,-0.029419949278235435,-9.914523124694824,0.10787314921617508
1789382555877.67,-0.029419949278235435,-9.934136390686035,0.08825984597206116
1789382555893.3323,-0.04903324693441391,-9.953749656677246,0.08825984597206116
1789382555908.9944,-0.009806649759411812,-9.934136390686035,0.06864655017852783
1789382555924.6558,-0.009806649759411812,-9.934136390686035,0.06864655017852783
1789382555940.3179,-0.029419949278235435,-9.934136390686035,0.06864655017852783
1789382555955.9783,-0.029419949278235435,-9.934136390686035,0.06864655017852783
1789382555971.6416,-0.029419949278235435,-9.914523124694824,0.06864655017852783
1789382555987.3037,-0.029419949278235435,-9.914523124694824,0.08825984597206116
1789382556002.967,-0.029419949278235435,-9.934136390686035,0.08825984597206116
1789382556018.6282,-0.029419949278235435,-9.934136390686035,0.08825984597206116
1789382556034.2905,-0.029419949278235435,-9.934136390686035,0.08825984597206116
1789382556049.951,-0.009806649759411812,-9.914523124694824,0.08825984597206116
1789382556065.613,-0.009806649759411812,-9.934136390686035,0.06864655017852783
1789382556081.2744,-0.009806649759411812,-9.934136390686035,0.06864655017852783
1789382556096.9375,-0.029419949278235435,-9.914523124694824,0.08825984597206116
1789382556112.5999,-0.029419949278235435,-9.934136390686035,0.06864655017852783
1789382556128.2622,-0.029419949278235435,-9.914523124694824,0.06864655017852783
1789382556143.9243,-0.029419949278235435,-9.934136390686035,0.08825984597206116
1789382556159.5896,-0.0,-9.934136390686035,0.127486452460289
1789382556175.252,-0.009806649759411812,-9.914523124694824,0.06864655017852783
1789382556190.9143,-0.06864655017852783,-9.973362922668457,0.009806649759411812
1789382556206.5764,-0.04903324693441391,-9.855683326721191,0.127486452460289
1789382556222.2397,-0.0,-9.934136390686035,0.04903324693441391
1789382556237.902,0.009806649759411812,-9.992976188659668,0.10787314921617508
1789382556253.5613,-0.04903324693441391,-9.894909858703613,0.10787314921617508
1789382556269.2227,-0.08825984597206116,-9.894909858703613,0.009806649759411812
1789382556284.8848,-0.029419949278235435,-9.914523124694824,0.127486452460289
1789382556300.547,0.009806649759411812,-9.992976188659668,0.08825984597206116
1789382556316.2073,-0.009806649759411812,-9.894909858703613,0.06864655017852783
1789382556331.8687,-0.04903324693441391,-9.875296592712402,0.10787314921617508
1789382556347.53,-0.04903324693441391,-9.973362922668457,0.06864655017852783
1789382556363.1921,-0.009806649759411812,-9.973362922668457,0.06864655017852783
1789382556378.8535,-0.0,-9.894909858703613,0.10787314921617508
1789382556394.5137,-0.029419949278235435,-9.914523124694824,0.04903324693441391
1789382556410.175,-0.04903324693441391,-9.953749656677246,0.10787314921617508
1789382556425.8384,-0.009806649759411812,-9.934136390686035,0.029419949278235435
1789382556441.5005,-0.0,-9.914523124694824,0.10787314921617508
1789382556457.1638,-0.029419949278235435,-9.934136390686035,0.06864655017852783
1789382556472.8281,-0.04903324693441391,-9.934136390686035,0.06864655017852783
1789382556488.4915,-0.0,-9.894909858703613,0.10787314921617508
1789382556504.1558,-0.009806649759411812,-9.934136390686035,0.04903324693441391
1789382556519.819,-0.029419949278235435,-9.934136390686035,0.10787314921617508
1789382556535.4812,-0.029419949278235435,-9.934136390686035,0.08825984597206116
1789382556551.1455,-0.029419949278235435,-9.914523124694824,0.06864655017852783
1789382556566.8108,-0.009806649759411812,-9.914523124694824,0.08825984597206116
1789382556582.4753,-0.029419949278235435,-9.953749656677246,0.08825984597206116
1789382556598.1396,-0.009806649759411812,-9.914523124694824,0.06864655017852783
1789382556613.803,-0.009806649759411812,-9.894909858703613,0.10787314921617508
1789382556629.4673,-0.04903324693441391,-9.953749656677246,0.06864655017852783
1789382556645.1306,-0.04903324693441391,-9.953749656677246,0.08825984597206116
1789382556660.796,-0.0,-9.875296592712402,0.10787314921617508
1789382556676.4592,-0.009806649759411812,-9.934136390686035,0.06864655017852783
1789382556692.1226,-0.06864655017852783,-9.934136390686035,0.08825984597206116
1789382556707.785,-0.029419949278235435,-9.894909858703613,0.04903324693441391
1789382556723.4492,-0.009806649759411812,-9.894909858703613,0.10787314921617508
1789382556739.1116,-0.029419949278235435,-9.953749656677246,0.08825984597206116
1789382556754.775,-0.029419949278235435,-9.973362922668457,0.06864655017852783
1789382556770.4392,-0.009806649759411812,-9.875296592712402,0.10787314921617508
1789382556786.1016,-0.029419949278235435,-9.894909858703613,0.04903324693441391
1789382556801.7617,-0.04903324693441391,-9.953749656677246,0.08825984597206116
1789382556817.4263,-0.029419949278235435,-9.973362922668457,0.08825984597206116
1789382556833.0896,-0.0,-9.875296592712402,0.06864655017852783
1789382556848.753,-0.009806649759411812,-9.894909858703613,0.10787314921617508
1789382556864.4163,-0.029419949278235435,-9.973362922668457,0.08825984597206116
1789382556880.0786,-0.04903324693441391,-9.973362922668457,0.10787314921617508
1789382556895.742,-0.009806649759411812,-9.875296592712402,0.10787314921617508
1789382556911.4033,-0.009806649759411812,-9.894909858703613,0.08825984597206116
1789382556927.0645,-0.04903324693441391,-9.973362922668457,0.08825984597206116
1789382556942.7268,-0.029419949278235435,-9.953749656677246,0.08825984597206116
1789382556958.3901,-0.009806649759411812,-9.875296592712402,0.06864655017852783
1789382556974.0535,-0.009806649759411812,-9.914523124694824,0.04903324693441391
1789382556989.7148,-0.04903324693441391,-9.973362922668457,0.08825984597206116
1789382557005.3782,-0.029419949278235435,-9.934136390686035,0.04903324693441391
1789382557021.0415,-0.009806649759411812,-9.855683326721191,0.08825984597206116
1789382557036.7039,-0.009806649759411812,-9.934136390686035,0.04903324693441391
1789382557052.3662,-0.029419949278235435,-9.953749656677246,0.10787314921617508
1789382557068.0295,-0.029419949278235435,-9.934136390686035,0.06864655017852783
1789382557083.693,-0.009806649759411812,-9.894909858703613,0.08825984597206116
1789382557099.3574,-0.009806649759411812,-9.914523124694824,0.10787314921617508
1789382557115.0217,-0.029419949278235435,-9.934136390686035,0.06864655017852783
1789382557130.686,-0.029419949278235435,-9.914523124694824,0.08825984597206116
1789382557146.3513,-0.009806649759411812,-9.875296592712402,0.08825984597206116
1789382557162.0159,-0.029419949278235435,-9.934136390686035,0.04903324693441391
1789382557177.6792,-0.009806649759411812,-9.934136390686035,0.08825984597206116
1789382557193.3425,-0.029419949278235435,-9.934136390686035,0.08825984597206116
1789382557209.0068,-0.029419949278235435,-9.914523124694824,0.06864655017852783
1789382557224.6702,-0.029419949278235435,-9.914523124694824,0.06864655017852783
1789382557240.3335,-0.009806649759411812,-9.934136390686035,0.06864655017852783
1789382557255.9968,-0.029419949278235435,-9.914523124694824,0.10787314921617508
1789382557271.6614,-0.029419949278235435,-9.914523124694824,0.06864655017852783
1789382557287.3257,-0.04903324693441391,-9.934136390686035,0.06864655017852783
1789382557302.987,-0.029419949278235435,-9.934136390686035,0.10787314921617508
1789382557318.6504,-0.029419949278235435,-9.934136390686035,0.08825984597206116
1789382557334.3137,-0.029419949278235435,-9.934136390686035,0.08825984597206116
1789382557349.976,-0.029419949278235435,-9.934136390686035,0.04903324693441391
1789382557365.6375,-0.029419949278235435,-9.914523124694824,0.06864655017852783
1789382557381.3008,-0.029419949278235435,-9.914523124694824,0.08825984597206116
1789382557396.965,-0.029419949278235435,-9.934136390686035,0.08825984597206116
1789382557412.6296,-0.029419949278235435,-9.934136390686035,0.08825984597206116
1789382557428.294,-0.029419949278235435,-9.914523124694824,0.06864655017852783
1789382557443.9573,-0.029419949278235435,-9.934136390686035,0.08825984597206116
1789382557459.6206,-0.029419949278235435,-9.934136390686035,0.06864655017852783
1789382557475.284,-0.029419949278235435,-9.934136390686035,0.06864655017852783
1789382557490.9453,-0.009806649759411812,-9.914523124694824,0.08825984597206116
1789382557506.609,-0.029419949278235435,-9.914523124694824,0.06864655017852783
1789382557522.2712,-0.029419949278235435,-9.934136390686035,0.06864655017852783
1789382557537.9326,-0.009806649759411812,-9.934136390686035,0.08825984597206116
1789382557553.5933,-0.04903324693441391,-9.934136390686035,0.06864655017852783
1789382557569.2544,-0.009806649759411812,-9.914523124694824,0.08825984597206116
1789382557584.9153,-0.029419949278235435,-9.934136390686035,0.08825984597206116
1789382557600.5774,-0.029419949278235435,-9.934136390686035,0.08825984597206116
1789382557616.2395,-0.029419949278235435,-9.914523124694824,0.08825984597206116
1789382557631.9016,-0.029419949278235435,-9.914523124694824,0.08825984597206116
1789382557647.5637,-0.009806649759411812,-9.934136390686035,0.06864655017852783
1789382557663.2268,-0.04903324693441391,-9.934136390686035,0.06864655017852783
1789382557678.8918,-0.04903324693441391,-9.914523124694824,0.06864655017852783
1789382557694.556,-0.009806649759411812,-9.914523124694824,0.08825984597206116
1789382557710.219,-0.009806649759411812,-9.953749656677246,0.08825984597206116
1789382557725.883,-0.029419949278235435,-9.953749656677246,0.08825984597206116
1789382557741.547,-0.029419949278235435,-9.914523124694824,0.06864655017852783
1789382557757.2102,-0.029419949278235435,-9.894909858703613,0.08825984597206116
1789382557772.8745,-0.029419949278235435,-9.953749656677246,0.08825984597206116
1789382557788.5366,-0.009806649759411812,-9.934136390686035,0.10787314921617508
1789382557804.1975,-0.009806649759411812,-9.914523124694824,0.06864655017852783
1789382557819.8586,-0.029419949278235435,-9.914523124694824,0.06864655017852783
1789382557835.5217,-0.04903324693441391,-9.953749656677246,0.06864655017852783
1789382557851.1848,-0.029419949278235435,-9.914523124694824,0.08825984597206116
1789382557866.847,-0.009806649759411812,-9.914523124694824,0.08825984597206116
1789382557882.508,-0.009806649759411812,-9.934136390686035,0.08825984597206116
1789382557898.1702,-0.029419949278235435,-9.934136390686035,0.06864655017852783
1789382557913.8342,-0.029419949278235435,-9.894909858703613,0.08825984597206116
1789382557929.4963,-0.029419949278235435,-9.914523124694824,0.08825984597206116
1789382557945.1604,-0.029419949278235435,-9.953749656677246,0.10787314921617508
1789382557960.8215,-0.029419949278235435,-9.934136390686035,0.06864655017852783
1789382557976.4836,-0.029419949278235435,-9.875296592712402,0.08825984597206116
1789382557992.1458,-0.029419949278235435,-9.934136390686035,0.08825984597206116
1789382558007.8088,-0.009806649759411812,-9.953749656677246,0.06864655017852783
1789382558023.471,-0.0,-9.894909858703613,0.08825984597206116
1789382558039.1328,-0.009806649759411812,-9.914523124694824,0.08825984597206116
1789382558054.797,-0.04903324693441391,-9.953749656677246,0.08825984597206116
1789382558070.459,-0.04903324693441391,-9.953749656677246,0.08825984597206116
1789382558086.121,-0.009806649759411812,-9.914523124694824,0.06864655017852783
1789382558101.7842,-0.029419949278235435,-9.934136390686035,0.08825984597206116
1789382558117.4473,-0.029419949278235435,-9.934136390686035,0.08825984597206116
1789382558133.1104,-0.029419949278235435,-9.934136390686035,0.06864655017852783
1789382558148.7725,-0.009806649759411812,-9.914523124694824,0.08825984597206116
1789382558164.4346,-0.029419949278235435,-9.934136390686035,0.08825984597206116
1789382558180.0967,-0.029419949278235435,-9.953749656677246,0.08825984597206116
1789382558195.7607,-0.009806649759411812,-9.894909858703613,0.10787314921617508
1789382558211.4229,-0.009806649759411812,-9.914523124694824,0.06864655017852783
1789382558227.086,-0.04903324693441391,-9.973362922668457,0.08825984597206116
1789382558242.749,-0.04903324693441391,-9.934136390686035,0.06864655017852783
1789382558258.413,0.009806649759411812,-9.894909858703613,0.06864655017852783
1789382558274.0774,0.009806649759411812,-9.934136390686035,0.10787314921617508
1789382558289.7405,-0.04903324693441391,-9.973362922668457,0.06864655017852783
1789382558305.4045,-0.08825984597206116,-9.914523124694824,0.08825984597206116
1789382558321.0686,-0.009806649759411812,-9.875296592712402,0.04903324693441391
1789382558336.7336,0.009806649759411812,-9.934136390686035,0.10787314921617508
1789382558352.3948,-0.009806649759411812,-9.973362922668457,0.08825984597206116
1789382558368.0579,-0.04903324693441391,-9.914523124694824,0.06864655017852783
1789382558383.721,-0.009806649759411812,-9.855683326721191,0.06864655017852783
1789382558399.386,-0.009806649759411812,-9.934136390686035,0.06864655017852783
1789382558415.05,-0.029419949278235435,-9.992976188659668,0.127486452460289
1789382558430.714,-0.029419949278235435,-9.934136390686035,0.08825984597206116
1789382558446.3794,-0.04903324693441391,-9.855683326721191,0.029419949278235435
1789382558462.0425,-0.029419949278235435,-9.894909858703613,0.06864655017852783
1789382558477.7075,-0.04903324693441391,-10.012589454650879,0.08825984597206116
1789382558493.3706,-0.0,-9.934136390686035,0.10787314921617508
1789382558509.0347,0.009806649759411812,-9.855683326721191,0.06864655017852783
1789382558524.6968,-0.04903324693441391,-9.934136390686035,0.08825984597206116
1789382558540.3599,-0.06864655017852783,-9.973362922668457,0.06864655017852783
1789382558556.022,-0.009806649759411812,-9.894909858703613,0.08825984597206116
1789382558571.6873,0.009806649759411812,-9.875296592712402,0.08825984597206116
1789382558587.3503,-0.029419949278235435,-9.973362922668457,0.08825984597206116
1789382558603.0134,-0.04903324693441391,-9.973362922668457,0.08825984597206116
1789382558618.6785,-0.009806649759411812,-9.875296592712402,0.04903324693441391
1789382558634.3428,-0.0,-9.894909858703613,0.06864655017852783
1789382558650.0068,-0.029419949278235435,-9.973362922668457,0.06864655017852783
1789382558665.6719,-0.029419949278235435,-9.934136390686035,0.08825984597206116
1789382558681.3362,-0.0,-9.875296592712402,0.08825984597206116
1789382558696.9983,-0.04903324693441391,-9.934136390686035,0.04903324693441391
1789382558712.6604,-0.06864655017852783,-9.973362922668457,0.06864655017852783
1789382558728.3245,0.009806649759411812,-9.894909858703613,0.10787314921617508
1789382558743.9885,0.009806649759411812,-9.914523124694824,0.08825984597206116
1789382558759.6497,-0.04903324693441391,-9.953749656677246,0.08825984597206116
1789382558775.313,-0.06864655017852783,-9.953749656677246,0.04903324693441391
1789382558790.978,-0.0,-9.855683326721191,0.08825984597206116
1789382558806.6401,-0.0,-9.934136390686035,0.10787314921617508
1789382558822.3032,-0.04903324693441391,-9.992976188659668,0.08825984597206116
1789382558837.9675,-0.04903324693441391,-9.894909858703613,0.06864655017852783
1789382558853.6306,0.009806649759411812,-9.81645679473877,0.08825984597206116
1789382558869.2917,-0.0,-9.953749656677246,0.10787314921617508
1789382558884.9539,-0.06864655017852783,-10.03220272064209,0.06864655017852783
1789382558900.616,-0.029419949278235435,-9.875296592712402,0.06864655017852783
1789382558916.281,0.009806649759411812,-9.81645679473877,0.06864655017852783
1789382558931.9421,-0.04903324693441391,-10.012589454650879,0.08825984597206116
1789382558947.6064,-0.08825984597206116,-10.03220272064209,0.10787314921617508
1789382558963.2705,-0.0,-9.81645679473877,0.06864655017852783
1789382558978.9326,0.029419949278235435,-9.83607006072998,0.06864655017852783
1789382558994.5938,-0.04903324693441391,-10.03220272064209,0.08825984597206116
1789382559010.2559,-0.08825984597206116,-10.03220272064209,0.06864655017852783
1789382559025.918,0.009806649759411812,-9.806650161743164,0.06864655017852783
1789382559041.579,0.029419949278235435,-9.855683326721191,0.08825984597206116
1789382559057.2393,-0.06864655017852783,-10.071429252624512,0.08825984597206116
1789382559072.9004,-0.06864655017852783,-9.973362922668457,0.08825984597206116
1789382559088.5627,-0.0,-9.767423629760742,0.04903324693441391
1789382559104.2249,-0.0,-9.894909858703613,0.08825984597206116
1789382559119.887,-0.04903324693441391,-10.0518159866333,0.10787314921617508
1789382559135.55,-0.009806649759411812,-9.934136390686035,0.10787314921617508
1789382559151.2131,-0.009806649759411812,-9.81645679473877,0.06864655017852783
1789382559166.8774,-0.04903324693441391,-9.934136390686035,0.04903324693441391
1789382559182.5396,-0.029419949278235435,-10.012589454650879,0.08825984597206116
1789382559198.2036,0.009806649759411812,-9.914523124694824,0.10787314921617508
1789382559213.8667,-0.009806649759411812,-9.894909858703613,0.08825984597206116
1789382559229.53,-0.08825984597206116,-9.953749656677246,0.04903324693441391
1789382559245.193,-0.04903324693441391,-9.934136390686035,0.04903324693441391
1789382559260.8562,0.029419949278235435,-9.894909858703613,0.10787314921617508
1789382559276.5164,-0.029419949278235435,-9.953749656677246,0.08825984597206116
1789382559292.1775,-0.06864655017852783,-9.953749656677246,0.04903324693441391
1789382559307.8406,-0.029419949278235435,-9.855683326721191,0.04903324693441391
1789382559323.5027,-0.0,-9.914523124694824,0.10787314921617508
1789382559339.167,-0.029419949278235435,-10.012589454650879,0.08825984597206116
1789382559354.832,-0.04903324693441391,-9.953749656677246,0.06864655017852783
1789382559370.4963,-0.0,-9.81645679473877,0.04903324693441391
1789382559386.1614,-0.009806649759411812,-9.914523124694824,0.08825984597206116
1789382559401.8276,-0.04903324693441391,-10.03220272064209,0.08825984597206116
1789382559417.4927,-0.009806649759411812,-9.934136390686035,0.08825984597206116
1789382559433.159,0.009806649759411812,-9.81645679473877,0.08825984597206116
1789382559448.822,-0.009806649759411812,-9.934136390686035,0.06864655017852783
1789382559464.487,-0.06864655017852783,-10.012589454650879,0.08825984597206116
1789382559480.1533,-0.009806649759411812,-9.914523124694824,0.06864655017852783
1789382559495.8174,0.029419949278235435,-9.855683326721191,0.08825984597206116
1789382559511.4785,-0.029419949278235435,-9.953749656677246,0.06864655017852783
1789382559527.1436,-0.08825984597206116,-9.992976188659668,0.08825984597206116
1789382559542.8088,-0.029419949278235435,-9.875296592712402,0.08825984597206116
1789382559558.475,0.009806649759411812,-9.875296592712402,0.08825984597206116
1789382559574.139,-0.029419949278235435,-9.973362922668457,0.06864655017852783
1789382559589.8027,-0.04903324693441391,-9.953749656677246,0.08825984597206116
1789382559605.4675,-0.009806649759411812,-9.894909858703613,0.08825984597206116
1789382559621.1301,-0.009806649759411812,-9.894909858703613,0.06864655017852783
1789382559636.793,-0.009806649759411812,-9.953749656677246,0.04903324693441391
1789382559652.4578,-0.04903324693441391,-9.934136390686035,0.08825984597206116
1789382559668.1216,-0.029419949278235435,-9.875296592712402,0.08825984597206116
1789382559683.7844,-0.009806649759411812,-9.914523124694824,0.06864655017852783
1789382559699.4473,-0.009806649759411812,-9.953749656677246,0.06864655017852783
1789382559715.113,-0.009806649759411812,-9.914523124694824,0.06864655017852783
1789382559730.7769,-0.029419949278235435,-9.914523124694824,0.08825984597206116
1789382559746.4407,-0.029419949278235435,-9.934136390686035,0.06864655017852783
1789382559762.1035,-0.009806649759411812,-9.953749656677246,0.06864655017852783
1789382559777.7651,-0.009806649759411812,-9.894909858703613,0.08825984597206116
1789382559793.429,-0.009806649759411812,-9.934136390686035,0.08825984597206116
1789382559809.094,-0.04903324693441391,-9.953749656677246,0.04903324693441391
1789382559824.7588,-0.009806649759411812,-9.934136390686035,0.04903324693441391
1789382559840.4226,-0.0,-9.894909858703613,0.08825984597206116
1789382559856.0864,-0.009806649759411812,-9.953749656677246,0.08825984597206116
1789382559871.7502,-0.06864655017852783,-9.953749656677246,0.08825984597206116
1789382559887.416,-0.029419949278235435,-9.914523124694824,0.08825984597206116
1789382559903.0798,-0.009806649759411812,-9.894909858703613,0.06864655017852783
1789382559918.7427,-0.009806649759411812,-9.953749656677246,0.06864655017852783
1789382559934.4104,-0.029419949278235435,-9.973362922668457,0.06864655017852783
1789382559950.0754,-0.009806649759411812,-9.914523124694824,0.06864655017852783
1789382559965.7402,-0.009806649759411812,-9.894909858703613,0.06864655017852783
1789382559981.405,-0.029419949278235435,-9.953749656677246,0.06864655017852783
1789382559997.0718,-0.029419949278235435,-9.953749656677246,0.08825984597206116
1789382560012.7368,-0.029419949278235435,-9.914523124694824,0.06864655017852783
1789382560028.4055,-0.009806649759411812,-9.914523124694824,0.08825984597206116
1789382560044.0745,-0.029419949278235435,-9.973362922668457,0.08825984597206116
1789382560059.7434,-0.009806649759411812,-9.953749656677246,0.08825984597206116
1789382560075.4102,-0.0,-9.894909858703613,0.06864655017852783
1789382560091.076,-0.009806649759411812,-9.914523124694824,0.06864655017852783
1789382560106.743,-0.029419949278235435,-9.953749656677246,0.06864655017852783
1789382560122.4097,-0.029419949278235435,-9.953749656677246,0.06864655017852783
1789382560138.0757,-0.009806649759411812,-9.894909858703613,0.06864655017852783
1789382560153.7415,-0.009806649759411812,-9.914523124694824,0.06864655017852783
1789382560169.4065,-0.029419949278235435,-9.953749656677246,0.06864655017852783
1789382560185.0703,-0.029419949278235435,-9.934136390686035,0.10787314921617508
1789382560200.7341,-0.0,-9.894909858703613,0.08825984597206116
1789382560216.399,-0.0,-9.914523124694824,0.08825984597206116
1789382560232.063,-0.029419949278235435,-9.953749656677246,0.04903324693441391
1789382560247.7258,-0.029419949278235435,-9.914523124694824,0.06864655017852783
1789382560263.3896,-0.0,-9.894909858703613,0.06864655017852783
1789382560279.0525,-0.009806649759411812,-9.934136390686035,0.04903324693441391
1789382560294.7166,-0.029419949278235435,-9.953749656677246,0.08825984597206116
1789382560310.3813,-0.029419949278235435,-9.934136390686035,0.04903324693441391
1789382560326.0452,-0.009806649759411812,-9.894909858703613,0.08825984597206116
1789382560341.7083,-0.029419949278235435,-9.934136390686035,0.08825984597206116
1789382560357.372,-0.009806649759411812,-9.934136390686035,0.08825984597206116
1789382560373.038,-0.0,-9.914523124694824,0.06864655017852783
1789382560388.701,-0.009806649759411812,-9.914523124694824,0.06864655017852783
1789382560404.3647,-0.04903324693441391,-9.953749656677246,0.06864655017852783
1789382560420.0298,-0.009806649759411812,-9.934136390686035,0.06864655017852783
1789382560435.6946,-0.0,-9.914523124694824,0.08825984597206116
1789382560451.3596,-0.029419949278235435,-9.914523124694824,0.06864655017852783
1789382560467.0254,-0.04903324693441391,-9.953749656677246,0.06864655017852783
1789382560482.6914,-0.029419949278235435,-9.914523124694824,0.06864655017852783
1789382560498.3574,-0.009806649759411812,-9.914523124694824,0.06864655017852783
1789382560514.0222,-0.009806649759411812,-9.953749656677246,0.08825984597206116
1789382560529.6863,-0.04903324693441391,-9.934136390686035,0.06864655017852783
1789382560545.351,-0.029419949278235435,-9.894909858703613,0.06864655017852783
1789382560561.0156,-0.009806649759411812,-9.914523124694824,0.08825984597206116
1789382560576.6807,-0.029419949278235435,-9.953749656677246,0.08825984597206116
1789382560592.3457,-0.009806649759411812,-9.934136390686035,0.04903324693441391
1789382560608.0107,-0.009806649759411812,-9.894909858703613,0.08825984597206116
1789382560623.6738,-0.029419949278235435,-9.934136390686035,0.06864655017852783
1789382560639.337,-0.029419949278235435,-9.973362922668457,0.06864655017852783
1789382560655.001,-0.009806649759411812,-9.934136390686035,0.08825984597206116
1789382560670.664,-0.0,-9.894909858703613,0.04903324693441391
1789382560686.3281,-0.029419949278235435,-9.934136390686035,0.08825984597206116
1789382560701.9932,-0.04903324693441391,-9.973362922668457,0.06864655017852783
1789382560717.6592,-0.009806649759411812,-9.914523124694824,0.10787314921617508
1789382560733.3245,-0.0,-9.894909858703613,0.08825984597206116
1789382560748.9885,-0.04903324693441391,-9.973362922668457,0.06864655017852783
1789382560764.6536,-0.029419949278235435,-9.953749656677246,0.10787314921617508
1789382560780.3206,-0.009806649759411812,-9.875296592712402,0.06864655017852783
1789382560795.9856,-0.009806649759411812,-9.934136390686035,0.06864655017852783
1789382560811.6497,-0.029419949278235435,-9.953749656677246,0.08825984597206116
1789382560827.3147,-0.029419949278235435,-9.934136390686035,0.06864655017852783
1789382560842.9778,-0.0,-9.875296592712402,0.08825984597206116
1789382560858.6409,-0.029419949278235435,-9.934136390686035,0.06864655017852783
1789382560874.305,-0.029419949278235435,-9.953749656677246,0.06864655017852783
1789382560889.968,-0.009806649759411812,-9.894909858703613,0.06864655017852783
1789382560905.632,-0.009806649759411812,-9.894909858703613,0.06864655017852783
1789382560921.2961,-0.009806649759411812,-9.934136390686035,0.08825984597206116
1789382560936.9602,-0.029419949278235435,-9.973362922668457,0.08825984597206116
1789382560952.6252,-0.009806649759411812,-9.914523124694824,0.06864655017852783
1789382560968.2915,-0.009806649759411812,-9.894909858703613,0.10787314921617508
1789382560983.9556,-0.029419949278235435,-9.973362922668457,0.08825984597206116
1789382560999.6206,-0.029419949278235435,-9.953749656677246,0.08825984597206116
1789382561015.2856,-0.009806649759411812,-9.914523124694824,0.06864655017852783
1789382561030.9507,-0.029419949278235435,-9.894909858703613,0.08825984597206116
1789382561046.6147,-0.029419949278235435,-9.973362922668457,0.06864655017852783
1789382561062.2798,-0.029419949278235435,-9.934136390686035,0.06864655017852783
1789382561077.9438,-0.009806649759411812,-9.894909858703613,0.08825984597206116
1789382561093.609,-0.009806649759411812,-9.914523124694824,0.08825984597206116
1789382561109.273,-0.009806649759411812,-9.953749656677246,0.06864655017852783
1789382561124.938,-0.009806649759411812,-9.914523124694824,0.08825984597206116
1789382561140.602,-0.009806649759411812,-9.914523124694824,0.06864655017852783
1789382561156.266,-0.009806649759411812,-9.953749656677246,0.08825984597206116
1789382561171.9312,-0.04903324693441391,-9.934136390686035,0.08825984597206116
1789382561187.5955,-0.029419949278235435,-9.914523124694824,0.08825984597206116
1789382561203.2605,-0.009806649759411812,-9.914523124694824,0.06864655017852783
1789382561218.9265,-0.029419949278235435,-9.934136390686035,0.08825984597206116
1789382561234.5916,-0.029419949278235435,-9.934136390686035,0.04903324693441391
1789382561250.2546,-0.029419949278235435,-9.914523124694824,0.08825984597206116
1789382561265.9187,-0.009806649759411812,-9.914523124694824,0.08825984597206116
1789382561281.5818,-0.009806649759411812,-9.934136390686035,0.08825984597206116
1789382561297.2449,-0.029419949278235435,-9.953749656677246,0.06864655017852783
1789382561312.908,-0.029419949278235435,-9.914523124694824,0.06864655017852783
1789382561328.571,-0.009806649759411812,-9.914523124694824,0.06864655017852783
1789382561344.2341,-0.009806649759411812,-9.934136390686035,0.08825984597206116
1789382561359.897,-0.04903324693441391,-9.953749656677246,0.08825984597206116
1789382561375.5613,-0.009806649759411812,-9.934136390686035,0.04903324693441391
1789382561391.224,-0.029419949278235435,-9.914523124694824,0.08825984597206116
1789382561406.8882,-0.029419949278235435,-9.934136390686035,0.10787314921617508
1789382561422.5525,-0.029419949278235435,-9.953749656677246,0.08825984597206116
1789382561438.2166,-0.009806649759411812,-9.934136390686035,0.06864655017852783
1789382561453.8794,-0.0,-9.894909858703613,0.08825984597206116
1789382561469.5435,-0.029419949278235435,-9.953749656677246,0.06864655017852783
1789382561485.2087,-0.029419949278235435,-9.934136390686035,0.06864655017852783
1789382561500.8718,-0.0,-9.914523124694824,0.06864655017852783
1789382561516.5347,-0.0,-9.894909858703613,0.08825984597206116
1789382561532.1987,-0.029419949278235435,-9.953749656677246,0.08825984597206116
1789382561547.863,-0.029419949278235435,-9.934136390686035,0.08825984597206116
1789382561563.527,-0.009806649759411812,-9.894909858703613,0.06864655017852783
1789382561579.19,-0.009806649759411812,-9.914523124694824,0.08825984597206116
1789382561594.856,-0.029419949278235435,-9.973362922668457,0.08825984597206116
1789382561610.52,-0.029419949278235435,-9.914523124694824,0.08825984597206116
1789382561626.184,-0.009806649759411812,-9.894909858703613,0.08825984597206116
1789382561641.849,-0.009806649759411812,-9.934136390686035,0.06864655017852783
1789382561657.5122,-0.029419949278235435,-9.953749656677246,0.08825984597206116
1789382561673.1772,-0.009806649759411812,-9.914523124694824,0.08825984597206116
1789382561688.8423,-0.029419949278235435,-9.934136390686035,0.08825984597206116
1789382561704.5063,-0.029419949278235435,-9.953749656677246,0.08825984597206116
1789382561720.1724,-0.029419949278235435,-9.953749656677246,0.06864655017852783
1789382561735.8364,-0.009806649759411812,-9.914523124694824,0.06864655017852783
1789382561751.5015,-0.029419949278235435,-9.934136390686035,0.08825984597206116
1789382561767.1646,-0.029419949278235435,-9.934136390686035,0.08825984597206116
1789382561782.8276,-0.029419949278235435,-9.934136390686035,0.08825984597206116
1789382561798.4907,-0.009806649759411812,-9.914523124694824,0.06864655017852783
1789382561814.1548,-0.029419949278235435,-9.934136390686035,0.06864655017852783
1789382561829.8188,-0.029419949278235435,-9.953749656677246,0.06864655017852783
1789382561845.4807,-0.009806649759411812,-9.934136390686035,0.06864655017852783
1789382561861.1438,-0.029419949278235435,-9.914523124694824,0.08825984597206116
1789382561876.807,-0.029419949278235435,-9.953749656677246,0.06864655017852783
1789382561892.471,-0.009806649759411812,-9.953749656677246,0.06864655017852783
1789382561908.135,-0.009806649759411812,-9.894909858703613,0.06864655017852783
1789382561923.801,-0.04903324693441391,-9.934136390686035,0.04903324693441391
1789382561939.466,-0.04903324693441391,-9.934136390686035,0.10787314921617508
1789382561955.132,-0.0,-9.934136390686035,0.06864655017852783
1789382561970.797,-0.009806649759411812,-9.914523124694824,0.06864655017852783
1789382561986.4612,-0.029419949278235435,-9.953749656677246,0.08825984597206116
1789382562002.1243,-0.029419949278235435,-9.934136390686035,0.06864655017852783
1789382562017.7893,-0.029419949278235435,-9.894909858703613,0.10787314921617508
1789382562033.4524,-0.009806649759411812,-9.934136390686035,0.06864655017852783
1789382562049.1155,-0.04903324693441391,-9.934136390686035,0.06864655017852783
1789382562064.7786,-0.009806649759411812,-9.914523124694824,0.06864655017852783
1789382562080.4404,-0.009806649759411812,-9.914523124694824,0.06864655017852783
1789382562096.1055,-0.009806649759411812,-9.934136390686035,0.08825984597206116
1789382562111.7686,-0.029419949278235435,-9.953749656677246,0.06864655017852783
1789382562127.4326,-0.029419949278235435,-9.914523124694824,0.08825984597206116
1789382562143.0967,-0.009806649759411812,-9.914523124694824,0.08825984597206116
1789382562158.7617,-0.009806649759411812,-9.934136390686035,0.06864655017852783
1789382562174.4248,-0.029419949278235435,-9.953749656677246,0.06864655017852783
1789382562190.0889,-0.009806649759411812,-9.875296592712402,0.08825984597206116
1789382562205.755,-0.009806649759411812,-9.914523124694824,0.06864655017852783
1789382562221.42,-0.009806649759411812,-9.953749656677246,0.06864655017852783
1789382562237.084,-0.029419949278235435,-9.953749656677246,0.06864655017852783
1789382562252.748,-0.009806649759411812,-9.894909858703613,0.06864655017852783
1789382562268.414,-0.029419949278235435,-9.914523124694824,0.06864655017852783
1789382562284.08,-0.029419949278235435,-9.953749656677246,0.08825984597206116
1789382562299.745,-0.009806649759411812,-9.914523124694824,0.06864655017852783
1789382562315.412,-0.009806649759411812,-9.894909858703613,0.06864655017852783
1789382562331.0781,-0.009806649759411812,-9.934136390686035,0.06864655017852783
1789382562346.7432,-0.029419949278235435,-9.934136390686035,0.06864655017852783
1789382562362.4092,-0.029419949278235435,-9.934136390686035,0.06864655017852783
1789382562378.0742,-0.009806649759411812,-9.894909858703613,0.08825984597206116
1789382562393.7373,-0.009806649759411812,-9.934136390686035,0.08825984597206116
1789382562409.3994,-0.029419949278235435,-9.934136390686035,0.08825984597206116
1789382562425.0615,-0.009806649759411812,-9.934136390686035,0.08825984597206116
1789382562440.7244,-0.029419949278235435,-9.894909858703613,0.06864655017852783
1789382562456.3865,-0.009806649759411812,-9.934136390686035,0.08825984597206116
1789382562472.0496,-0.029419949278235435,-9.934136390686035,0.08825984597206116
1789382562487.7146,-0.009806649759411812,-9.934136390686035,0.08825984597206116
1789382562503.3796,-0.009806649759411812,-9.934136390686035,0.06864655017852783
1789382562519.0427,-0.029419949278235435,-9.934136390686035,0.06864655017852783
1789382562534.7058,-0.009806649759411812,-9.934136390686035,0.06864655017852783
1789382562550.3677,-0.009806649759411812,-9.934136390686035,0.08825984597206116
1789382562566.0317,-0.009806649759411812,-9.914523124694824,0.06864655017852783
1789382562581.695,-0.029419949278235435,-9.934136390686035,0.06864655017852783
1789382562597.36,-0.009806649759411812,-9.914523124694824,0.10787314921617508
1789382562613.0251,-0.009806649759411812,-9.934136390686035,0.08825984597206116
1789382562628.6882,-0.009806649759411812,-9.934136390686035,0.08825984597206116
1789382562644.3525,-0.009806649759411812,-9.914523124694824,0.08825984597206116
1789382562660.0156,-0.009806649759411812,-9.914523124694824,0.06864655017852783
1789382562675.6797,-0.009806649759411812,-9.934136390686035,0.08825984597206116
1789382562691.3438,-0.009806649759411812,-9.934136390686035,0.08825984597206116
1789382562707.01,-0.009806649759411812,-9.934136390686035,0.08825984597206116
1789382562722.674,-0.009806649759411812,-9.934136390686035,0.06864655017852783
1789382562738.339,-0.029419949278235435,-9.934136390686035,0.10787314921617508
1789382562754.0042,-0.029419949278235435,-9.914523124694824,0.08825984597206116
1789382562769.6704,-0.029419949278235435,-9.934136390686035,0.04903324693441391
1789382562785.3345,-0.009806649759411812,-9.934136390686035,0.06864655017852783
1789383206467.734,9.63012981414795,-0.6668521761894226,0.32361945509910583
1789383206483.3987,9.590903282165527,-0.6864655017852783,0.34323275089263916
1789383206499.0642,9.63012981414795,-0.6864655017852783,0.32361945509910583
1789383206514.7288,9.64974308013916,-0.6668521761894226,0.34323275089263916
1789383206530.3945,9.63012981414795,-0.6668521761894226,0.32361945509910583
1789383206546.0613,9.590903282165527,-0.6668521761894226,0.32361945509910583
1789383206561.7268,9.590903282165527,-0.627625584602356,0.32361945509910583
1789383206577.3914,9.64974308013916,-0.6080122590065002,0.32361945509910583
1789383206593.0562,9.64974308013916,-0.6668521761894226,0.34323275089263916
1789383206608.7227,9.610516548156738,-0.6472389101982117,0.34323275089263916
1789383206624.3884,9.63012981414795,-0.6472389101982117,0.3040061295032501
1789383206640.053,9.63012981414795,-0.6472389101982117,0.34323275089263916
1789383206655.7168,9.64974308013916,-0.6668521761894226,0.34323275089263916
1789383206671.3813,9.63012981414795,-0.6472389101982117,0.32361945509910583
1789383206687.048,9.610516548156738,-0.5687856674194336,0.32361945509910583
1789383206702.7136,9.610516548156738,-0.5687856674194336,0.3040061295032501
1789383206718.3794,9.610516548156738,-0.6472389101982117,0.3040061295032501
1789383206734.044,9.63012981414795,-0.6668521761894226,0.34323275089263916
1789383206749.7085,9.63012981414795,-0.6668521761894226,0.32361945509910583
1789383206765.3743,9.64974308013916,-0.6472389101982117,0.34323275089263916
1789383206781.0369,9.610516548156738,-0.6080122590065002,0.3040061295032501
1789383206796.6985,9.610516548156738,-0.5491724014282227,0.34323275089263916
1789383206812.3613,9.63012981414795,-0.5491724014282227,0.32361945509910583
1789383206828.025,9.63012981414795,-0.6080122590065002,0.32361945509910583
1789383206843.6895,9.610516548156738,-0.6864655017852783,0.34323275089263916
1789383206859.3542,9.63012981414795,-0.7060787677764893,0.34323275089263916
1789383206875.0178,9.63012981414795,-0.7060787677764893,0.32361945509910583
1789383206890.6824,9.610516548156738,-0.6864655017852783,0.32361945509910583
1789383206906.3462,9.610516548156738,-0.6864655017852783,0.32361945509910583
1789383206922.0098,9.610516548156738,-0.627625584602356,0.32361945509910583
1789383206937.6733,9.63012981414795,-0.6080122590065002,0.34323275089263916
1789383206953.3372,9.63012981414795,-0.6472389101982117,0.32361945509910583
1789383206969.0007,9.610516548156738,-0.6472389101982117,0.34323275089263916
1789383206984.6643,9.63012981414795,-0.6668521761894226,0.32361945509910583
1789383207000.329,9.63012981414795,-0.6668521761894226,0.32361945509910583
1789383207015.9927,9.63012981414795,-0.6668521761894226,0.34323275089263916
1789383207031.6575,9.63012981414795,-0.627625584602356,0.32361945509910583
1789383207047.323,9.63012981414795,-0.5491724014282227,0.32361945509910583
1789383207062.9888,9.610516548156738,-0.5883989930152893,0.32361945509910583
1789383207078.6533,9.610516548156738,-0.6668521761894226,0.34323275089263916
1789383207094.319,9.610516548156738,-0.6668521761894226,0.3824593424797058
1789383207109.9827,9.63012981414795,-0.6668521761894226,0.32361945509910583
1789383207125.6462,9.63012981414795,-0.7060787677764893,0.3040061295032501
1789383207141.312,9.63012981414795,-0.7453053593635559,0.34323275089263916
1789383207156.9778,9.63012981414795,-0.6668521761894226,0.34323275089263916
1789383207172.6436,9.64974308013916,-0.6080122590065002,0.3040061295032501
1789383207188.3103,9.590903282165527,-0.6080122590065002,0.32361945509910583
1789383207203.975,9.590903282165527,-0.627625584602356,0.34323275089263916
1789383207219.64,9.63012981414795,-0.6472389101982117,0.3040061295032501
1789383207235.3044,9.669356346130371,-0.627625584602356,0.32361945509910583
1789383207250.9702,9.63012981414795,-0.6472389101982117,0.3628460466861725
1789383207266.6362,9.590903282165527,-0.627625584602356,0.32361945509910583
1789383207282.303,9.63012981414795,-0.6080122590065002,0.3040061295032501
1789383207297.9678,9.63012981414795,-0.627625584602356,0.34323275089263916
1789383207313.6335,9.63012981414795,-0.6472389101982117,0.3628460466861725
1789383207329.3003,9.610516548156738,-0.627625584602356,0.3040061295032501
1789383207344.966,9.610516548156738,-0.627625584602356,0.34323275089263916
1789383207360.6318,9.63012981414795,-0.6668521761894226,0.32361945509910583
1789383207376.2976,9.63012981414795,-0.6668521761894226,0.3824593424797058
1789383207391.9624,9.63012981414795,-0.627625584602356,0.32361945509910583
1789383207407.6282,9.610516548156738,-0.627625584602356,0.32361945509910583
1789383207423.294,9.610516548156738,-0.6864655017852783,0.32361945509910583
1789383207438.9578,9.63012981414795,-0.7060787677764893,0.3628460466861725
1789383207454.6226,9.63012981414795,-0.6668521761894226,0.32361945509910583
1789383207470.2864,9.63012981414795,-0.627625584602356,0.32361945509910583
1789383207485.949,9.590903282165527,-0.627625584602356,0.3040061295032501
1789383207501.6118,9.63012981414795,-0.5883989930152893,0.34323275089263916
1789383207517.2747,9.63012981414795,-0.5883989930152893,0.3040061295032501
1789383207532.9385,9.610516548156738,-0.6080122590065002,0.32361945509910583
1789383207548.6013,9.590903282165527,-0.6668521761894226,0.34323275089263916
1789383207564.265,9.610516548156738,-0.6864655017852783,0.3040061295032501
1789383207579.9297,9.64974308013916,-0.7060787677764893,0.34323275089263916
1789383207595.5925,9.63012981414795,-0.7060787677764893,0.32361945509910583
1789383207611.2573,9.610516548156738,-0.6668521761894226,0.34323275089263916
1789383207626.9211,9.610516548156738,-0.6080122590065002,0.3040061295032501
1789383207642.586,9.64974308013916,-0.627625584602356,0.3040061295032501
1789383207658.2498,9.64974308013916,-0.5883989930152893,0.3824593424797058
1789383207673.9126,9.63012981414795,-0.5687856674194336,0.32361945509910583
1789383207689.5764,9.610516548156738,-0.5687856674194336,0.34323275089263916
1789383207705.2412,9.610516548156738,-0.627625584602356,0.32361945509910583
1789383207720.905,9.64974308013916,-0.725692093372345,0.34323275089263916
1789383207736.5698,9.64974308013916,-0.6864655017852783,0.32361945509910583
1789383207752.2346,9.610516548156738,-0.6472389101982117,0.3040061295032501
1789383207767.8994,9.610516548156738,-0.5883989930152893,0.34323275089263916
1789383207783.5642,9.610516548156738,-0.5295590758323669,0.3040061295032501
1789383207799.23,9.63012981414795,-0.627625584602356,0.3040061295032501
1789383207861.892,9.63012981414795,-0.7453053593635559,0.3040061295032501
1789383207877.557,9.610516548156738,-0.6864655017852783,0.3628460466861725
1789383207893.2236,9.610516548156738,-0.6080122590065002,0.3628460466861725
1789383207908.8894,9.64974308013916,-0.5295590758323669,0.3040061295032501
1789383207924.5542,9.63012981414795,-0.509945809841156,0.3628460466861725
1789383207940.218,9.590903282165527,-0.6080122590065002,0.34323275089263916
1789383207955.8828,9.63012981414795,-0.6080122590065002,0.3628460466861725
1789383207971.5476,9.64974308013916,-0.627625584602356,0.3040061295032501
1789383207987.2114,9.64974308013916,-0.5491724014282227,0.34323275089263916
1789383208002.8762,9.610516548156738,-0.4314925968647003,0.34323275089263916
1789383208018.541,9.610516548156738,-0.3824593424797058,0.2843928337097168
1789383208034.2048,9.590903282165527,-0.4903324842453003,0.3040061295032501
1789383208049.8706,9.63012981414795,-0.7453053593635559,0.3628460466861725
1789383208081.1992,9.64974308013916,-0.6864655017852783,0.32361945509910583
1789383208096.863,9.590903282165527,-0.6472389101982117,0.2843928337097168
1789383208112.526,9.571290016174316,-0.6668521761894226,0.34323275089263916
1789383208128.1897,9.63012981414795,-0.7060787677764893,0.34323275089263916
1789383208143.8535,9.669356346130371,-0.6668521761894226,0.3628460466861725
1789383208159.5168,9.610516548156738,-0.6864655017852783,0.32361945509910583
1789383208175.1797,9.571290016174316,-0.7060787677764893,0.3040061295032501
1789383208190.8438,9.610516548156738,-0.7453053593635559,0.3040061295032501
1789383208206.5066,9.688969612121582,-0.6864655017852783,0.3628460466861725
1789383208222.1707,9.64974308013916,-0.6080122590065002,0.34323275089263916
1789383208237.8325,9.571290016174316,-0.5491724014282227,0.2843928337097168
1789383208253.4976,9.590903282165527,-0.5687856674194336,0.3040061295032501
1789383208269.1604,9.63012981414795,-0.6472389101982117,0.3628460466861725
1789383208284.8254,9.669356346130371,-0.7453053593635559,0.34323275089263916
1789383208300.4883,9.63012981414795,-0.7649186849594116,0.3628460466861725
1789383208316.1523,9.590903282165527,-0.7060787677764893,0.3040061295032501
1789383208331.8162,9.610516548156738,-0.6080122590065002,0.32361945509910583
1789383208347.4802,9.64974308013916,-0.5883989930152893,0.34323275089263916
1789383208363.143,9.63012981414795,-0.627625584602356,0.3628460466861725
1789383208378.8071,9.610516548156738,-0.627625584602356,0.34323275089263916
1789383208394.4712,9.610516548156738,-0.6080122590065002,0.3040061295032501
1789383208410.137,9.63012981414795,-0.5883989930152893,0.34323275089263916
1789383208425.802,9.63012981414795,-0.6472389101982117,0.34323275089263916
1789383208441.468,9.63012981414795,-0.6864655017852783,0.32361945509910583
1789383208457.133,9.610516548156738,-0.7060787677764893,0.34323275089263916
1789383208472.7988,9.64974308013916,-0.7453053593635559,0.32361945509910583
1789383208488.4639,9.63012981414795,-0.7453053593635559,0.34323275089263916
1789383208504.128,9.63012981414795,-0.6668521761894226,0.3628460466861725
1789383208519.7917,9.63012981414795,-0.509945809841156,0.34323275089263916
1789383208535.4578,9.610516548156738,-0.40207263827323914,0.2843928337097168
1789383208551.1228,9.590903282165527,-0.4903324842453003,0.3040061295032501
1789383208598.1167,9.688969612121582,-0.725692093372345,0.3824593424797058
1789383208613.7808,9.610516548156738,-0.47071918845176697,0.2843928337097168
1789383208629.4458,9.532063484191895,-0.4314925968647003,0.26477953791618347
1789383208645.1106,9.590903282165527,-0.5491724014282227,0.34323275089263916
1789383208660.7747,9.688969612121582,-0.7060787677764893,0.3824593424797058
1789383208676.4387,9.688969612121582,-0.7649186849594116,0.34323275089263916
1789383208707.7666,9.571290016174316,-0.7649186849594116,0.3040061295032501
1789383208723.4297,9.63012981414795,-0.6668521761894226,0.32361945509910583
1789383208739.0925,9.669356346130371,-0.5883989930152893,0.3628460466861725
1789383208754.7556,9.590903282165527,-0.5883989930152893,0.32361945509910583
1789383208770.4194,9.551676750183105,-0.6080122590065002,0.3040061295032501
1789383208786.0835,9.610516548156738,-0.6668521761894226,0.32361945509910583
1789383208801.7466,9.688969612121582,-0.7845319509506226,0.34323275089263916
1789383208848.7375,9.590903282165527,-0.725692093372345,0.3040061295032501
1789383208864.4036,9.63012981414795,-0.7649186849594116,0.32361945509910583
1789383208895.7334,9.63012981414795,-0.6864655017852783,0.34323275089263916
1789383208911.3984,9.590903282165527,-0.627625584602356,0.3040061295032501
1789383208927.0625,9.610516548156738,-0.6472389101982117,0.3040061295032501
1789383208942.7275,9.64974308013916,-0.7060787677764893,0.3628460466861725
1789383208958.3904,9.669356346130371,-0.7060787677764893,0.3628460466861725
1789383208974.0535,9.610516548156738,-0.6080122590065002,0.34323275089263916
1789383208989.7166,9.590903282165527,-0.5491724014282227,0.26477953791618347
1789383209005.3813,9.610516548156738,-0.5295590758323669,0.34323275089263916
1789383209021.0464,9.64974308013916,-0.5883989930152893,0.3628460466861725
1789383209036.7114,9.64974308013916,-0.5883989930152893,0.34323275089263916
1789383209052.3784,9.610516548156738,-0.6080122590065002,0.34323275089263916
1789383209068.0435,9.590903282165527,-0.5491724014282227,0.34323275089263916
1789383209083.7095,9.63012981414795,-0.5687856674194336,0.32361945509910583
1789383209099.3755,9.64974308013916,-0.627625584602356,0.34323275089263916
1789383209115.0405,9.63012981414795,-0.725692093372345,0.34323275089263916
1789383209130.7073,9.610516548156738,-0.7453053593635559,0.32361945509910583
1789383209146.3718,9.63012981414795,-0.6472389101982117,0.34323275089263916
1789383209162.0361,9.64974308013916,-0.5883989930152893,0.32361945509910583
1789383209177.7007,9.610516548156738,-0.5883989930152893,0.32361945509910583
1789383209193.3643,9.590903282165527,-0.6472389101982117,0.3040061295032501
1789383209209.0276,9.63012981414795,-0.7453053593635559,0.32361945509910583
1789383209256.0193,9.610516548156738,-0.7649186849594116,0.32361945509910583
1789383209271.6829,9.610516548156738,-0.7060787677764893,0.32361945509910583
1789383209287.3462,9.63012981414795,-0.6864655017852783,0.34323275089263916
1789383209303.0107,9.63012981414795,-0.7453053593635559,0.3040061295032501
1789383209334.338,9.610516548156738,-0.7649186849594116,0.3040061295032501
1789383209350.0015,9.610516548156738,-0.6668521761894226,0.34323275089263916
1789383209365.6658,9.63012981414795,-0.6080122590065002,0.34323275089263916
1789383209381.3284,9.63012981414795,-0.5687856674194336,0.32361945509910583
1789383209396.991,9.610516548156738,-0.5883989930152893,0.34323275089263916
1789383209412.6545,9.610516548156738,-0.627625584602356,0.32361945509910583
1789383209428.316,9.63012981414795,-0.627625584602356,0.3824593424797058
1789383209443.9766,9.63012981414795,-0.6472389101982117,0.32361945509910583
1789383209459.639,9.63012981414795,-0.6668521761894226,0.32361945509910583
1789383209475.3005,9.63012981414795,-0.6864655017852783,0.34323275089263916
1789383209490.964,9.64974308013916,-0.7060787677764893,0.32361945509910583
1789383209506.6265,9.610516548156738,-0.6668521761894226,0.34323275089263916
1789383209522.289,9.610516548156738,-0.6864655017852783,0.3040061295032501
1789383209537.9526,9.610516548156738,-0.6668521761894226,0.34323275089263916
1789383209553.615,9.63012981414795,-0.6668521761894226,0.32361945509910583
1789383209569.2786,9.63012981414795,-0.7060787677764893,0.3040061295032501
1789383209584.9412,9.63012981414795,-0.725692093372345,0.34323275089263916
1789383209600.6047,9.610516548156738,-0.7060787677764893,0.32361945509910583
1789383209616.27,9.63012981414795,-0.6864655017852783,0.32361945509910583
1789383209631.9346,9.610516548156738,-0.7060787677764893,0.34323275089263916
1789383209647.5962,9.63012981414795,-0.7060787677764893,0.32361945509910583
1789383209663.2598,9.64974308013916,-0.6864655017852783,0.32361945509910583
1789383209678.922,9.63012981414795,-0.7060787677764893,0.32361945509910583
1789383209694.5867,9.610516548156738,-0.725692093372345,0.32361945509910583
1789383209710.2493,9.610516548156738,-0.7060787677764893,0.34323275089263916
1789383209725.9138,9.63012981414795,-0.725692093372345,0.2843928337097168
1789383209741.5771,9.63012981414795,-0.7453053593635559,0.3628460466861725
1789383209772.9043,9.63012981414795,-0.6864655017852783,0.3628460466861725
1789383209788.5688,9.63012981414795,-0.5883989930152893,0.3040061295032501
1789383209804.2322,9.610516548156738,-0.5295590758323669,0.32361945509910583
1789383209819.8967,9.610516548156738,-0.4903324842453003,0.34323275089263916
1789383209835.5613,9.64974308013916,-0.411879301071167,0.32361945509910583
1789383209851.2249,9.63012981414795,-0.4314925968647003,0.2843928337097168
1789383209866.8872,9.610516548156738,-0.5491724014282227,0.3628460466861725
1789383209882.5508,9.610516548156738,-0.5883989930152893,0.32361945509910583
1789383209898.2144,9.64974308013916,-0.5295590758323669,0.34323275089263916
1789383209913.878,9.63012981414795,-0.5491724014282227,0.32361945509910583
1789383209929.5435,9.590903282165527,-0.5687856674194336,0.32361945509910583
1789383209945.2087,9.610516548156738,-0.5295590758323669,0.34323275089263916
1789383209960.8723,9.669356346130371,-0.509945809841156,0.32361945509910583
1789383209976.5369,9.63012981414795,-0.5295590758323669,0.34323275089263916
1789383209992.1985,9.590903282165527,-0.5491724014282227,0.3628460466861725
1789383210007.8599,9.63012981414795,-0.5883989930152893,0.3040061295032501
1789383210023.5225,9.64974308013916,-0.627625584602356,0.2843928337097168
1789383210039.1848,9.63012981414795,-0.7649186849594116,0.32361945509910583
1789383210070.512,9.64974308013916,-0.725692093372345,0.3628460466861725
1789383210086.1743,9.64974308013916,-0.5295590758323669,0.3040061295032501
1789383210101.8389,9.590903282165527,-0.4903324842453003,0.3040061295032501
1789383210117.5015,9.590903282165527,-0.509945809841156,0.3628460466861725
1789383210133.164,9.63012981414795,-0.509945809841156,0.32361945509910583
1789383210148.8286,9.669356346130371,-0.509945809841156,0.3628460466861725
1789383210164.4927,9.610516548156738,-0.6472389101982117,0.3040061295032501
1789383210180.1572,9.571290016174316,-0.725692093372345,0.34323275089263916
1789383210195.82,9.64974308013916,-0.7060787677764893,0.3628460466861725
1789383210211.4836,9.688969612121582,-0.6080122590065002,0.32361945509910583
1789383210227.1475,9.63012981414795,-0.4903324842453003,0.34323275089263916
1789383210242.8113,9.571290016174316,-0.5295590758323669,0.2843928337097168
1789383210258.4739,9.610516548156738,-0.509945809841156,0.34323275089263916
1789383210274.1377,9.669356346130371,-0.47071918845176697,0.3824593424797058
1789383210289.8022,9.64974308013916,-0.5491724014282227,0.3040061295032501
1789383210305.466,9.571290016174316,-0.7453053593635559,0.3040061295032501
1789383210368.12,9.551676750183105,-0.7453053593635559,0.2843928337097168
1789383210383.7827,9.532063484191895,-0.6864655017852783,0.32361945509910583
1789383210399.4456,9.64974308013916,-0.5295590758323669,0.34323275089263916
1789383210415.1091,9.708582878112793,-0.4314925968647003,0.3628460466861725
1789383210430.773,9.590903282165527,-0.45110589265823364,0.32361945509910583
1789383210446.4368,9.532063484191895,-0.5687856674194336,0.3040061295032501
1789383210462.1003,9.63012981414795,-0.5883989930152893,0.34323275089263916
1789383210477.7642,9.728196144104004,-0.5295590758323669,0.3824593424797058
1789383210493.428,9.63012981414795,-0.509945809841156,0.32361945509910583
1789383210509.0925,9.551676750183105,-0.4903324842453003,0.32361945509910583
1789383210524.7563,9.590903282165527,-0.45110589265823364,0.3040061295032501
1789383210540.423,9.688969612121582,-0.47071918845176697,0.3628460466861725
1789383210556.088,9.688969612121582,-0.5883989930152893,0.3628460466861725
1789383210571.7546,9.590903282165527,-0.725692093372345,0.3040061295032501
1789383210587.4192,9.571290016174316,-0.7649186849594116,0.32361945509910583
1789383210603.086,9.669356346130371,-0.7453053593635559,0.3040061295032501
1789383210618.7507,9.669356346130371,-0.6864655017852783,0.34323275089263916
1789383210634.4155,9.610516548156738,-0.6080122590065002,0.32361945509910583
1789383210650.0793,9.551676750183105,-0.6472389101982117,0.26477953791618347
1789383210665.744,9.63012981414795,-0.6668521761894226,0.34323275089263916
1789383210681.4087,9.688969612121582,-0.6668521761894226,0.3628460466861725
1789383210697.0725,9.669356346130371,-0.5687856674194336,0.3628460466861725
1789383210712.7354,9.571290016174316,-0.509945809841156,0.3040061295032501
1789383210728.398,9.571290016174316,-0.4903324842453003,0.32361945509910583
1789383210744.0618,9.669356346130371,-0.45110589265823364,0.34323275089263916
1789383210759.7266,9.669356346130371,-0.47071918845176697,0.34323275089263916
1789383210775.391,9.590903282165527,-0.5687856674194336,0.32361945509910583
1789383210791.055,9.571290016174316,-0.6080122590065002,0.34323275089263916
1789383210806.7178,9.64974308013916,-0.6080122590065002,0.3040061295032501
1789383210822.3816,9.688969612121582,-0.5491724014282227,0.3628460466861725
1789383210838.0452,9.63012981414795,-0.5491724014282227,0.32361945509910583
1789383210853.709,9.571290016174316,-0.509945809841156,0.32361945509910583
1789383210869.3748,9.610516548156738,-0.47071918845176697,0.34323275089263916
1789383210885.0386,9.669356346130371,-0.509945809841156,0.32361945509910583
1789383210900.7031,9.63012981414795,-0.627625584602356,0.3628460466861725
1789383210916.367,9.590903282165527,-0.627625584602356,0.34323275089263916
1789383210932.0308,9.610516548156738,-0.6472389101982117,0.26477953791618347
1789383210947.6924,9.64974308013916,-0.6472389101982117,0.32361945509910583
1789383210963.3552,9.64974308013916,-0.7060787677764893,0.3628460466861725
1789383210979.018,9.63012981414795,-0.6864655017852783,0.34323275089263916
1789383210994.6807,9.610516548156738,-0.6080122590065002,0.2843928337097168
1789383211010.3445,9.590903282165527,-0.6472389101982117,0.3040061295032501
1789383211026.0093,9.610516548156738,-0.6668521761894226,0.34323275089263916
1789383211041.673,9.64974308013916,-0.6080122590065002,0.34323275089263916
1789383211057.337,9.63012981414795,-0.5491724014282227,0.32361945509910583
1789383211073.0015,9.571290016174316,-0.509945809841156,0.32361945509910583
1789383211088.6663,9.610516548156738,-0.5491724014282227,0.34323275089263916
1789383211104.332,9.64974308013916,-0.5687856674194336,0.34323275089263916
1789383211119.9988,9.63012981414795,-0.627625584602356,0.34323275089263916
1789383211135.6655,9.590903282165527,-0.627625584602356,0.34323275089263916
1789383211151.332,9.610516548156738,-0.6080122590065002,0.32361945509910583
1789383211166.9978,9.63012981414795,-0.6472389101982117,0.3040061295032501
1789383211182.6643,9.64974308013916,-0.6864655017852783,0.3628460466861725
1789383211198.3298,9.63012981414795,-0.6864655017852783,0.32361945509910583
1789383211213.9932,9.63012981414795,-0.6080122590065002,0.32361945509910583
1789383211229.6577,9.590903282165527,-0.5491724014282227,0.32361945509910583
1789383211245.3223,9.610516548156738,-0.509945809841156,0.3628460466861725
1789383211260.9868,9.63012981414795,-0.5295590758323669,0.34323275089263916
1789383211276.6504,9.63012981414795,-0.6080122590065002,0.3040061295032501
1789383211292.314,9.63012981414795,-0.7060787677764893,0.32361945509910583
1789383211307.9785,9.63012981414795,-0.725692093372345,0.34323275089263916
1789383211323.641,9.64974308013916,-0.627625584602356,0.34323275089263916
1789383211339.3044,9.63012981414795,-0.5295590758323669,0.3040061295032501
1789383211354.969,9.590903282165527,-0.509945809841156,0.3040061295032501
1789383211370.6326,9.610516548156738,-0.4903324842453003,0.3628460466861725
1789383211386.297,9.64974308013916,-0.411879301071167,0.3628460466861725
1789383211401.9607,9.64974308013916,-0.4314925968647003,0.32361945509910583
1789383211417.6243,9.590903282165527,-0.5883989930152893,0.3040061295032501
1789383211433.2878,9.590903282165527,-0.6864655017852783,0.3824593424797058
1789383211448.9512,9.669356346130371,-0.6864655017852783,0.32361945509910583
1789383211464.6138,9.669356346130371,-0.6864655017852783,0.34323275089263916
1789383211480.2754,9.590903282165527,-0.7649186849594116,0.32361945509910583
1789383211495.939,9.590903282165527,-0.7060787677764893,0.34323275089263916
1789383211511.6023,9.64974308013916,-0.5883989930152893,0.3040061295032501
1789383211527.2659,9.64974308013916,-0.6080122590065002,0.32361945509910583
1789383211542.9294,9.590903282165527,-0.6472389101982117,0.34323275089263916
1789383211558.594,9.610516548156738,-0.5883989930152893,0.34323275089263916
1789383211574.2585,9.63012981414795,-0.5295590758323669,0.3040061295032501
1789383211589.925,9.64974308013916,-0.6472389101982117,0.3040061295032501
1789383211605.5906,9.590903282165527,-0.7060787677764893,0.40207263827323914
1789383211621.2551,9.64974308013916,-0.509945809841156,0.3824593424797058
1789383211636.9207,9.64974308013916,-0.22555294632911682,0.3040061295032501
1789383211652.5862,9.590903282165527,-0.16671304404735565,0.3040061295032501
1789383211668.2517,9.571290016174316,-0.2843928337097168,0.3824593424797058
1789383211683.9172,9.669356346130371,-0.32361945509910583,0.3628460466861725
1789383211699.5818,9.708582878112793,-0.24516624212265015,0.34323275089263916
1789383211715.2473,9.590903282165527,-0.34323275089263916,0.2843928337097168
1789383211730.9128,9.532063484191895,-0.5687856674194336,0.3040061295032501
1789383211746.5784,9.64974308013916,-0.627625584602356,0.3824593424797058
1789383211762.243,9.728196144104004,-0.6080122590065002,0.34323275089263916
1789383211777.9075,9.63012981414795,-0.627625584602356,0.32361945509910583
1789383211793.573,9.532063484191895,-0.6668521761894226,0.3040061295032501
1789383211809.2373,9.610516548156738,-0.6472389101982117,0.34323275089263916
1789383211824.904,9.708582878112793,-0.627625584602356,0.34323275089263916
1789383211840.5706,9.669356346130371,-0.6668521761894226,0.3628460466861725
1789383211856.236,9.551676750183105,-0.7060787677764893,0.3040061295032501
1789383211871.9026,9.571290016174316,-0.6472389101982117,0.3040061295032501
1789383211887.568,9.669356346130371,-0.6080122590065002,0.34323275089263916
1789383211903.2336,9.669356346130371,-0.6080122590065002,0.3628460466861725
1789383211918.9001,9.590903282165527,-0.5491724014282227,0.3628460466861725
1789383211934.5637,9.571290016174316,-0.47071918845176697,0.26477953791618347
1789383211950.2302,9.63012981414795,-0.45110589265823364,0.32361945509910583
1789383211965.8958,9.669356346130371,-0.5491724014282227,0.3824593424797058
1789383211981.5603,9.669356346130371,-0.5491724014282227,0.34323275089263916
1789383211997.2249,9.590903282165527,-0.40207263827323914,0.34323275089263916
1789383212012.8892,9.590903282165527,-0.3040061295032501,0.2843928337097168
1789383212028.5527,9.63012981414795,-0.34323275089263916,0.34323275089263916
1789383212044.2173,9.63012981414795,-0.4903324842453003,0.3628460466861725
1789383212059.8828,9.63012981414795,-0.6668521761894226,0.32361945509910583
1789383212075.5483,9.610516548156738,-0.7649186849594116,0.32361945509910583
1789383212106.8784,9.64974308013916,-0.6864655017852783,0.34323275089263916
1789383212122.544,9.63012981414795,-0.5883989930152893,0.32361945509910583
1789383212138.2104,9.610516548156738,-0.509945809841156,0.34323275089263916
1789383212153.876,9.590903282165527,-0.4903324842453003,0.32361945509910583
1789383212169.5437,9.64974308013916,-0.47071918845176697,0.3628460466861725
1789383212185.2092,9.64974308013916,-0.47071918845176697,0.32361945509910583
1789383212200.8748,9.63012981414795,-0.45110589265823364,0.3628460466861725
1789383212216.5422,9.610516548156738,-0.47071918845176697,0.3040061295032501
1789383212232.209,9.63012981414795,-0.411879301071167,0.34323275089263916
1789383212247.8735,9.64974308013916,-0.411879301071167,0.32361945509910583
1789383212263.538,9.63012981414795,-0.40207263827323914,0.32361945509910583
1789383212279.2017,9.590903282165527,-0.47071918845176697,0.32361945509910583
1789383212294.8672,9.610516548156738,-0.509945809841156,0.34323275089263916
1789383212310.534,9.64974308013916,-0.5883989930152893,0.34323275089263916
1789383212326.2004,9.64974308013916,-0.6864655017852783,0.34323275089263916
1789383212341.865,9.610516548156738,-0.725692093372345,0.34323275089263916
1789383212357.5295,9.610516548156738,-0.5883989930152893,0.3628460466861725
1789383212373.194,9.64974308013916,-0.45110589265823364,0.3040061295032501
1789383212388.8586,9.63012981414795,-0.40207263827323914,0.32361945509910583
1789383212404.5222,9.571290016174316,-0.5295590758323669,0.3040061295032501
1789383212420.1868,9.610516548156738,-0.725692093372345,0.32361945509910583
1789383212482.8442,9.571290016174316,-0.725692093372345,0.3040061295032501
1789383212498.5098,9.610516548156738,-0.627625584602356,0.34323275089263916
1789383212514.1753,9.64974308013916,-0.509945809841156,0.3628460466861725
1789383212529.8398,9.64974308013916,-0.40207263827323914,0.34323275089263916
1789383212545.5056,9.571290016174316,-0.40207263827323914,0.2843928337097168
1789383212561.1702,9.590903282165527,-0.5491724014282227,0.2843928337097168
1789383212576.8357,9.669356346130371,-0.6668521761894226,0.40207263827323914
1789383212592.5012,9.688969612121582,-0.7649186849594116,0.32361945509910583
1789383212608.1658,9.64974308013916,-0.7060787677764893,0.3628460466861725
1789383212623.8313,9.571290016174316,-0.6472389101982117,0.3040061295032501
1789383212639.4958,9.610516548156738,-0.5295590758323669,0.3040061295032501
1789383212655.1626,9.669356346130371,-0.4314925968647003,0.3824593424797058
1789383212670.83,9.63012981414795,-0.4314925968647003,0.3040061295032501
1789383212686.4966,9.551676750183105,-0.4903324842453003,0.3628460466861725
1789383212702.1624,9.590903282165527,-0.6080122590065002,0.3040061295032501
1789383212717.828,9.669356346130371,-0.627625584602356,0.3628460466861725
1789383212733.4924,9.64974308013916,-0.6668521761894226,0.3628460466861725
1789383212749.157,9.610516548156738,-0.6080122590065002,0.34323275089263916
1789383212764.8206,9.571290016174316,-0.5295590758323669,0.3040061295032501
1789383212780.485,9.63012981414795,-0.47071918845176697,0.3040061295032501
1789383212796.1497,9.64974308013916,-0.4903324842453003,0.32361945509910583
1789383212811.8152,9.63012981414795,-0.5883989930152893,0.34323275089263916
1789383212827.4788,9.590903282165527,-0.6472389101982117,0.32361945509910583
1789383212843.1436,9.610516548156738,-0.6864655017852783,0.32361945509910583
1789383212858.809,9.64974308013916,-0.6668521761894226,0.34323275089263916
1789383212874.4756,9.64974308013916,-0.6668521761894226,0.34323275089263916
1789383212890.1401,9.610516548156738,-0.627625584602356,0.32361945509910583
1789383212905.8037,9.63012981414795,-0.5687856674194336,0.34323275089263916
1789383212921.4683,9.63012981414795,-0.509945809841156,0.32361945509910583
1789383212937.1328,9.610516548156738,-0.5491724014282227,0.34323275089263916
1789383212952.7974,9.610516548156738,-0.7060787677764893,0.32361945509910583
1789383212968.464,9.63012981414795,-0.7060787677764893,0.3628460466861725
1789383212984.1306,9.64974308013916,-0.6080122590065002,0.34323275089263916
1789383212999.797,9.63012981414795,-0.5295590758323669,0.32361945509910583
1789383213015.4617,9.590903282165527,-0.509945809841156,0.32361945509910583
1789383213031.1262,9.610516548156738,-0.47071918845176697,0.32361945509910583
1789383213046.7898,9.64974308013916,-0.4314925968647003,0.34323275089263916
1789383213062.4543,9.64974308013916,-0.4903324842453003,0.32361945509910583
1789383213078.117,9.610516548156738,-0.5687856674194336,0.32361945509910583
1789383213093.7786,9.610516548156738,-0.5883989930152893,0.34323275089263916
1789383213109.4402,9.64974308013916,-0.5295590758323669,0.32361945509910583
1789383213125.1018,9.63012981414795,-0.47071918845176697,0.34323275089263916
1789383213140.7632,9.590903282165527,-0.509945809841156,0.32361945509910583
1789383213156.4258,9.610516548156738,-0.5687856674194336,0.32361945509910583
1789383213172.0894,9.64974308013916,-0.5883989930152893,0.32361945509910583
1789383213187.7542,9.669356346130371,-0.6080122590065002,0.3628460466861725
1789383213203.4177,9.590903282165527,-0.627625584602356,0.34323275089263916
1789383213219.0823,9.590903282165527,-0.627625584602356,0.34323275089263916
1789383213234.7468,9.63012981414795,-0.6080122590065002,0.32361945509910583
1789383213250.4114,9.64974308013916,-0.4903324842453003,0.3628460466861725
1789383213266.0781,9.63012981414795,-0.509945809841156,0.2843928337097168
1789383213281.7427,9.590903282165527,-0.4903324842453003,0.34323275089263916
1789383213297.4082,9.610516548156738,-0.509945809841156,0.34323275089263916
1789383213313.0728,9.64974308013916,-0.5295590758323669,0.32361945509910583
1789383213328.7385,9.610516548156738,-0.6668521761894226,0.3040061295032501
1789383213344.405,9.610516548156738,-0.7649186849594116,0.34323275089263916
1789383213360.0706,9.63012981414795,-0.725692093372345,0.3628460466861725
1789383213375.7363,9.64974308013916,-0.627625584602356,0.34323275089263916
1789383213391.4019,9.63012981414795,-0.5687856674194336,0.34323275089263916
1789383213407.0674,9.571290016174316,-0.5295590758323669,0.3628460466861725
1789383213422.733,9.63012981414795,-0.5491724014282227,0.32361945509910583
1789383213438.3987,9.63012981414795,-0.5295590758323669,0.3628460466861725
1789383213454.0642,9.63012981414795,-0.5883989930152893,0.3628460466861725
1789383213469.7297,9.610516548156738,-0.6080122590065002,0.32361945509910583
1789383213485.3953,9.610516548156738,-0.627625584602356,0.34323275089263916
1789383213501.06,9.64974308013916,-0.5883989930152893,0.34323275089263916
1789383213516.7246,9.63012981414795,-0.4903324842453003,0.34323275089263916
1789383213532.3901,9.590903282165527,-0.45110589265823364,0.3040061295032501
1789383213548.0537,9.590903282165527,-0.45110589265823364,0.34323275089263916
1789383213563.7183,9.63012981414795,-0.47071918845176697,0.3628460466861725
1789383213579.383,9.64974308013916,-0.5295590758323669,0.34323275089263916
1789383213595.0486,9.63012981414795,-0.5687856674194336,0.34323275089263916
1789383213610.716,9.590903282165527,-0.627625584602356,0.32361945509910583
1789383213626.3828,9.610516548156738,-0.6080122590065002,0.3628460466861725
1789383213642.0483,9.64974308013916,-0.5295590758323669,0.3628460466861725
1789383213657.7139,9.63012981414795,-0.4903324842453003,0.32361945509910583
1789383213673.3796,9.590903282165527,-0.4903324842453003,0.34323275089263916
1789383213689.047,9.590903282165527,-0.5883989930152893,0.3040061295032501
1789383213704.7126,9.64974308013916,-0.6668521761894226,0.3628460466861725
1789383213720.3804,9.669356346130371,-0.7649186849594116,0.3628460466861725
1789383213751.7124,9.610516548156738,-0.725692093372345,0.34323275089263916
1789383213767.3801,9.63012981414795,-0.5687856674194336,0.34323275089263916
1789383213783.0476,9.63012981414795,-0.5295590758323669,0.32361945509910583
1789383213798.7153,9.610516548156738,-0.5883989930152893,0.34323275089263916
1789383213814.3809,9.63012981414795,-0.627625584602356,0.32361945509910583
1789383213830.0464,9.669356346130371,-0.6472389101982117,0.34323275089263916
1789383213845.7122,9.63012981414795,-0.627625584602356,0.3628460466861725
1789383213861.3757,9.590903282165527,-0.5687856674194336,0.34323275089263916
1789383213877.0403,9.610516548156738,-0.5491724014282227,0.34323275089263916
1789383213892.7039,9.63012981414795,-0.5491724014282227,0.34323275089263916
1789383213908.3684,9.64974308013916,-0.47071918845176697,0.3824593424797058
1789383213924.033,9.63012981414795,-0.3040061295032501,0.3628460466861725
1789383213939.6978,9.610516548156738,-0.16671304404735565,0.3040061295032501
1789383213955.3633,9.590903282165527,-0.16671304404735565,0.32361945509910583
1789383213971.0298,9.63012981414795,-0.2059396505355835,0.3824593424797058
1789383213986.6943,9.669356346130371,-0.32361945509910583,0.32361945509910583
1789383214002.358,9.610516548156738,-0.4903324842453003,0.34323275089263916
1789383214018.0205,9.590903282165527,-0.6668521761894226,0.3824593424797058
1789383214033.683,9.63012981414795,-0.7453053593635559,0.32361945509910583
1789383214049.3489,9.669356346130371,-0.6472389101982117,0.3824593424797058
1789383214065.0154,9.610516548156738,-0.627625584602356,0.3040061295032501
1789383214080.681,9.571290016174316,-0.6080122590065002,0.34323275089263916
1789383214096.3486,9.610516548156738,-0.6668521761894226,0.32361945509910583
1789383214112.0151,9.688969612121582,-0.7060787677764893,0.3628460466861725
1789383214127.6807,9.64974308013916,-0.7649186849594116,0.3628460466861725
1789383214143.3474,9.590903282165527,-0.7453053593635559,0.34323275089263916
1789383214159.014,9.610516548156738,-0.725692093372345,0.2843928337097168
1789383214174.6794,9.610516548156738,-0.725692093372345,0.34323275089263916
1789383214190.345,9.64974308013916,-0.725692093372345,0.3824593424797058
1789383214206.0105,9.63012981414795,-0.725692093372345,0.3040061295032501
1789383214221.675,9.610516548156738,-0.6668521761894226,0.34323275089263916
1789383214237.3386,9.63012981414795,-0.47071918845176697,0.3628460466861725
1789383214253.0042,9.64974308013916,-0.26477953791618347,0.32361945509910583
1789383214268.6697,9.590903282165527,-0.22555294632911682,0.3040061295032501
1789383214284.334,9.551676750183105,-0.411879301071167,0.3040061295032501
1789383214299.9976,9.63012981414795,-0.5491724014282227,0.3824593424797058
1789383214315.6602,9.688969612121582,-0.5883989930152893,0.3628460466861725
1789383214331.3237,9.64974308013916,-0.5491724014282227,0.34323275089263916
1789383214346.987,9.571290016174316,-0.5491724014282227,0.32361945509910583
1789383214362.6497,9.590903282165527,-0.411879301071167,0.3628460466861725
1789383214378.3132,9.669356346130371,-0.24516624212265015,0.34323275089263916
1789383214393.9766,9.64974308013916,-0.26477953791618347,0.3040061295032501
1789383214409.641,9.571290016174316,-0.509945809841156,0.32361945509910583
1789383214425.3057,9.590903282165527,-0.6668521761894226,0.3824593424797058
1789383214440.9702,9.708582878112793,-0.5883989930152893,0.3628460466861725
1789383214456.6367,9.669356346130371,-0.509945809841156,0.32361945509910583
1789383214472.3032,9.532063484191895,-0.5687856674194336,0.3040061295032501
1789383214487.9688,9.551676750183105,-0.627625584602356,0.32361945509910583
1789383214503.6343,9.688969612121582,-0.5491724014282227,0.3824593424797058
1789383214519.2988,9.708582878112793,-0.509945809841156,0.32361945509910583
1789383214534.9622,9.551676750183105,-0.5687856674194336,0.3040061295032501
1789383214550.6257,9.532063484191895,-0.6864655017852783,0.32361945509910583
1789383214566.2893,9.669356346130371,-0.6864655017852783,0.3628460466861725
1789383214581.9539,9.728196144104004,-0.627625584602356,0.3628460466861725
1789383214597.6182,9.63012981414795,-0.6080122590065002,0.32361945509910583
1789383214613.2827,9.532063484191895,-0.5687856674194336,0.3040061295032501
1789383214628.9482,9.63012981414795,-0.509945809841156,0.2843928337097168
1789383214644.6128,9.708582878112793,-0.5687856674194336,0.3628460466861725
1789383214660.2773,9.64974308013916,-0.7453053593635559,0.34323275089263916
1789383214691.6052,9.590903282165527,-0.5883989930152893,0.34323275089263916
1789383214707.2688,9.669356346130371,-0.3628460466861725,0.3040061295032501
1789383214722.9333,9.63012981414795,-0.34323275089263916,0.32361945509910583
1789383214738.5977,9.590903282165527,-0.45110589265823364,0.34323275089263916
1789383214754.2622,9.610516548156738,-0.47071918845176697,0.32361945509910583
1789383214769.9277,9.669356346130371,-0.4314925968647003,0.3628460466861725
1789383214785.5923,9.63012981414795,-0.47071918845176697,0.32361945509910583
1789383214801.2568,9.571290016174316,-0.5491724014282227,0.3040061295032501
1789383214816.9224,9.63012981414795,-0.509945809841156,0.3628460466861725
1789383214832.5876,9.669356346130371,-0.411879301071167,0.3040061295032501
1789383214848.2542,9.64974308013916,-0.3040061295032501,0.3628460466861725
1789383214863.9207,9.571290016174316,-0.3628460466861725,0.2843928337097168
1789383214879.5852,9.590903282165527,-0.40207263827323914,0.32361945509910583
1789383214895.2498,9.64974308013916,-0.509945809841156,0.32361945509910583
1789383214910.9133,9.669356346130371,-0.627625584602356,0.34323275089263916
1789383214926.5767,9.610516548156738,-0.6864655017852783,0.3628460466861725
1789383214942.2402,9.590903282165527,-0.6472389101982117,0.32361945509910583
1789383214957.9058,9.63012981414795,-0.5883989930152893,0.3040061295032501
1789383214973.5703,9.63012981414795,-0.6080122590065002,0.34323275089263916
1789383214989.2368,9.63012981414795,-0.7060787677764893,0.32361945509910583
1789383215004.902,9.610516548156738,-0.6864655017852783,0.3628460466861725
1789383215020.5676,9.63012981414795,-0.5883989930152893,0.32361945509910583
1789383215036.2322,9.63012981414795,-0.5295590758323669,0.32361945509910583
1789383215051.8977,9.610516548156738,-0.5687856674194336,0.32361945509910583
1789383215067.5642,9.610516548156738,-0.5883989930152893,0.32361945509910583
1789383215083.2307,9.63012981414795,-0.5491724014282227,0.32361945509910583
1789383215098.8972,9.64974308013916,-0.509945809841156,0.32361945509910583
1789383215114.5615,9.610516548156738,-0.47071918845176697,0.32361945509910583
1789383215130.228,9.590903282165527,-0.4314925968647003,0.3628460466861725
1789383215145.8926,9.64974308013916,-0.3824593424797058,0.3040061295032501
1789383215161.5571,9.63012981414795,-0.3040061295032501,0.34323275089263916
1789383215177.223,9.610516548156738,-0.40207263827323914,0.32361945509910583
1789383215192.8875,9.590903282165527,-0.40207263827323914,0.34323275089263916
1789383215208.5522,9.63012981414795,-0.411879301071167,0.34323275089263916
1789383215224.217,9.63012981414795,-0.45110589265823364,0.32361945509910583
1789383215239.8816,9.610516548156738,-0.5295590758323669,0.32361945509910583
1789383215255.5483,9.610516548156738,-0.5687856674194336,0.3628460466861725
1789383215271.214,9.63012981414795,-0.509945809841156,0.34323275089263916
1789383215286.8796,9.64974308013916,-0.509945809841156,0.3040061295032501
1789383215302.5464,9.610516548156738,-0.5883989930152893,0.3040061295032501
1789383215318.2131,9.590903282165527,-0.5687856674194336,0.3628460466861725
1789383215333.879,9.64974308013916,-0.5295590758323669,0.32361945509910583
1789383215349.5457,9.63012981414795,-0.5295590758323669,0.32361945509910583
1789383215365.2134,9.610516548156738,-0.5687856674194336,0.34323275089263916
1789383215380.879,9.610516548156738,-0.5295590758323669,0.34323275089263916
1789383215396.5447,9.64974308013916,-0.45110589265823364,0.34323275089263916
1789383215412.2114,9.63012981414795,-0.4314925968647003,0.3040061295032501
1789383215427.8772,9.590903282165527,-0.5295590758323669,0.34323275089263916
1789383215443.5417,9.63012981414795,-0.5491724014282227,0.3824593424797058
1789383215459.2075,9.669356346130371,-0.4903324842453003,0.32361945509910583
1789383215474.8723,9.63012981414795,-0.47071918845176697,0.34323275089263916
1789383215490.5378,9.590903282165527,-0.47071918845176697,0.3628460466861725
1789383215506.2036,9.590903282165527,-0.509945809841156,0.2843928337097168
1789383215521.8694,9.63012981414795,-0.45110589265823364,0.3628460466861725
1789383215537.5352,9.64974308013916,-0.4903324842453003,0.3628460466861725
1789383215553.1987,9.610516548156738,-0.4903324842453003,0.34323275089263916
1789383215568.8625,9.571290016174316,-0.47071918845176697,0.34323275089263916
1789383215584.527,9.63012981414795,-0.4903324842453003,0.3040061295032501
1789383215600.191,9.64974308013916,-0.509945809841156,0.3628460466861725
1789383215615.8547,9.610516548156738,-0.5295590758323669,0.34323275089263916
1789383215631.5173,9.590903282165527,-0.5491724014282227,0.2843928337097168
1789383215647.183,9.610516548156738,-0.627625584602356,0.34323275089263916
1789383215662.8499,9.64974308013916,-0.6472389101982117,0.3824593424797058
1789383215678.5144,9.64974308013916,-0.5491724014282227,0.34323275089263916
1789383215694.1812,9.590903282165527,-0.509945809841156,0.3040061295032501
1789383215709.847,9.590903282165527,-0.4903324842453003,0.34323275089263916
1789383215725.5127,9.63012981414795,-0.411879301071167,0.3628460466861725
1789383215741.1782,9.64974308013916,-0.3824593424797058,0.32361945509910583
1789383215756.843,9.610516548156738,-0.45110589265823364,0.3040061295032501
1789383215772.5098,9.590903282165527,-0.4903324842453003,0.3628460466861725
1789383215788.1755,9.63012981414795,-0.47071918845176697,0.3040061295032501
1789383215803.841,9.64974308013916,-0.45110589265823364,0.34323275089263916
1789383215819.5078,9.63012981414795,-0.509945809841156,0.34323275089263916
1789383215835.1746,9.590903282165527,-0.509945809841156,0.34323275089263916
1789383215850.8413,9.610516548156738,-0.45110589265823364,0.3040061295032501
1789383215866.506,9.669356346130371,-0.4903324842453003,0.34323275089263916
1789383215882.1716,9.63012981414795,-0.4903324842453003,0.3628460466861725
1789383215897.8384,9.590903282165527,-0.47071918845176697,0.2843928337097168
1789383215913.5042,9.590903282165527,-0.47071918845176697,0.3040061295032501
1789383215929.169,9.63012981414795,-0.4903324842453003,0.3824593424797058
1789383215944.8335,9.63012981414795,-0.509945809841156,0.32361945509910583
1789383215960.4963,9.63012981414795,-0.509945809841156,0.3040061295032501
1789383215976.163,9.590903282165527,-0.5883989930152893,0.3040061295032501
1789383215991.8267,9.63012981414795,-0.5883989930152893,0.3824593424797058
1789383216007.4915,9.64974308013916,-0.5687856674194336,0.34323275089263916
1789383216023.1562,9.64974308013916,-0.4903324842453003,0.34323275089263916
1789383216038.8218,9.590903282165527,-0.4903324842453003,0.32361945509910583
1789383216054.4856,9.590903282165527,-0.47071918845176697,0.32361945509910583
1789383216070.1492,9.64974308013916,-0.45110589265823364,0.34323275089263916
1789383216085.811,9.64974308013916,-0.4314925968647003,0.3628460466861725
1789383216101.4736,9.610516548156738,-0.4903324842453003,0.32361945509910583
1789383216117.1375,9.610516548156738,-0.411879301071167,0.34323275089263916
1789383216132.8022,9.63012981414795,-0.4314925968647003,0.32361945509910583
1789383216148.4658,9.63012981414795,-0.4903324842453003,0.34323275089263916
1789383216164.1316,9.63012981414795,-0.5883989930152893,0.34323275089263916
1789383216179.7952,9.63012981414795,-0.5883989930152893,0.3040061295032501
1789383216195.4587,9.63012981414795,-0.509945809841156,0.32361945509910583
1789383216211.1223,9.610516548156738,-0.5295590758323669,0.34323275089263916
1789383216226.786,9.610516548156738,-0.5491724014282227,0.34323275089263916
1789383216242.4504,9.63012981414795,-0.4903324842453003,0.3040061295032501
1789383216258.116,9.64974308013916,-0.509945809841156,0.2843928337097168
1789383216273.7805,9.610516548156738,-0.5295590758323669,0.3628460466861725
1789383216289.445,9.610516548156738,-0.5687856674194336,0.32361945509910583
1789383216305.1077,9.63012981414795,-0.6080122590065002,0.32361945509910583
1789383216320.7703,9.63012981414795,-0.6080122590065002,0.3628460466861725
1789383216336.4338,9.63012981414795,-0.5883989930152893,0.34323275089263916
1789383216352.0974,9.610516548156738,-0.5295590758323669,0.34323275089263916
1789383216367.7622,9.610516548156738,-0.4903324842453003,0.32361945509910583
1789383216383.4268,9.63012981414795,-0.45110589265823364,0.34323275089263916
1789383216399.0903,9.64974308013916,-0.3824593424797058,0.3628460466861725
1789383216414.7559,9.63012981414795,-0.34323275089263916,0.32361945509910583
1789383216430.4204,9.590903282165527,-0.40207263827323914,0.3040061295032501
1789383216446.084,9.610516548156738,-0.509945809841156,0.3628460466861725
1789383216461.7485,9.63012981414795,-0.5491724014282227,0.3628460466861725
1789383216477.415,9.64974308013916,-0.4903324842453003,0.34323275089263916
1789383216493.0818,9.590903282165527,-0.47071918845176697,0.3040061295032501
1789383216508.7473,9.571290016174316,-0.47071918845176697,0.34323275089263916
1789383216524.4128,9.63012981414795,-0.4903324842453003,0.3628460466861725
1789383216540.0793,9.669356346130371,-0.5491724014282227,0.34323275089263916
1789383216555.745,9.610516548156738,-0.627625584602356,0.34323275089263916
1789383216571.4116,9.590903282165527,-0.7060787677764893,0.32361945509910583
1789383216587.0781,9.610516548156738,-0.7649186849594116,0.34323275089263916
1789383216602.7446,9.64974308013916,-0.7453053593635559,0.3628460466861725
1789383216618.4104,9.64974308013916,-0.627625584602356,0.3628460466861725
1789383216634.075,9.610516548156738,-0.4903324842453003,0.34323275089263916
1789383216649.7395,9.590903282165527,-0.40207263827323914,0.3040061295032501
1789383216665.404,9.63012981414795,-0.3824593424797058,0.3628460466861725
1789383216681.0696,9.64974308013916,-0.411879301071167,0.34323275089263916
1789383216696.736,9.610516548156738,-0.509945809841156,0.32361945509910583
1789383216712.4019,9.590903282165527,-0.5687856674194336,0.32361945509910583
1789383216728.0674,9.610516548156738,-0.5687856674194336,0.3628460466861725
1789383216743.733,9.63012981414795,-0.6080122590065002,0.32361945509910583
1789383216759.3975,9.63012981414795,-0.5687856674194336,0.3628460466861725
1789383216775.063,9.610516548156738,-0.5491724014282227,0.32361945509910583
1789383216790.7266,9.610516548156738,-0.4903324842453003,0.32361945509910583
1789383216806.391,9.63012981414795,-0.4903324842453003,0.32361945509910583
1789383216822.0557,9.63012981414795,-0.509945809841156,0.34323275089263916
1789383216837.7202,9.63012981414795,-0.5295590758323669,0.34323275089263916
1789383216853.386,9.63012981414795,-0.509945809841156,0.34323275089263916
1789383216869.0515,9.610516548156738,-0.509945809841156,0.3040061295032501
1789383216884.718,9.63012981414795,-0.509945809841156,0.3628460466861725
1789383216900.3826,9.63012981414795,-0.5687856674194336,0.32361945509910583
1789383216916.047,9.63012981414795,-0.5883989930152893,0.3628460466861725
1789383216931.7117,9.610516548156738,-0.5883989930152893,0.34323275089263916
1789383216947.3762,9.610516548156738,-0.5491724014282227,0.32361945509910583
1789383216963.043,9.610516548156738,-0.5295590758323669,0.34323275089263916
1789383216978.7095,9.610516548156738,-0.5491724014282227,0.32361945509910583
1789383216994.375,9.63012981414795,-0.5687856674194336,0.34323275089263916
1789383217010.0415,9.63012981414795,-0.5491724014282227,0.34323275089263916
1789383217025.706,9.63012981414795,-0.5491724014282227,0.3040061295032501
1789383217041.3728,9.610516548156738,-0.5295590758323669,0.3628460466861725
1789383217057.0383,9.63012981414795,-0.4903324842453003,0.34323275089263916
1789383217072.7039,9.610516548156738,-0.47071918845176697,0.34323275089263916
1789383217088.3704,9.610516548156738,-0.5295590758323669,0.34323275089263916
1789383217104.035,9.610516548156738,-0.6080122590065002,0.34323275089263916
1789383217119.6995,9.64974308013916,-0.5491724014282227,0.3628460466861725
1789383217135.364,9.64974308013916,-0.47071918845176697,0.32361945509910583
1789383217151.0298,9.610516548156738,-0.3824593424797058,0.32361945509910583
1789383217166.6943,9.590903282165527,-0.40207263827323914,0.34323275089263916
1789383217182.3599,9.610516548156738,-0.40207263827323914,0.34323275089263916
1789383217198.0266,9.64974308013916,-0.4314925968647003,0.32361945509910583
1789383217213.6938,9.610516548156738,-0.509945809841156,0.34323275089263916
1789383217229.3613,9.610516548156738,-0.6080122590065002,0.34323275089263916
1789383217245.0278,9.63012981414795,-0.5883989930152893,0.32361945509910583
1789383217260.6943,9.64974308013916,-0.5295590758323669,0.32361945509910583
1789383217276.3596,9.63012981414795,-0.5491724014282227,0.32361945509910583
1789383217292.0261,9.590903282165527,-0.5687856674194336,0.34323275089263916
1789383217307.6917,9.63012981414795,-0.5687856674194336,0.32361945509910583
1789383217323.3591,9.63012981414795,-0.5883989930152893,0.32361945509910583
1789383217339.0254,9.63012981414795,-0.627625584602356,0.34323275089263916
1789383217354.6929,9.610516548156738,-0.627625584602356,0.34323275089263916
1789383217370.3584,9.63012981414795,-0.5295590758323669,0.32361945509910583
1789383217386.025,9.63012981414795,-0.4903324842453003,0.3040061295032501
1789383217401.6902,9.63012981414795,-0.509945809841156,0.32361945509910583
1789383217417.3567,9.63012981414795,-0.5687856674194336,0.32361945509910583
1789383217433.0242,9.63012981414795,-0.5295590758323669,0.34323275089263916
1789383217448.6917,9.64974308013916,-0.509945809841156,0.3040061295032501
1789383217464.3591,9.610516548156738,-0.5491724014282227,0.34323275089263916
1789383217480.0276,9.610516548156738,-0.5491724014282227,0.34323275089263916
1789383217495.694,9.63012981414795,-0.509945809841156,0.32361945509910583
1789383217511.3625,9.63012981414795,-0.4903324842453003,0.34323275089263916
1789383217527.029,9.610516548156738,-0.5687856674194336,0.32361945509910583
1789383217542.6956,9.610516548156738,-0.6080122590065002,0.34323275089263916
1789383217558.3618,9.63012981414795,-0.5687856674194336,0.34323275089263916
1789383217574.0273,9.63012981414795,-0.4903324842453003,0.34323275089263916
1789383217589.6948,9.610516548156738,-0.47071918845176697,0.34323275089263916
1789383217605.3594,9.610516548156738,-0.4903324842453003,0.32361945509910583
1789383217621.025,9.64974308013916,-0.509945809841156,0.3628460466861725
1789383217636.6895,9.64974308013916,-0.5687856674194336,0.32361945509910583
1789383217652.3547,9.63012981414795,-0.5687856674194336,0.34323275089263916
1789383217668.0203,9.610516548156738,-0.5883989930152893,0.32361945509910583
1789383217683.6868,9.63012981414795,-0.5687856674194336,0.34323275089263916
1789383217699.3542,9.64974308013916,-0.5491724014282227,0.32361945509910583
1789383217715.0208,9.63012981414795,-0.5295590758323669,0.32361945509910583
1789383217730.6863,9.590903282165527,-0.509945809841156,0.32361945509910583
1789383217746.3499,9.610516548156738,-0.5295590758323669,0.34323275089263916
1789383217762.0144,9.63012981414795,-0.5883989930152893,0.34323275089263916
1789383217777.679,9.64974308013916,-0.627625584602356,0.34323275089263916
1789383217793.3433,9.63012981414795,-0.627625584602356,0.34323275089263916
1789383217809.0078,9.610516548156738,-0.5491724014282227,0.32361945509910583
1789383217824.6743,9.610516548156738,-0.5295590758323669,0.3040061295032501
1789383217840.3398,9.63012981414795,-0.5687856674194336,0.32361945509910583
1789383217856.0054,9.63012981414795,-0.6080122590065002,0.3824593424797058
1789383217871.669,9.63012981414795,-0.5491724014282227,0.34323275089263916
1789383217887.3345,9.610516548156738,-0.5295590758323669,0.3040061295032501
1789383217903.001,9.610516548156738,-0.6080122590065002,0.32361945509910583
1789383217918.6655,9.63012981414795,-0.6668521761894226,0.34323275089263916
1789383217934.331,9.669356346130371,-0.6472389101982117,0.3628460466861725
1789383217949.9985,9.64974308013916,-0.6472389101982117,0.34323275089263916
1789383217965.666,9.610516548156738,-0.6080122590065002,0.34323275089263916
1789383217981.3306,9.610516548156738,-0.5295590758323669,0.32361945509910583
1789383217996.996,9.63012981414795,-0.45110589265823364,0.34323275089263916
1789383218012.6606,9.63012981414795,-0.40207263827323914,0.32361945509910583
1789383218028.3264,9.63012981414795,-0.411879301071167,0.32361945509910583
1789383218043.992,9.590903282165527,-0.4314925968647003,0.32361945509910583
1789383218059.6584,9.63012981414795,-0.47071918845176697,0.34323275089263916
1789383218075.325,9.669356346130371,-0.45110589265823364,0.3628460466861725
1789383218090.9924,9.63012981414795,-0.32361945509910583,0.3628460466861725
1789383218106.6602,9.590903282165527,-0.22555294632911682,0.2843928337097168
1789383218122.3276,9.571290016174316,-0.26477953791618347,0.34323275089263916
1789383218137.9932,9.63012981414795,-0.2843928337097168,0.3824593424797058
1789383218153.6587,9.669356346130371,-0.34323275089263916,0.32361945509910583
1789383218169.3242,9.610516548156738,-0.509945809841156,0.3040061295032501
1789383218231.9822,9.63012981414795,-0.6668521761894226,0.3040061295032501
1789383218247.6477,9.532063484191895,-0.6668521761894226,0.3040061295032501
1789383218263.3132,9.590903282165527,-0.6864655017852783,0.32361945509910583
1789383218278.9788,9.728196144104004,-0.5883989930152893,0.40207263827323914
1789383218294.6433,9.708582878112793,-0.4903324842453003,0.32361945509910583
1789383218310.3076,9.551676750183105,-0.4314925968647003,0.2843928337097168
1789383218325.9731,9.532063484191895,-0.509945809841156,0.32361945509910583
1789383218341.6377,9.669356346130371,-0.5295590758323669,0.3628460466861725
1789383218357.3032,9.747809410095215,-0.47071918845176697,0.3824593424797058
1789383218372.9685,9.610516548156738,-0.411879301071167,0.32361945509910583
1789383218388.635,9.532063484191895,-0.3628460466861725,0.2843928337097168
1789383218404.3015,9.590903282165527,-0.3628460466861725,0.32361945509910583
1789383218419.969,9.708582878112793,-0.3824593424797058,0.3824593424797058
1789383218435.6345,9.669356346130371,-0.40207263827323914,0.3824593424797058
1789383218451.3,9.571290016174316,-0.3824593424797058,0.32361945509910583
1789383218466.9653,9.551676750183105,-0.411879301071167,0.26477953791618347
1789383218482.6309,9.64974308013916,-0.5295590758323669,0.3628460466861725
1789383218498.2954,9.708582878112793,-0.627625584602356,0.3824593424797058
1789383218513.961,9.63012981414795,-0.5687856674194336,0.34323275089263916
1789383218529.6233,9.551676750183105,-0.5491724014282227,0.24516624212265015
1789383218545.2878,9.590903282165527,-0.6472389101982117,0.3040061295032501
1789383218560.9534,9.669356346130371,-0.6864655017852783,0.4314925968647003
1789383218576.6187,9.708582878112793,-0.6080122590065002,0.3628460466861725
1789383218592.2832,9.590903282165527,-0.4903324842453003,0.2843928337097168
1789383218607.9487,9.532063484191895,-0.509945809841156,0.2843928337097168
1789383218623.613,9.63012981414795,-0.5295590758323669,0.3628460466861725
1789383218639.2786,9.708582878112793,-0.509945809841156,0.3628460466861725
1789383218654.944,9.63012981414795,-0.5295590758323669,0.32361945509910583
1789383218670.6106,9.532063484191895,-0.6472389101982117,0.32361945509910583
1789383218686.276,9.590903282165527,-0.6864655017852783,0.32361945509910583
1789383218701.9434,9.708582878112793,-0.5491724014282227,0.40207263827323914
1789383218717.608,9.708582878112793,-0.45110589265823364,0.34323275089263916
1789383218733.2734,9.571290016174316,-0.40207263827323914,0.3040061295032501
1789383218748.9377,9.532063484191895,-0.3628460466861725,0.32361945509910583
1789383218764.6042,9.64974308013916,-0.34323275089263916,0.32361945509910583
1789383218780.2698,9.688969612121582,-0.40207263827323914,0.3824593424797058
1789383218795.9343,9.610516548156738,-0.4903324842453003,0.3628460466861725
1789383218811.5986,9.571290016174316,-0.509945809841156,0.3040061295032501
1789383218827.2642,9.63012981414795,-0.4903324842453003,0.32361945509910583
1789383218842.9287,9.688969612121582,-0.47071918845176697,0.3628460466861725
1789383218858.594,9.63012981414795,-0.47071918845176697,0.34323275089263916
1789383218874.2595,9.551676750183105,-0.4903324842453003,0.2843928337097168
1789383218889.925,9.590903282165527,-0.5491724014282227,0.3040061295032501
1789383218905.5884,9.669356346130371,-0.6080122590065002,0.3628460466861725
1789383218921.253,9.669356346130371,-0.6080122590065002,0.3824593424797058
1789383218936.9185,9.610516548156738,-0.5295590758323669,0.32361945509910583
1789383218952.5828,9.571290016174316,-0.45110589265823364,0.3040061295032501
1789383218968.2473,9.610516548156738,-0.4903324842453003,0.32361945509910583
1789383218983.9126,9.64974308013916,-0.5687856674194336,0.3628460466861725
1789383218999.5781,9.64974308013916,-0.627625584602356,0.3628460466861725
1789383219015.2446,9.610516548156738,-0.6080122590065002,0.3040061295032501
1789383219030.9111,9.610516548156738,-0.5295590758323669,0.3040061295032501
1789383219046.5764,9.64974308013916,-0.5295590758323669,0.32361945509910583
1789383219062.243,9.669356346130371,-0.509945809841156,0.3824593424797058
1789383219077.9084,9.63012981414795,-0.4314925968647003,0.3628460466861725
1789383219093.5728,9.610516548156738,-0.40207263827323914,0.2843928337097168
1789383219109.2354,9.590903282165527,-0.4903324842453003,0.3040061295032501
1789383219124.8997,9.64974308013916,-0.627625584602356,0.3824593424797058
1789383219140.5642,9.669356346130371,-0.6864655017852783,0.3628460466861725
1789383219156.2288,9.63012981414795,-0.5491724014282227,0.34323275089263916
1789383219171.894,9.571290016174316,-0.4903324842453003,0.3040061295032501
1789383219187.5596,9.590903282165527,-0.40207263827323914,0.3040061295032501
1789383219203.2258,9.64974308013916,-0.40207263827323914,0.34323275089263916
1789383219218.8901,9.669356346130371,-0.47071918845176697,0.34323275089263916
1789383219234.5535,9.610516548156738,-0.5883989930152893,0.32361945509910583
1789383219250.2178,9.590903282165527,-0.627625584602356,0.3628460466861725
1789383219265.883,9.63012981414795,-0.5491724014282227,0.34323275089263916
1789383219281.5493,9.64974308013916,-0.4314925968647003,0.34323275089263916
1789383219297.2156,9.610516548156738,-0.40207263827323914,0.32361945509910583
1789383219312.885,9.571290016174316,-0.40207263827323914,0.32361945509910583
1789383219328.5513,9.63012981414795,-0.40207263827323914,0.3628460466861725
1789383219344.2166,9.669356346130371,-0.45110589265823364,0.34323275089263916
1789383219359.8818,9.63012981414795,-0.5491724014282227,0.34323275089263916
1789383219375.5461,9.590903282165527,-0.5883989930152893,0.34323275089263916
1789383219391.2104,9.610516548156738,-0.5687856674194336,0.3040061295032501
1789383219406.8735,9.64974308013916,-0.411879301071167,0.3628460466861725
1789383219422.5378,9.63012981414795,-0.40207263827323914,0.3040061295032501
1789383219438.2021,9.590903282165527,-0.40207263827323914,0.34323275089263916
1789383219453.8674,9.590903282165527,-0.509945809841156,0.3040061295032501
1789383219469.5317,9.669356346130371,-0.5687856674194336,0.3628460466861725
1789383219485.197,9.669356346130371,-0.5883989930152893,0.34323275089263916
1789383219500.8594,9.610516548156738,-0.627625584602356,0.32361945509910583
1789383219516.5225,9.590903282165527,-0.6080122590065002,0.34323275089263916
1789383219532.1868,9.63012981414795,-0.5687856674194336,0.34323275089263916
1789383219547.852,9.64974308013916,-0.5295590758323669,0.34323275089263916
1789383219563.5173,9.610516548156738,-0.5491724014282227,0.34323275089263916
1789383219579.1816,9.590903282165527,-0.5295590758323669,0.32361945509910583
1789383219594.847,9.63012981414795,-0.45110589265823364,0.34323275089263916
1789383219610.5122,9.63012981414795,-0.40207263827323914,0.34323275089263916
1789383219626.1765,9.63012981414795,-0.40207263827323914,0.34323275089263916
1789383219641.8406,9.590903282165527,-0.411879301071167,0.32361945509910583
1789383219657.505,9.610516548156738,-0.4314925968647003,0.3040061295032501
1789383219673.1711,9.63012981414795,-0.47071918845176697,0.32361945509910583
1789383219688.8384,9.64974308013916,-0.509945809841156,0.3824593424797058
1789383219704.5037,9.590903282165527,-0.4314925968647003,0.32361945509910583
1789383219720.17,9.610516548156738,-0.411879301071167,0.2843928337097168
1789383219735.8362,9.610516548156738,-0.5491724014282227,0.32361945509910583
1789383219751.5015,9.64974308013916,-0.6668521761894226,0.3628460466861725
1789383219767.1658,9.669356346130371,-0.6472389101982117,0.3628460466861725
1789383219782.83,9.63012981414795,-0.5883989930152893,0.32361945509910583
1789383219798.4941,9.571290016174316,-0.5687856674194336,0.32361945509910583
1789383219814.1594,9.610516548156738,-0.5883989930152893,0.34323275089263916
1789383219829.8257,9.64974308013916,-0.5687856674194336,0.3628460466861725
1789383219845.491,9.669356346130371,-0.5295590758323669,0.34323275089263916
1789383219861.1562,9.590903282165527,-0.4314925968647003,0.32361945509910583
1789383219876.8215,9.571290016174316,-0.40207263827323914,0.32361945509910583
1789383219892.4888,9.63012981414795,-0.411879301071167,0.32361945509910583
1789383219908.155,9.64974308013916,-0.45110589265823364,0.3628460466861725
1789383219923.8193,9.63012981414795,-0.4903324842453003,0.34323275089263916
1789383219939.4834,9.610516548156738,-0.4903324842453003,0.3040061295032501
1789383219955.1467,9.610516548156738,-0.4903324842453003,0.34323275089263916
1789383219970.812,9.63012981414795,-0.45110589265823364,0.34323275089263916
1789383219986.475,9.64974308013916,-0.411879301071167,0.3628460466861725
1789383220002.1404,9.590903282165527,-0.45110589265823364,0.3040061295032501
1789383220017.8047,9.610516548156738,-0.4903324842453003,0.34323275089263916
1789383220033.47,9.64974308013916,-0.509945809841156,0.34323275089263916
1789383220049.1372,9.64974308013916,-0.509945809841156,0.3628460466861725
1789383220064.8044,9.63012981414795,-0.509945809841156,0.34323275089263916
1789383220080.4707,9.610516548156738,-0.509945809841156,0.3040061295032501
1789383220096.1357,9.610516548156738,-0.4903324842453003,0.32361945509910583
1789383220111.802,9.669356346130371,-0.509945809841156,0.34323275089263916
1789383220127.4683,9.63012981414795,-0.5687856674194336,0.3040061295032501
1789383220143.1355,9.610516548156738,-0.5883989930152893,0.34323275089263916
1789383220158.8027,9.610516548156738,-0.6080122590065002,0.3040061295032501
1789383220174.47,9.64974308013916,-0.6472389101982117,0.32361945509910583
1789383220190.1362,9.63012981414795,-0.627625584602356,0.3628460466861725
1789383220205.8027,9.63012981414795,-0.5883989930152893,0.34323275089263916
1789383220221.4692,9.590903282165527,-0.509945809841156,0.2843928337097168
1789383220237.1367,9.610516548156738,-0.4903324842453003,0.32361945509910583
1789383220252.8044,9.63012981414795,-0.5295590758323669,0.34323275089263916
1789383220268.472,9.63012981414795,-0.4903324842453003,0.3628460466861725
1789383220284.1375,9.63012981414795,-0.47071918845176697,0.32361945509910583
1789383220299.803,9.610516548156738,-0.4314925968647003,0.34323275089263916
1789383220315.4675,9.63012981414795,-0.45110589265823364,0.34323275089263916
1789383220331.1318,9.64974308013916,-0.4314925968647003,0.34323275089263916
1789383220346.7964,9.63012981414795,-0.45110589265823364,0.34323275089263916
1789383220362.462,9.610516548156738,-0.509945809841156,0.34323275089263916
1789383220378.1265,9.610516548156738,-0.509945809841156,0.34323275089263916
1789383220393.792,9.64974308013916,-0.47071918845176697,0.34323275089263916
1789383220409.4565,9.610516548156738,-0.47071918845176697,0.34323275089263916
1789383220425.121,9.590903282165527,-0.4903324842453003,0.3040061295032501
1789383220440.7847,9.610516548156738,-0.509945809841156,0.34323275089263916
1789383220456.4502,9.64974308013916,-0.5491724014282227,0.32361945509910583
1789383220472.1157,9.64974308013916,-0.5883989930152893,0.34323275089263916
1789383220487.7812,9.610516548156738,-0.627625584602356,0.3824593424797058
1789383220503.4478,9.590903282165527,-0.6080122590065002,0.3040061295032501
1789383220519.1133,9.63012981414795,-0.5295590758323669,0.34323275089263916
1789383220534.7798,9.63012981414795,-0.5295590758323669,0.32361945509910583
1789383220550.4453,9.610516548156738,-0.5491724014282227,0.34323275089263916
1789383220566.1118,9.610516548156738,-0.5687856674194336,0.3628460466861725
1789383220581.7773,9.64974308013916,-0.509945809841156,0.32361945509910583
1789383220597.4429,9.63012981414795,-0.47071918845176697,0.34323275089263916
1789383220613.1082,9.610516548156738,-0.47071918845176697,0.32361945509910583
1789383220628.7737,9.63012981414795,-0.47071918845176697,0.3040061295032501
1789383220644.4414,9.63012981414795,-0.45110589265823364,0.34323275089263916
1789383220660.1067,9.63012981414795,-0.4903324842453003,0.34323275089263916
1789383220675.7722,9.63012981414795,-0.6080122590065002,0.3040061295032501
1789383220691.4377,9.63012981414795,-0.6080122590065002,0.3628460466861725
1789383220707.1023,9.63012981414795,-0.5491724014282227,0.32361945509910583
1789383220722.7688,9.63012981414795,-0.47071918845176697,0.32361945509910583
1789383220738.4343,9.610516548156738,-0.47071918845176697,0.32361945509910583
1789383220754.1018,9.610516548156738,-0.45110589265823364,0.34323275089263916
1789383220769.7683,9.64974308013916,-0.411879301071167,0.3628460466861725
1789383220785.4338,9.63012981414795,-0.40207263827323914,0.34323275089263916
1789383220801.0994,9.590903282165527,-0.4314925968647003,0.3040061295032501
1789383220816.765,9.610516548156738,-0.509945809841156,0.3628460466861725
1789383220832.4314,9.669356346130371,-0.5295590758323669,0.3628460466861725
1789383220848.096,9.64974308013916,-0.45110589265823364,0.3824593424797058
1789383220863.7615,9.63012981414795,-0.40207263827323914,0.32361945509910583
1789383220879.427,9.590903282165527,-0.3824593424797058,0.32361945509910583
1789383220895.0935,9.610516548156738,-0.45110589265823364,0.34323275089263916
1789383220910.76,9.669356346130371,-0.5687856674194336,0.3628460466861725
1789383220926.4275,9.64974308013916,-0.627625584602356,0.3824593424797058
1789383220942.094,9.63012981414795,-0.5883989930152893,0.34323275089263916
1789383220957.7625,9.590903282165527,-0.45110589265823364,0.2843928337097168
1789383220973.428,9.610516548156738,-0.411879301071167,0.34323275089263916
1789383220989.0945,9.64974308013916,-0.45110589265823364,0.32361945509910583
1789383221004.759,9.63012981414795,-0.4903324842453003,0.3628460466861725
1789383221020.4236,9.610516548156738,-0.5295590758323669,0.3040061295032501
1789383221036.088,9.610516548156738,-0.5883989930152893,0.34323275089263916
1789383221051.7524,9.63012981414795,-0.627625584602356,0.34323275089263916
1789383221067.419,9.669356346130371,-0.6080122590065002,0.3628460466861725
1789383221083.0845,9.63012981414795,-0.5295590758323669,0.32361945509910583
1789383221098.751,9.610516548156738,-0.4903324842453003,0.32361945509910583
1789383221114.4165,9.610516548156738,-0.4903324842453003,0.32361945509910583
1789383221130.082,9.63012981414795,-0.5295590758323669,0.3628460466861725
1789383221145.7466,9.63012981414795,-0.5687856674194336,0.32361945509910583
1789383221161.412,9.610516548156738,-0.5295590758323669,0.3628460466861725
1789383221177.0796,9.610516548156738,-0.45110589265823364,0.32361945509910583
1789383221192.746,9.63012981414795,-0.34323275089263916,0.32361945509910583
1789383221208.4126,9.63012981414795,-0.3040061295032501,0.32361945509910583
1789383221224.079,9.610516548156738,-0.34323275089263916,0.34323275089263916
1789383221239.7446,9.610516548156738,-0.3628460466861725,0.32361945509910583
1789383221255.412,9.610516548156738,-0.47071918845176697,0.32361945509910583
1789383221271.0796,9.63012981414795,-0.5883989930152893,0.34323275089263916
1789383221286.745,9.63012981414795,-0.6668521761894226,0.34323275089263916
1789383221302.4138,9.64974308013916,-0.6472389101982117,0.34323275089263916
1789383221318.0813,9.63012981414795,-0.509945809841156,0.34323275089263916
1789383221333.7488,9.610516548156738,-0.40207263827323914,0.2843928337097168
1789383221349.4175,9.590903282165527,-0.40207263827323914,0.32361945509910583
1789383221365.085,9.63012981414795,-0.509945809841156,0.32361945509910583
1789383221380.7524,9.64974308013916,-0.5687856674194336,0.3628460466861725
1789383221396.419,9.64974308013916,-0.5687856674194336,0.32361945509910583
1789383221412.0864,9.610516548156738,-0.5687856674194336,0.32361945509910583
1789383221427.7532,9.610516548156738,-0.509945809841156,0.3628460466861725
1789383221443.4207,9.64974308013916,-0.411879301071167,0.3628460466861725
1789383221459.0872,9.63012981414795,-0.40207263827323914,0.3040061295032501
1789383221474.7517,9.610516548156738,-0.45110589265823364,0.32361945509910583
1789383221490.4182,9.610516548156738,-0.5687856674194336,0.34323275089263916
1789383221506.0837,9.669356346130371,-0.5491724014282227,0.3628460466861725
1789383221521.7483,9.64974308013916,-0.4903324842453003,0.32361945509910583
1789383221537.4128,9.610516548156738,-0.4903324842453003,0.32361945509910583
1789383221553.0774,9.590903282165527,-0.411879301071167,0.34323275089263916
1789383221568.743,9.64974308013916,-0.34323275089263916,0.3040061295032501
1789383221584.4094,9.64974308013916,-0.3824593424797058,0.34323275089263916
1789383221600.077,9.610516548156738,-0.4903324842453003,0.34323275089263916
1789383221615.7446,9.610516548156738,-0.5491724014282227,0.34323275089263916
1789383221631.413,9.63012981414795,-0.4314925968647003,0.34323275089263916
1789383221647.0806,9.64974308013916,-0.411879301071167,0.32361945509910583
1789383221662.748,9.590903282165527,-0.45110589265823364,0.3628460466861725
1789383221678.4136,9.610516548156738,-0.45110589265823364,0.3628460466861725
1789383221694.08,9.63012981414795,-0.4314925968647003,0.3040061295032501
1789383221709.7437,9.64974308013916,-0.45110589265823364,0.3628460466861725
1789383221725.4082,9.610516548156738,-0.5491724014282227,0.32361945509910583
1789383221741.0737,9.610516548156738,-0.5883989930152893,0.34323275089263916
1789383221756.7402,9.64974308013916,-0.509945809841156,0.34323275089263916
1789383221772.407,9.64974308013916,-0.4314925968647003,0.34323275089263916
1789383221788.0735,9.590903282165527,-0.4314925968647003,0.34323275089263916
1789383221803.74,9.590903282165527,-0.47071918845176697,0.32361945509910583
1789383221819.4065,9.63012981414795,-0.45110589265823364,0.34323275089263916
1789383221835.072,9.64974308013916,-0.45110589265823364,0.3628460466861725
1789383221850.7385,9.610516548156738,-0.4903324842453003,0.32361945509910583
1789383221866.406,9.610516548156738,-0.509945809841156,0.34323275089263916
1789383221882.0725,9.610516548156738,-0.4903324842453003,0.32361945509910583
1789383221897.739,9.669356346130371,-0.3824593424797058,0.3628460466861725
1789383221913.4045,9.63012981414795,-0.3628460466861725,0.3040061295032501
1789383221929.069,9.590903282165527,-0.3824593424797058,0.34323275089263916
1789383221944.7336,9.590903282165527,-0.4314925968647003,0.3040061295032501
1789383221960.3972,9.669356346130371,-0.47071918845176697,0.3628460466861725
1789383221976.0627,9.669356346130371,-0.5295590758323669,0.3628460466861725
1789383221991.7273,9.610516548156738,-0.5491724014282227,0.34323275089263916
1789383222007.3918,9.590903282165527,-0.5295590758323669,0.32361945509910583
1789383222023.0564,9.64974308013916,-0.411879301071167,0.3628460466861725
1789383222038.723,9.64974308013916,-0.34323275089263916,0.34323275089263916
1789383222054.3875,9.610516548156738,-0.3628460466861725,0.3040061295032501
1789383222070.053,9.590903282165527,-0.47071918845176697,0.32361945509910583
1789383222085.7195,9.63012981414795,-0.5687856674194336,0.3628460466861725
1789383222101.385,9.688969612121582,-0.5295590758323669,0.3628460466861725
1789383222117.0515,9.63012981414795,-0.411879301071167,0.34323275089263916
1789383222132.716,9.571290016174316,-0.3824593424797058,0.32361945509910583
1789383222148.3796,9.610516548156738,-0.34323275089263916,0.32361945509910583
1789383222164.0461,9.669356346130371,-0.40207263827323914,0.34323275089263916
1789383222179.7095,9.669356346130371,-0.509945809841156,0.34323275089263916
1789383222195.375,9.610516548156738,-0.5883989930152893,0.3628460466861725
1789383222211.0398,9.610516548156738,-0.5491724014282227,0.34323275089263916
1789383222226.7068,9.63012981414795,-0.411879301071167,0.32361945509910583
1789383222242.3728,9.64974308013916,-0.3824593424797058,0.34323275089263916
1789383222258.0376,9.610516548156738,-0.40207263827323914,0.32361945509910583
1789383222273.7026,9.590903282165527,-0.3824593424797058,0.34323275089263916
1789383222289.3687,9.64974308013916,-0.40207263827323914,0.2843928337097168
1789383222305.0347,9.63012981414795,-0.509945809841156,0.32361945509910583
1789383222320.7007,9.63012981414795,-0.627625584602356,0.3628460466861725
1789383222336.3655,9.64974308013916,-0.6080122590065002,0.32361945509910583
1789383222352.0305,9.64974308013916,-0.45110589265823364,0.34323275089263916
1789383222367.6956,9.610516548156738,-0.40207263827323914,0.3040061295032501
1789383222383.3606,9.590903282165527,-0.411879301071167,0.3628460466861725
1789383222399.0264,9.63012981414795,-0.45110589265823364,0.32361945509910583
1789383222414.6914,9.64974308013916,-0.47071918845176697,0.3628460466861725
1789383222430.3555,9.63012981414795,-0.509945809841156,0.32361945509910583
1789383222446.0205,9.610516548156738,-0.5687856674194336,0.32361945509910583
1789383222461.6843,9.63012981414795,-0.509945809841156,0.34323275089263916
1789383222477.3484,9.64974308013916,-0.4314925968647003,0.34323275089263916
1789383222493.0125,9.63012981414795,-0.3824593424797058,0.34323275089263916
1789383222508.6763,9.610516548156738,-0.3628460466861725,0.32361945509910583
1789383222524.3394,9.590903282165527,-0.3824593424797058,0.3040061295032501
1789383222540.0044,9.64974308013916,-0.4314925968647003,0.3628460466861725
1789383289163.1743,0.029419949278235435,9.306510925292969,0.14709974825382233
1789383289178.843,0.06864655017852783,9.34573745727539,0.14709974825382233
1789383289194.5095,0.06864655017852783,9.208444595336914,0.14709974825382233
1789383289210.1753,0.14709974825382233,9.188830375671387,0.26477953791618347
1789383289225.8428,0.2059396505355835,9.286897659301758,0.18632633984088898
1789383289241.5083,0.08825984597206116,9.34573745727539,0.127486452460289
1789383289257.173,-0.04903324693441391,9.267284393310547,0.127486452460289
1789383289272.8416,-0.08825984597206116,9.228057861328125,0.2059396505355835
1789383289288.507,-0.04903324693441391,9.247671127319336,0.16671304404735565
1789383289304.1729,-0.06864655017852783,9.247671127319336,0.16671304404735565
1789383289319.8394,-0.029419949278235435,9.247671127319336,0.16671304404735565
1789383289335.5068,0.14709974825382233,9.267284393310547,0.18632633984088898
1789383289351.1726,0.2843928337097168,9.286897659301758,0.2059396505355835
1789383289366.8381,0.22555294632911682,9.267284393310547,0.18632633984088898
1789383289382.5037,0.029419949278235435,9.247671127319336,0.16671304404735565
1789383289398.1694,0.0,9.267284393310547,0.18632633984088898
1789383289413.8357,0.04903324693441391,9.208444595336914,0.18632633984088898
1789383289429.5032,0.04903324693441391,9.247671127319336,0.2059396505355835
1789383289445.1687,0.029419949278235435,9.267284393310547,0.14709974825382233
1789383289460.8362,0.04903324693441391,9.306510925292969,0.127486452460289
1789383289476.5005,0.16671304404735565,9.267284393310547,0.18632633984088898
1789383289492.166,0.2843928337097168,9.267284393310547,0.24516624212265015
1789383289507.8325,0.2059396505355835,9.286897659301758,0.16671304404735565
1789383289523.499,0.04903324693441391,9.306510925292969,0.16671304404735565
1789383289539.1633,-0.009806649759411812,9.267284393310547,0.127486452460289
1789383289554.8298,-0.009806649759411812,9.247671127319336,0.16671304404735565
1789383289570.4954,0.009806649759411812,9.208444595336914,0.16671304404735565
1789383289586.1606,0.009806649759411812,9.267284393310547,0.18632633984088898
1789383289601.8262,0.04903324693441391,9.267284393310547,0.14709974825382233
1789383289617.4917,0.16671304404735565,9.267284393310547,0.16671304404735565
1789383289633.1582,0.24516624212265015,9.247671127319336,0.22555294632911682
1789383289648.8254,0.14709974825382233,9.267284393310547,0.18632633984088898
1789383289664.491,0.009806649759411812,9.32612419128418,0.10787314921617508
1789383289680.1555,0.0,9.32612419128418,0.06864655017852783
1789383289695.8228,0.029419949278235435,9.247671127319336,0.16671304404735565
1789383289711.4863,0.029419949278235435,9.149603843688965,0.22555294632911682
1789383289727.1519,0.06864655017852783,9.169217109680176,0.22555294632911682
1789383289742.8162,0.16671304404735565,9.306510925292969,0.16671304404735565
1789383289758.4807,0.3040061295032501,9.34573745727539,0.16671304404735565
1789383289774.145,0.32361945509910583,9.247671127319336,0.18632633984088898
1789383289789.8096,0.24516624212265015,9.228057861328125,0.16671304404735565
1789383289805.4749,0.127486452460289,9.32612419128418,0.16671304404735565
1789383289821.1384,0.009806649759411812,9.32612419128418,0.08825984597206116
1789383289836.8018,-0.029419949278235435,9.208444595336914,0.16671304404735565
1789383289852.4673,-0.009806649759411812,9.188830375671387,0.2059396505355835
1789383289868.1318,0.0,9.286897659301758,0.16671304404735565
1789383289883.798,-0.029419949278235435,9.365350723266602,0.04903324693441391
1789383289899.4636,-0.009806649759411812,9.34573745727539,0.127486452460289
1789383289915.1301,0.127486452460289,9.247671127319336,0.18632633984088898
1789383289930.7954,0.26477953791618347,9.208444595336914,0.3040061295032501
1789383289946.461,0.2059396505355835,9.188830375671387,0.22555294632911682
1789383289962.1265,0.04903324693441391,9.267284393310547,0.18632633984088898
1789383289977.7908,0.04903324693441391,9.306510925292969,0.14709974825382233
1789383289993.4553,0.14709974825382233,9.208444595336914,0.16671304404735565
1789383290009.1196,0.18632633984088898,9.247671127319336,0.2843928337097168
1789383290024.7842,0.14709974825382233,9.247671127319336,0.14709974825382233
1789383290040.4485,0.10787314921617508,9.32612419128418,0.18632633984088898
1789383290056.113,0.127486452460289,9.228057861328125,0.22555294632911682
1789383290071.7773,0.10787314921617508,9.169217109680176,0.26477953791618347
1789383290087.4397,0.0,9.228057861328125,0.24516624212265015
1789383290103.1042,-0.127486452460289,9.286897659301758,0.14709974825382233
1789383290118.7686,-0.14709974825382233,9.228057861328125,0.10787314921617508
1789383290134.4321,0.0,9.208444595336914,0.24516624212265015
1789383290150.0964,0.10787314921617508,9.247671127319336,0.18632633984088898
1789383290165.761,0.029419949278235435,9.34573745727539,0.127486452460289
1789383290181.4243,-0.029419949278235435,9.365350723266602,0.08825984597206116
1789383290197.0889,0.029419949278235435,9.286897659301758,0.10787314921617508
1789383290212.7532,0.16671304404735565,9.267284393310547,0.2059396505355835
1789383290228.4167,0.2059396505355835,9.306510925292969,0.16671304404735565
1789383290244.08,0.10787314921617508,9.32612419128418,0.10787314921617508
1789383290259.7446,0.10787314921617508,9.306510925292969,0.14709974825382233
1789383290275.409,0.16671304404735565,9.228057861328125,0.18632633984088898
1789383290291.0713,0.16671304404735565,9.208444595336914,0.22555294632911682
1789383290306.7349,0.08825984597206116,9.286897659301758,0.18632633984088898
1789383290322.3982,0.029419949278235435,9.32612419128418,0.08825984597206116
1789383290338.0637,0.08825984597206116,9.286897659301758,0.16671304404735565
1789383290353.728,0.127486452460289,9.208444595336914,0.22555294632911682
1789383290369.3936,0.08825984597206116,9.188830375671387,0.22555294632911682
1789383290385.0598,0.029419949278235435,9.247671127319336,0.16671304404735565
1789383290400.7244,0.04903324693441391,9.286897659301758,0.14709974825382233
1789383290416.389,0.10787314921617508,9.286897659301758,0.2059396505355835
1789383290432.0554,0.10787314921617508,9.247671127319336,0.2059396505355835
1789383290447.72,0.009806649759411812,9.286897659301758,0.16671304404735565
1789383290463.3845,-0.08825984597206116,9.247671127319336,0.10787314921617508
1789383290479.051,0.0,9.247671127319336,0.18632633984088898
1789383290494.7185,0.14709974825382233,9.247671127319336,0.2059396505355835
1789383290510.385,0.24516624212265015,9.286897659301758,0.18632633984088898
1789383290526.0496,0.14709974825382233,9.286897659301758,0.18632633984088898
1789383290541.714,0.127486452460289,9.247671127319336,0.16671304404735565
1789383290557.3787,0.22555294632911682,9.267284393310547,0.18632633984088898
1789383290573.0452,0.26477953791618347,9.247671127319336,0.24516624212265015
1789383290588.7117,0.16671304404735565,9.247671127319336,0.22555294632911682
1789383290604.3792,0.04903324693441391,9.228057861328125,0.16671304404735565
1789383290620.0457,0.04903324693441391,9.267284393310547,0.16671304404735565
1789383290635.7134,0.10787314921617508,9.32612419128418,0.14709974825382233
1789383290651.38,0.127486452460289,9.32612419128418,0.10787314921617508
1789383290667.0464,0.06864655017852783,9.32612419128418,0.127486452460289
1789383290682.7139,0.029419949278235435,9.286897659301758,0.127486452460289
1789383290698.3804,0.04903324693441391,9.286897659301758,0.16671304404735565
1789383290714.0469,0.029419949278235435,9.286897659301758,0.18632633984088898
1789383290729.7095,0.0,9.267284393310547,0.127486452460289
1789383290745.375,0.0,9.306510925292969,0.18632633984088898
1789383290761.0425,0.029419949278235435,9.247671127319336,0.18632633984088898
1789383290776.709,0.08825984597206116,9.208444595336914,0.18632633984088898
1789383290792.3735,0.14709974825382233,9.247671127319336,0.24516624212265015
1789383290808.039,0.14709974825382233,9.208444595336914,0.24516624212265015
1789383290823.7056,0.10787314921617508,9.188830375671387,0.26477953791618347
1789383290839.3733,0.10787314921617508,9.149603843688965,0.2059396505355835
1789383290855.0398,0.10787314921617508,9.267284393310547,0.24516624212265015
1789383290870.7053,0.06864655017852783,9.306510925292969,0.16671304404735565
1789383290886.3699,-0.08825984597206116,9.247671127319336,0.14709974825382233
1789383290902.0374,-0.10787314921617508,9.208444595336914,0.18632633984088898
1789383290917.7039,0.0,9.247671127319336,0.127486452460289
1789383290933.3713,0.16671304404735565,9.306510925292969,0.16671304404735565
1789383290949.0388,0.2059396505355835,9.306510925292969,0.16671304404735565
1789383290964.7063,0.10787314921617508,9.34573745727539,0.08825984597206116
1789383290980.3718,0.04903324693441391,9.384963989257812,0.08825984597206116
1789383290996.0396,0.06864655017852783,9.286897659301758,0.14709974825382233
1789383291011.707,0.06864655017852783,9.188830375671387,0.18632633984088898
1789383291027.3745,0.06864655017852783,9.267284393310547,0.22555294632911682
1789383291043.042,0.0,9.34573745727539,0.10787314921617508
1789383291058.7095,-0.08825984597206116,9.306510925292969,0.10787314921617508
1789383291074.3762,-0.08825984597206116,9.188830375671387,0.16671304404735565
1789383291090.0447,0.009806649759411812,9.228057861328125,0.22555294632911682
1789383291105.7122,0.10787314921617508,9.286897659301758,0.16671304404735565
1789383291121.3806,0.10787314921617508,9.247671127319336,0.22555294632911682
1789383291137.0493,0.14709974825382233,9.169217109680176,0.2059396505355835
1789383291152.7168,0.24516624212265015,9.247671127319336,0.2059396505355835
1789383291168.3853,0.26477953791618347,9.32612419128418,0.18632633984088898
1789383291184.0518,0.127486452460289,9.247671127319336,0.14709974825382233
1789383291199.7183,0.009806649759411812,9.149603843688965,0.2059396505355835
1789383291215.3838,0.10787314921617508,9.188830375671387,0.2059396505355835
1789383291231.0515,0.22555294632911682,9.32612419128418,0.10787314921617508
1789383291246.719,0.2059396505355835,9.414383888244629,0.127486452460289
1789383291262.3845,0.127486452460289,9.306510925292969,0.08825984597206116
1789383291278.05,0.04903324693441391,9.286897659301758,0.10787314921617508
1789383291293.7156,0.029419949278235435,9.306510925292969,0.16671304404735565
1789383291309.3801,0.0,9.247671127319336,0.10787314921617508
1789383291325.0466,-0.06864655017852783,9.32612419128418,0.18632633984088898
1789383291340.7131,-0.029419949278235435,9.267284393310547,0.10787314921617508
1789383291356.3806,0.0,9.169217109680176,0.16671304404735565
1789383291372.048,0.08825984597206116,9.228057861328125,0.2843928337097168
1789383291387.7126,0.16671304404735565,9.188830375671387,0.14709974825382233
1789383291403.3801,0.18632633984088898,9.306510925292969,0.22555294632911682
1789383291419.0469,0.18632633984088898,9.267284393310547,0.2059396505355835
1789383291434.7134,0.10787314921617508,9.208444595336914,0.16671304404735565
1789383291450.379,0.04903324693441391,9.267284393310547,0.18632633984088898
1789383291466.0447,0.029419949278235435,9.286897659301758,0.10787314921617508
1789383291481.7112,0.10787314921617508,9.286897659301758,0.16671304404735565
1789383291497.3777,0.16671304404735565,9.247671127319336,0.22555294632911682
1789383291513.0444,0.14709974825382233,9.267284393310547,0.16671304404735565
1789383291528.709,0.06864655017852783,9.286897659301758,0.18632633984088898
1789383291544.3745,0.04903324693441391,9.286897659301758,0.14709974825382233
1789383291560.0413,0.10787314921617508,9.32612419128418,0.14709974825382233
1789383291575.7068,0.10787314921617508,9.306510925292969,0.18632633984088898
1789383291591.3713,0.0,9.188830375671387,0.127486452460289
1789383291607.0369,0.009806649759411812,9.286897659301758,0.14709974825382233
1789383291622.7004,0.10787314921617508,9.365350723266602,0.14709974825382233
1789383291638.3652,0.10787314921617508,9.267284393310547,0.16671304404735565
1789383291654.0278,-0.009806649759411812,9.149603843688965,0.22555294632911682
1789383291669.6924,0.0,9.188830375671387,0.127486452460289
1789383291685.359,0.10787314921617508,9.414383888244629,0.14709974825382233
1789383291701.0244,0.16671304404735565,9.34573745727539,0.16671304404735565
1789383291716.6892,0.08825984597206116,9.129990577697754,0.24516624212265015
1789383291732.3538,0.009806649759411812,9.090764045715332,0.3040061295032501
1789383291748.0183,0.029419949278235435,9.247671127319336,0.2059396505355835
1789383291763.6838,0.04903324693441391,9.267284393310547,0.18632633984088898
1789383291779.3496,0.08825984597206116,9.188830375671387,0.2059396505355835
1789383291795.0151,0.16671304404735565,9.286897659301758,0.18632633984088898
1789383291810.6797,0.127486452460289,9.404577255249023,0.08825984597206116
1789383291826.3433,-0.04903324693441391,9.34573745727539,0.04903324693441391
1789383291842.01,0.0,9.247671127319336,0.14709974825382233
1789383291857.6785,0.18632633984088898,9.247671127319336,0.24516624212265015
1789383291873.344,0.16671304404735565,9.247671127319336,0.24516624212265015
1789383291889.0088,-0.06864655017852783,9.208444595336914,0.18632633984088898
1789383291904.6753,-0.22555294632911682,9.306510925292969,0.06864655017852783
1789383291920.3418,-0.04903324693441391,9.43399715423584,0.06864655017852783
1789383291936.0085,0.06864655017852783,9.32612419128418,0.14709974825382233
1789383291951.675,0.029419949278235435,9.129990577697754,0.22555294632911682
1789383291967.3438,0.06864655017852783,9.188830375671387,0.24516624212265015
1789383291983.0112,0.18632633984088898,9.306510925292969,0.2059396505355835
1789383291998.68,0.22555294632911682,9.247671127319336,0.2059396505355835
1789383292014.3455,0.16671304404735565,9.149603843688965,0.2843928337097168
1789383292030.0132,0.10787314921617508,9.247671127319336,0.2059396505355835
1789383292045.6787,0.009806649759411812,9.34573745727539,0.10787314921617508
1789383292061.3433,-0.04903324693441391,9.306510925292969,0.14709974825382233
1789383292077.0098,0.0,9.169217109680176,0.22555294632911682
1789383292092.6765,0.08825984597206116,9.188830375671387,0.22555294632911682
1789383292108.344,0.14709974825382233,9.286897659301758,0.2059396505355835
1789383292124.0107,0.08825984597206116,9.247671127319336,0.18632633984088898
1789383292139.6772,0.08825984597206116,9.188830375671387,0.22555294632911682
1789383292155.345,0.16671304404735565,9.208444595336914,0.2059396505355835
1789383292171.0134,0.10787314921617508,9.32612419128418,0.16671304404735565
1789383292186.6802,-0.029419949278235435,9.384963989257812,0.06864655017852783
1789383292202.3477,-0.04903324693441391,9.32612419128418,0.08825984597206116
1789383292218.0154,0.08825984597206116,9.267284393310547,0.14709974825382233
1789383292233.682,0.14709974825382233,9.32612419128418,0.18632633984088898
1789383292249.3474,0.04903324693441391,9.306510925292969,0.14709974825382233
1789383292265.0142,-0.009806649759411812,9.188830375671387,0.14709974825382233
1789383292280.6836,0.10787314921617508,9.208444595336914,0.26477953791618347
1789383292296.3513,0.2843928337097168,9.267284393310547,0.24516624212265015
1789383292312.0188,0.24516624212265015,9.286897659301758,0.18632633984088898
1789383292327.6855,0.04903324693441391,9.306510925292969,0.127486452460289
1789383292343.351,0.0,9.247671127319336,0.16671304404735565
1789383292359.0208,0.04903324693441391,9.188830375671387,0.22555294632911682
1789383292374.6873,0.10787314921617508,9.188830375671387,0.26477953791618347
1789383292390.3528,0.04903324693441391,9.267284393310547,0.16671304404735565
1789383292406.0195,0.029419949278235435,9.32612419128418,0.10787314921617508
1789383292421.6858,0.08825984597206116,9.34573745727539,0.10787314921617508
1789383292437.3516,0.16671304404735565,9.32612419128418,0.16671304404735565
1789383292453.0173,0.16671304404735565,9.32612419128418,0.2059396505355835
1789383292468.683,0.06864655017852783,9.306510925292969,0.10787314921617508
1789383292484.348,0.029419949278235435,9.286897659301758,0.18632633984088898
1789383292500.014,0.0,9.228057861328125,0.26477953791618347
1789383292515.6797,-0.04903324693441391,9.129990577697754,0.22555294632911682
1789383292531.3464,-0.04903324693441391,9.188830375671387,0.22555294632911682
1789383292547.0134,0.029419949278235435,9.286897659301758,0.22555294632911682
1789383292562.6802,0.127486452460289,9.306510925292969,0.16671304404735565
1789383292578.347,0.16671304404735565,9.247671127319336,0.22555294632911682
1789383292594.013,0.16671304404735565,9.228057861328125,0.22555294632911682
1789383292609.6787,0.16671304404735565,9.286897659301758,0.2059396505355835
1789383292625.3445,0.127486452460289,9.247671127319336,0.2059396505355835
1789383292641.0103,0.009806649759411812,9.208444595336914,0.2059396505355835
1789383292656.674,0.0,9.228057861328125,0.16671304404735565
1789383292672.341,0.04903324693441391,9.32612419128418,0.127486452460289
1789383292688.0078,0.08825984597206116,9.32612419128418,0.14709974825382233
1789383292703.6746,0.04903324693441391,9.267284393310547,0.18632633984088898
1789383292719.3416,0.04903324693441391,9.247671127319336,0.127486452460289
1789383292735.0083,0.127486452460289,9.384963989257812,0.14709974825382233
1789383292750.673,0.14709974825382233,9.384963989257812,0.14709974825382233
1789383292766.339,0.04903324693441391,9.228057861328125,0.18632633984088898
1789383292782.004,0.08825984597206116,9.169217109680176,0.2059396505355835
1789383292797.6687,0.18632633984088898,9.267284393310547,0.24516624212265015
1789383292813.3335,0.18632633984088898,9.267284393310547,0.22555294632911682
1789383292828.9985,0.10787314921617508,9.169217109680176,0.2059396505355835
1789383292844.6643,0.06864655017852783,9.267284393310547,0.22555294632911682
1789383292860.329,0.04903324693441391,9.32612419128418,0.18632633984088898
1789383292875.994,-0.04903324693441391,9.169217109680176,0.16671304404735565
1789383292891.66,-0.08825984597206116,9.149603843688965,0.22555294632911682
1789383292907.3276,0.009806649759411812,9.286897659301758,0.18632633984088898
1789383292922.9937,0.14709974825382233,9.384963989257812,0.08825984597206116
1789383292938.6614,0.14709974825382233,9.306510925292969,0.16671304404735565
1789383292954.3284,0.10787314921617508,9.188830375671387,0.16671304404735565
1789383292969.996,0.14709974825382233,9.306510925292969,0.16671304404735565
1789383292985.663,0.127486452460289,9.404577255249023,0.10787314921617508
1789383293001.327,0.029419949278235435,9.306510925292969,0.10787314921617508
1789383293016.9907,-0.029419949278235435,9.228057861328125,0.16671304404735565
1789383293032.6575,0.04903324693441391,9.267284393310547,0.14709974825382233
1789383293048.3254,0.06864655017852783,9.32612419128418,0.16671304404735565
1789383293063.9912,0.0,9.228057861328125,0.18632633984088898
1789383293079.6592,0.0,9.169217109680176,0.18632633984088898
1789383293095.329,0.10787314921617508,9.208444595336914,0.22555294632911682
1789383293110.9958,0.127486452460289,9.267284393310547,0.22555294632911682
1789383293126.6619,0.04903324693441391,9.247671127319336,0.2059396505355835
1789383293142.3286,0.04903324693441391,9.286897659301758,0.127486452460289
1789383293157.9956,0.127486452460289,9.32612419128418,0.14709974825382233
1789383293173.6624,0.127486452460289,9.286897659301758,0.2059396505355835
1789383293189.3293,0.029419949278235435,9.188830375671387,0.22555294632911682
1789383293204.995,-0.009806649759411812,9.208444595336914,0.18632633984088898
1789383293220.662,0.029419949278235435,9.267284393310547,0.18632633984088898
1789383293236.3289,0.06864655017852783,9.267284393310547,0.24516624212265015
1789383293251.9949,0.08825984597206116,9.188830375671387,0.22555294632911682
1789383293267.6597,0.127486452460289,9.247671127319336,0.22555294632911682
1789383293283.3254,0.16671304404735565,9.306510925292969,0.127486452460289
1789383293298.9934,0.16671304404735565,9.32612419128418,0.14709974825382233
1789383293314.6604,0.127486452460289,9.286897659301758,0.127486452460289
1789383293330.3262,0.127486452460289,9.32612419128418,0.10787314921617508
1789383293345.9932,0.14709974825382233,9.384963989257812,0.10787314921617508
1789383293361.661,0.04903324693441391,9.34573745727539,0.10787314921617508
1789383293377.3289,0.009806649759411812,9.286897659301758,0.127486452460289
1789383293392.9985,0.009806649759411812,9.286897659301758,0.127486452460289
1789383293408.665,0.029419949278235435,9.365350723266602,0.18632633984088898
1789383293424.331,0.0,9.228057861328125,0.127486452460289
1789383293439.9978,-0.08825984597206116,9.267284393310547,0.24516624212265015
1789383293455.6646,-0.029419949278235435,9.129990577697754,0.24516624212265015
1789383293471.3313,0.04903324693441391,9.110377311706543,0.32361945509910583
1789383293486.998,0.14709974825382233,9.110377311706543,0.34323275089263916
1789383293502.6628,0.16671304404735565,9.169217109680176,0.26477953791618347
1789383293518.3286,0.18632633984088898,9.228057861328125,0.22555294632911682
1789383293533.9944,0.2059396505355835,9.247671127319336,0.24516624212265015
1789383293549.6611,0.2059396505355835,9.228057861328125,0.24516624212265015
1789383293565.328,0.18632633984088898,9.208444595336914,0.22555294632911682
1789383293580.9937,0.2059396505355835,9.247671127319336,0.18632633984088898
1789383293596.6624,0.24516624212265015,9.306510925292969,0.08825984597206116
1789383293612.329,0.24516624212265015,9.384963989257812,0.16671304404735565
1789383293627.9958,0.16671304404735565,9.34573745727539,0.06864655017852783
1789383293643.6638,0.06864655017852783,9.384963989257812,0.06864655017852783
1789383293659.3315,0.009806649759411812,9.384963989257812,0.08825984597206116
1789383293674.9993,0.0,9.286897659301758,0.10787314921617508
1789383293690.665,-0.029419949278235435,9.267284393310547,0.14709974825382233
1789383293706.3308,-0.04903324693441391,9.32612419128418,0.10787314921617508
1789383293721.9985,0.0,9.306510925292969,0.127486452460289
1789383293737.6682,0.127486452460289,9.208444595336914,0.22555294632911682
1789383293753.333,0.22555294632911682,9.188830375671387,0.2843928337097168
1789383293768.9998,0.18632633984088898,9.188830375671387,0.2843928337097168
1789383293784.6665,0.127486452460289,9.247671127319336,0.26477953791618347
1789383293800.3323,0.08825984597206116,9.188830375671387,0.22555294632911682
1789383293815.999,0.06864655017852783,9.247671127319336,0.26477953791618347
1789383293831.6638,0.0,9.228057861328125,0.22555294632911682
1789383293847.3296,-0.04903324693441391,9.188830375671387,0.18632633984088898
1789383293862.9973,0.009806649759411812,9.208444595336914,0.2843928337097168
1789383293878.6643,0.2059396505355835,9.208444595336914,0.24516624212265015
1789383293894.33,0.22555294632911682,9.306510925292969,0.22555294632911682
1789383293909.9968,0.08825984597206116,9.306510925292969,0.08825984597206116
1789383293925.6636,0.06864655017852783,9.365350723266602,0.06864655017852783
1789383293941.3313,0.14709974825382233,9.365350723266602,0.14709974825382233
1789383293956.999,0.14709974825382233,9.247671127319336,0.24516624212265015
1789383293972.6638,-0.009806649759411812,9.188830375671387,0.14709974825382233
1789383293988.3296,-0.04903324693441391,9.306510925292969,0.08825984597206116
1789383294003.9973,0.029419949278235435,9.414383888244629,0.04903324693441391
1789383294019.663,0.16671304404735565,9.34573745727539,0.16671304404735565
1789383294035.3298,0.14709974825382233,9.169217109680176,0.2059396505355835
1789383294050.9968,0.04903324693441391,9.247671127319336,0.18632633984088898
1789383294066.6626,0.0,9.365350723266602,0.10787314921617508
1789383294082.3293,-0.029419949278235435,9.384963989257812,0.06864655017852783
1789383294097.9941,-0.04903324693441391,9.247671127319336,0.2059396505355835
1789383294113.66,-0.029419949278235435,9.129990577697754,0.24516624212265015
1789383294129.3296,0.04903324693441391,9.169217109680176,0.3040061295032501
1789383294144.9954,0.2059396505355835,9.208444595336914,0.26477953791618347
1789383294160.6611,0.22555294632911682,9.208444595336914,0.32361945509910583
1789383294176.3289,0.16671304404735565,9.149603843688965,0.2843928337097168
1789383294191.9956,0.04903324693441391,9.208444595336914,0.22555294632911682
1789383294207.6594,-0.029419949278235435,9.286897659301758,0.18632633984088898
1789383294223.3274,-0.04903324693441391,9.247671127319336,0.18632633984088898
1789383294238.995,-0.009806649759411812,9.247671127319336,0.14709974825382233
1789383294254.6648,0.08825984597206116,9.306510925292969,0.14709974825382233
1789383294270.3337,0.18632633984088898,9.384963989257812,0.14709974825382233
1789383294286.0015,0.2059396505355835,9.32612419128418,0.127486452460289
1789383294301.6682,0.14709974825382233,9.247671127319336,0.2059396505355835
1789383294317.336,0.029419949278235435,9.247671127319336,0.127486452460289
1789383294333.0017,0.0,9.365350723266602,0.10787314921617508
1789383294348.6707,0.04903324693441391,9.384963989257812,0.08825984597206116
1789383294364.3384,0.14709974825382233,9.247671127319336,0.16671304404735565
1789383294380.0051,0.2059396505355835,9.149603843688965,0.32361945509910583
1789383294395.6748,0.127486452460289,9.188830375671387,0.24516624212265015
1789383294411.3423,0.029419949278235435,9.306510925292969,0.127486452460289
1789383294427.009,-0.009806649759411812,9.404577255249023,0.10787314921617508
1789383294442.6787,0.06864655017852783,9.32612419128418,0.06864655017852783
1789383294458.3462,0.127486452460289,9.286897659301758,0.16671304404735565
1789383294474.0159,0.16671304404735565,9.267284393310547,0.24516624212265015
1789383294489.6855,0.14709974825382233,9.169217109680176,0.26477953791618347
1789383294505.3542,0.14709974825382233,9.129990577697754,0.3040061295032501
1789383294521.0217,0.10787314921617508,9.188830375671387,0.26477953791618347
1789383294536.6885,0.04903324693441391,9.247671127319336,0.18632633984088898
1789383294552.354,0.029419949278235435,9.32612419128418,0.14709974825382233
1789383294568.0208,0.029419949278235435,9.286897659301758,0.16671304404735565
1789383294583.6863,0.06864655017852783,9.247671127319336,0.22555294632911682
1789383294599.355,0.06864655017852783,9.169217109680176,0.2059396505355835
1789383294615.0217,0.10787314921617508,9.228057861328125,0.2059396505355835
1789383294630.6904,0.2059396505355835,9.306510925292969,0.2059396505355835
1789383294646.358,0.18632633984088898,9.32612419128418,0.10787314921617508
1789383294662.0256,0.14709974825382233,9.365350723266602,0.127486452460289
1789383294677.6924,0.06864655017852783,9.32612419128418,0.14709974825382233
1789383294693.3608,0.06864655017852783,9.247671127319336,0.16671304404735565
1789383294709.0286,0.127486452460289,9.228057861328125,0.18632633984088898
1789383294724.6963,0.10787314921617508,9.34573745727539,0.2059396505355835
1789383294740.3647,0.009806649759411812,9.32612419128418,0.06864655017852783
1789383294756.0315,0.0,9.34573745727539,0.08825984597206116
1789383294771.6992,0.06864655017852783,9.34573745727539,0.10787314921617508
1789383294787.3667,0.10787314921617508,9.286897659301758,0.16671304404735565
1789383294803.0344,0.029419949278235435,9.228057861328125,0.24516624212265015
1789383294818.7012,0.009806649759411812,9.110377311706543,0.22555294632911682
1789383294834.3696,0.08825984597206116,9.169217109680176,0.3040061295032501
1789383294850.0374,0.22555294632911682,9.208444595336914,0.3040061295032501
1789383294865.705,0.22555294632911682,9.149603843688965,0.32361945509910583
1789383294881.3716,0.08825984597206116,9.208444595336914,0.22555294632911682
1789383294897.0374,-0.029419949278235435,9.32612419128418,0.16671304404735565
1789383294912.7039,-0.08825984597206116,9.267284393310547,0.18632633984088898
1789383294928.3706,-0.06864655017852783,9.129990577697754,0.26477953791618347
1789383294944.0383,0.029419949278235435,9.188830375671387,0.24516624212265015
1789383294959.7039,0.04903324693441391,9.32612419128418,0.16671304404735565
1789383294975.3696,0.009806649759411812,9.34573745727539,0.04903324693441391
1789383294991.037,0.029419949278235435,9.286897659301758,0.16671304404735565
1789383295006.7039,0.14709974825382233,9.267284393310547,0.18632633984088898
1789383295022.3696,0.18632633984088898,9.32612419128418,0.10787314921617508
1789383295038.0352,0.04903324693441391,9.414383888244629,0.04903324693441391
1789383295053.6987,0.009806649759411812,9.34573745727539,0.029419949278235435
1789383295069.3665,0.08825984597206116,9.247671127319336,0.2059396505355835
1789383295085.0332,0.2059396505355835,9.208444595336914,0.24516624212265015
1789383295100.6997,0.18632633984088898,9.286897659301758,0.18632633984088898
1789383295116.3665,0.10787314921617508,9.306510925292969,0.16671304404735565
1789383295132.0352,0.14709974825382233,9.247671127319336,0.16671304404735565
1789383295147.7017,0.2059396505355835,9.228057861328125,0.22555294632911682
1789383295163.3704,0.10787314921617508,9.208444595336914,0.34323275089263916
1789383295179.0361,-0.06864655017852783,9.071150779724121,0.22555294632911682
1789383295194.7017,-0.10787314921617508,9.169217109680176,0.26477953791618347
1789383295210.3704,0.029419949278235435,9.228057861328125,0.24516624212265015
1789383295226.038,0.14709974825382233,9.267284393310547,0.2059396505355835
1789383295241.7046,0.127486452460289,9.267284393310547,0.18632633984088898
1789383295257.3704,0.08825984597206116,9.306510925292969,0.10787314921617508
1789383295273.036,0.127486452460289,9.365350723266602,0.127486452460289
1789383295288.7026,0.10787314921617508,9.247671127319336,0.16671304404735565
1789383295304.3694,0.08825984597206116,9.208444595336914,0.127486452460289
1789383295320.036,0.14709974825382233,9.32612419128418,0.127486452460289
1789383295335.7017,0.2843928337097168,9.414383888244629,0.08825984597206116
1789383295351.3682,0.3040061295032501,9.32612419128418,0.06864655017852783
1789383295367.035,0.2059396505355835,9.404577255249023,0.16671304404735565
1789383295382.6997,0.06864655017852783,9.365350723266602,0.0
1789383295398.3662,0.009806649759411812,9.365350723266602,0.04903324693441391
1789383295414.033,0.04903324693441391,9.247671127319336,0.24516624212265015
1789383295429.7007,0.06864655017852783,9.090764045715332,0.2843928337097168
1789383295445.3655,0.08825984597206116,9.149603843688965,0.32361945509910583
1789383295461.0325,0.08825984597206116,9.228057861328125,0.22555294632911682
1789383295476.7002,0.06864655017852783,9.247671127319336,0.18632633984088898
1789383295492.3682,0.04903324693441391,9.149603843688965,0.3040061295032501
1789383295508.034,0.0,9.090764045715332,0.32361945509910583
1789383295523.702,-0.029419949278235435,9.110377311706543,0.22555294632911682
1789383295539.3696,-0.009806649759411812,9.267284393310547,0.18632633984088898
1789383295555.0386,0.029419949278235435,9.34573745727539,0.08825984597206116
1789383295570.7063,0.10787314921617508,9.286897659301758,0.127486452460289
1789383295586.3752,0.18632633984088898,9.267284393310547,0.18632633984088898
1789383295602.043,0.26477953791618347,9.306510925292969,0.14709974825382233
1789383295617.711,0.26477953791618347,9.404577255249023,0.08825984597206116
1789383295633.3777,0.127486452460289,9.414383888244629,0.04903324693441391
1789383295649.0437,-0.009806649759411812,9.34573745727539,0.029419949278235435
1789383295664.7114,-0.06864655017852783,9.286897659301758,0.127486452460289
1789383295680.3784,0.0,9.286897659301758,0.18632633984088898
1789383295696.049,0.10787314921617508,9.228057861328125,0.18632633984088898
1789383295711.717,0.127486452460289,9.247671127319336,0.18632633984088898
1789383295727.387,0.14709974825382233,9.286897659301758,0.2059396505355835
1789383295743.0557,0.127486452460289,9.247671127319336,0.2059396505355835
1789383295758.7246,0.06864655017852783,9.129990577697754,0.2843928337097168
1789383295774.3923,0.029419949278235435,9.149603843688965,0.2843928337097168
1789383295790.0613,0.009806649759411812,9.267284393310547,0.22555294632911682
1789383295805.7292,0.06864655017852783,9.247671127319336,0.18632633984088898
1789383295821.398,0.18632633984088898,9.208444595336914,0.2059396505355835
1789383295837.067,0.22555294632911682,9.267284393310547,0.2843928337097168
1789383295852.7346,0.08825984597206116,9.247671127319336,0.18632633984088898
1789383295868.4016,0.0,9.208444595336914,0.16671304404735565
1789383295884.0735,0.06864655017852783,9.286897659301758,0.18632633984088898
1789383295899.7393,0.22555294632911682,9.34573745727539,0.14709974825382233
1789383295915.4072,0.2059396505355835,9.384963989257812,0.14709974825382233
1789383295931.074,0.06864655017852783,9.32612419128418,0.08825984597206116
1789383295946.742,0.029419949278235435,9.306510925292969,0.08825984597206116
1789383295962.4097,0.14709974825382233,9.32612419128418,0.18632633984088898
1789383295978.0767,0.127486452460289,9.228057861328125,0.2059396505355835
1789383295993.7424,-0.009806649759411812,9.188830375671387,0.2059396505355835
1789383296009.4114,0.009806649759411812,9.286897659301758,0.127486452460289
1789383296025.0793,0.14709974825382233,9.365350723266602,0.14709974825382233
1789383296040.748,0.18632633984088898,9.286897659301758,0.22555294632911682
1789383296056.414,0.04903324693441391,9.129990577697754,0.24516624212265015
1789383296072.0818,-0.009806649759411812,9.208444595336914,0.2059396505355835
1789383296087.7507,0.04903324693441391,9.306510925292969,0.18632633984088898
1789383296103.4175,0.08825984597206116,9.247671127319336,0.18632633984088898
1789383296119.0845,0.127486452460289,9.208444595336914,0.22555294632911682
1789383296134.7522,0.127486452460289,9.267284393310547,0.22555294632911682
1789383296150.4192,0.14709974825382233,9.286897659301758,0.14709974825382233
1789383296166.0872,0.127486452460289,9.247671127319336,0.2059396505355835
1789383296181.755,0.14709974825382233,9.228057861328125,0.2059396505355835
1789383296197.421,0.127486452460289,9.286897659301758,0.16671304404735565
1789383296213.0867,0.04903324693441391,9.404577255249023,0.127486452460289
1789383296228.7505,-0.009806649759411812,9.286897659301758,0.127486452460289
1789383296244.4165,0.0,9.169217109680176,0.22555294632911682
1789383296260.0813,0.08825984597206116,9.188830375671387,0.24516624212265015
1789383296275.746,0.10787314921617508,9.267284393310547,0.22555294632911682
1789383296291.4111,0.06864655017852783,9.247671127319336,0.18632633984088898
1789383296307.0789,0.08825984597206116,9.247671127319336,0.2059396505355835
1789383296322.7468,0.10787314921617508,9.286897659301758,0.2059396505355835
1789383296338.4116,0.029419949278235435,9.267284393310547,0.18632633984088898
1789383296354.0786,-0.06864655017852783,9.228057861328125,0.16671304404735565
1789383296369.7463,0.0,9.208444595336914,0.16671304404735565
1789383296385.4153,0.18632633984088898,9.306510925292969,0.16671304404735565
1789383296401.0833,0.18632633984088898,9.32612419128418,0.16671304404735565
1789383296416.75,0.029419949278235435,9.306510925292969,0.14709974825382233
1789383296432.4165,-0.029419949278235435,9.286897659301758,0.08825984597206116
1789383296448.085,0.029419949278235435,9.306510925292969,0.127486452460289
1789383296463.7534,0.127486452460289,9.247671127319336,0.18632633984088898
1789383296479.4219,0.10787314921617508,9.286897659301758,0.22555294632911682
1789383296495.0894,0.10787314921617508,9.306510925292969,0.127486452460289
1789383296510.7568,0.08825984597206116,9.286897659301758,0.18632633984088898
1789383296526.4255,0.08825984597206116,9.169217109680176,0.24516624212265015
1789383296542.095,0.08825984597206116,9.129990577697754,0.26477953791618347
1789383296557.7634,0.08825984597206116,9.228057861328125,0.24516624212265015
1789383296573.431,0.06864655017852783,9.32612419128418,0.14709974825382233
1789383296589.0994,0.04903324693441391,9.247671127319336,0.18632633984088898
1789383296604.769,0.08825984597206116,9.208444595336914,0.18632633984088898
1789383296620.4375,0.14709974825382233,9.32612419128418,0.16671304404735565
1789383296636.106,0.06864655017852783,9.34573745727539,0.14709974825382233
1789383296651.7744,-0.009806649759411812,9.188830375671387,0.16671304404735565
1789383296667.445,0.029419949278235435,9.149603843688965,0.22555294632911682
1789383296683.1145,0.2059396505355835,9.286897659301758,0.18632633984088898
1789383296698.783,0.22555294632911682,9.34573745727539,0.127486452460289
1789383296714.4526,0.127486452460289,9.384963989257812,0.08825984597206116
1789383296730.123,0.127486452460289,9.34573745727539,0.08825984597206116
1789383296745.7927,0.14709974825382233,9.286897659301758,0.14709974825382233
1789383296761.4631,0.06864655017852783,9.188830375671387,0.24516624212265015
1789383296777.1316,0.0,9.129990577697754,0.24516624212265015
1789383296792.8032,0.029419949278235435,9.228057861328125,0.18632633984088898
1789383296808.4739,0.127486452460289,9.32612419128418,0.16671304404735565
1789383296824.1433,0.127486452460289,9.306510925292969,0.127486452460289
1789383296839.8118,0.10787314921617508,9.286897659301758,0.127486452460289
1789383296855.4814,0.127486452460289,9.32612419128418,0.10787314921617508
1789383296871.151,0.16671304404735565,9.286897659301758,0.16671304404735565
1789383296886.8206,0.16671304404735565,9.188830375671387,0.2843928337097168
1789383296902.4912,0.16671304404735565,9.110377311706543,0.26477953791618347
1789383296918.1606,0.18632633984088898,9.208444595336914,0.26477953791618347
1789383296933.8303,0.14709974825382233,9.208444595336914,0.18632633984088898
1789383296949.5007,0.08825984597206116,9.247671127319336,0.16671304404735565
1789383296965.1714,0.08825984597206116,9.306510925292969,0.127486452460289
1789383296980.8408,0.08825984597206116,9.32612419128418,0.16671304404735565
1789383296996.5105,0.04903324693441391,9.247671127319336,0.14709974825382233
1789383297012.179,0.0,9.188830375671387,0.18632633984088898
1789383297027.8496,0.06864655017852783,9.247671127319336,0.2059396505355835
1789383297043.5193,0.127486452460289,9.34573745727539,0.14709974825382233
1789383297059.1887,0.06864655017852783,9.286897659301758,0.127486452460289
1789383297074.8574,-0.009806649759411812,9.286897659301758,0.127486452460289
1789383297090.528,-0.009806649759411812,9.34573745727539,0.10787314921617508
1789383297106.1985,0.08825984597206116,9.365350723266602,0.04903324693441391
1789383297121.87,0.2059396505355835,9.34573745727539,0.127486452460289
1789383297137.5408,0.3040061295032501,9.286897659301758,0.2059396505355835
1789383297153.2114,0.22555294632911682,9.228057861328125,0.22555294632911682
1789383297168.882,0.08825984597206116,9.188830375671387,0.2059396505355835
1789383297184.5505,-0.04903324693441391,9.208444595336914,0.22555294632911682
1789383297200.2192,-0.009806649759411812,9.208444595336914,0.18632633984088898
1789383297215.89,0.10787314921617508,9.228057861328125,0.2059396505355835
1789383297231.5593,0.10787314921617508,9.228057861328125,0.2843928337097168
1789383297247.227,0.0,9.149603843688965,0.2059396505355835
1789383297262.8977,-0.06864655017852783,9.267284393310547,0.16671304404735565
1789383297278.5671,-0.029419949278235435,9.32612419128418,0.14709974825382233
1789383297294.2378,0.009806649759411812,9.267284393310547,0.18632633984088898
1789383297309.9084,0.06864655017852783,9.208444595336914,0.18632633984088898
1789383297325.5781,0.14709974825382233,9.286897659301758,0.14709974825382233
1789383297341.2478,0.14709974825382233,9.365350723266602,0.16671304404735565
1789383297356.9185,0.127486452460289,9.247671127319336,0.127486452460289
1789383297372.589,0.10787314921617508,9.267284393310547,0.127486452460289
1789383297388.2576,0.08825984597206116,9.404577255249023,0.127486452460289
1789383297403.9263,0.0,9.34573745727539,0.04903324693441391
1789383297419.5938,0.0,9.247671127319336,0.127486452460289
1789383297435.2622,0.10787314921617508,9.208444595336914,0.26477953791618347
1789383297450.9329,0.18632633984088898,9.228057861328125,0.127486452460289
1789383297466.6013,0.14709974825382233,9.286897659301758,0.22555294632911682
1789383297482.271,0.08825984597206116,9.228057861328125,0.16671304404735565
1789383297497.9404,0.127486452460289,9.208444595336914,0.18632633984088898
1789383297513.6091,0.16671304404735565,9.208444595336914,0.2843928337097168
1789383297529.2776,0.04903324693441391,9.208444595336914,0.14709974825382233
1789383297544.945,0.0,9.306510925292969,0.16671304404735565
1789383297560.6147,0.009806649759411812,9.306510925292969,0.127486452460289
1789383297576.2854,0.06864655017852783,9.247671127319336,0.14709974825382233
1789383297591.9539,0.029419949278235435,9.228057861328125,0.24516624212265015
1789383297607.6213,-0.009806649759411812,9.228057861328125,0.14709974825382233
1789383297623.291,0.06864655017852783,9.306510925292969,0.04903324693441391
1789383297638.9595,0.2059396505355835,9.384963989257812,0.18632633984088898
1789383297654.6292,0.26477953791618347,9.188830375671387,0.22555294632911682
1789383297670.2976,0.24516624212265015,9.149603843688965,0.22555294632911682
1789383297685.967,0.18632633984088898,9.306510925292969,0.10787314921617508
1789383297701.6348,0.14709974825382233,9.404577255249023,0.08825984597206116
1789383297717.3032,0.06864655017852783,9.286897659301758,0.127486452460289
1789383297732.972,0.04903324693441391,9.208444595336914,0.14709974825382233
1789383297748.6394,0.08825984597206116,9.32612419128418,0.18632633984088898
1789383297764.306,0.04903324693441391,9.306510925292969,0.14709974825382233
1789383297779.9724,0.009806649759411812,9.188830375671387,0.16671304404735565
1789383297795.6392,0.04903324693441391,9.208444595336914,0.22555294632911682
1789383297811.3076,0.127486452460289,9.286897659301758,0.16671304404735565
1789383297826.974,0.08825984597206116,9.267284393310547,0.18632633984088898
1789383297842.6416,0.04903324693441391,9.188830375671387,0.24516624212265015
1789383297858.3083,0.06864655017852783,9.149603843688965,0.2059396505355835
1789383297873.9739,0.04903324693441391,9.267284393310547,0.24516624212265015
1789383297889.6394,0.029419949278235435,9.267284393310547,0.10787314921617508
1789383297905.306,0.06864655017852783,9.306510925292969,0.10787314921617508
1789383297920.9724,0.18632633984088898,9.32612419128418,0.18632633984088898
1789383297936.638,0.2059396505355835,9.306510925292969,0.10787314921617508
1789383297952.3057,0.08825984597206116,9.267284393310547,0.14709974825382233
1789383297967.9722,-0.009806649759411812,9.267284393310547,0.14709974825382233
1789383297983.6406,0.009806649759411812,9.267284393310547,0.10787314921617508
1789383297999.308,0.08825984597206116,9.286897659301758,0.14709974825382233
1789383298014.9768,0.127486452460289,9.247671127319336,0.16671304404735565
1789383298030.6443,0.14709974825382233,9.247671127319336,0.14709974825382233
1789383298046.313,0.16671304404735565,9.306510925292969,0.127486452460289
1789383298061.9805,0.127486452460289,9.306510925292969,0.14709974825382233
1789383298077.646,0.04903324693441391,9.267284393310547,0.14709974825382233
1789383298093.3105,0.0,9.228057861328125,0.2059396505355835
1789383298108.977,0.0,9.208444595336914,0.16671304404735565
1789383298124.6455,0.06864655017852783,9.247671127319336,0.18632633984088898
1789383298140.3123,0.127486452460289,9.247671127319336,0.18632633984088898
1789383298155.9778,0.14709974825382233,9.228057861328125,0.2059396505355835
1789383298171.6433,0.10787314921617508,9.247671127319336,0.2059396505355835
1789383298187.3079,0.0,9.286897659301758,0.14709974825382233
1789383298202.9724,-0.029419949278235435,9.306510925292969,0.14709974825382233
1789383298218.638,0.009806649759411812,9.247671127319336,0.10787314921617508
1789383298234.3025,0.10787314921617508,9.247671127319336,0.2059396505355835
1789383298249.967,0.14709974825382233,9.208444595336914,0.24516624212265015
1789383298265.6326,0.10787314921617508,9.228057861328125,0.18632633984088898
1789383298281.299,0.06864655017852783,9.286897659301758,0.16671304404735565
1789383298296.9656,0.127486452460289,9.267284393310547,0.16671304404735565
1789383298312.6323,0.14709974825382233,9.247671127319336,0.2059396505355835
1789383298328.2979,0.10787314921617508,9.286897659301758,0.2059396505355835
1789383298343.9624,0.009806649759411812,9.286897659301758,0.08825984597206116
1789383298359.6257,-0.009806649759411812,9.306510925292969,0.127486452460289
1789383298375.2935,0.06864655017852783,9.306510925292969,0.127486452460289
1789383298390.96,0.14709974825382233,9.306510925292969,0.14709974825382233
1789383298406.6245,0.08825984597206116,9.286897659301758,0.18632633984088898
1789383298422.291,0.029419949278235435,9.247671127319336,0.127486452460289
1789383298437.9578,0.029419949278235435,9.306510925292969,0.14709974825382233
1789383298453.6245,0.06864655017852783,9.247671127319336,0.2059396505355835
1789383298469.3079,0.06864655017852783,9.188830375671387,0.14709974825382233
1789383298485.007,0.08825984597206116,9.286897659301758,0.2059396505355835
1789383298500.7085,0.06864655017852783,9.267284393310547,0.14709974825382233
1789383298516.4258,0.04903324693441391,9.267284393310547,0.16671304404735565
1789383298532.1113,0.08825984597206116,9.228057861328125,0.18632633984088898
1789383298547.8127,0.127486452460289,9.286897659301758,0.2059396505355835
1789383298563.5125,0.16671304404735565,9.286897659301758,0.22555294632911682
1789383298579.2144,0.127486452460289,9.208444595336914,0.18632633984088898
1789383298594.9172,0.127486452460289,9.188830375671387,0.22555294632911682
1789383298610.6191,0.14709974825382233,9.247671127319336,0.22555294632911682
1789383298626.3213,0.10787314921617508,9.286897659301758,0.08825984597206116
1789383298642.0234,0.04903324693441391,9.32612419128418,0.16671304404735565
1789383298657.7249,0.06864655017852783,9.286897659301758,0.14709974825382233
1789383298673.4253,0.10787314921617508,9.247671127319336,0.127486452460289
1789383298689.1257,0.127486452460289,9.286897659301758,0.2059396505355835
1789383298704.8252,0.08825984597206116,9.306510925292969,0.14709974825382233
1789383298720.526,0.06864655017852783,9.306510925292969,0.127486452460289
1789383298736.2278,0.04903324693441391,9.286897659301758,0.127486452460289
1789383298751.9287,0.009806649759411812,9.267284393310547,0.16671304404735565
1789383298767.6287,-0.029419949278235435,9.267284393310547,0.14709974825382233
1789383298783.3298,-0.009806649759411812,9.247671127319336,0.127486452460289
1789383298799.034,0.04903324693441391,9.267284393310547,0.2059396505355835
1789383298814.7363,0.10787314921617508,9.228057861328125,0.18632633984088898
1789383298830.4377,0.2059396505355835,9.247671127319336,0.22555294632911682
1789383298846.1401,0.24516624212265015,9.208444595336914,0.22555294632911682
1789383298861.8418,0.24516624212265015,9.208444595336914,0.24516624212265015
1789383298877.5435,0.14709974825382233,9.208444595336914,0.24516624212265015
1789383298893.2463,0.04903324693441391,9.188830375671387,0.16671304404735565
1789383298908.9482,0.029419949278235435,9.286897659301758,0.14709974825382233
1789383298924.6501,0.08825984597206116,9.34573745727539,0.16671304404735565
1789383298940.3542,0.04903324693441391,9.267284393310547,0.14709974825382233
1789383298956.0564,0.0,9.247671127319336,0.14709974825382233
1789383298971.7578,-0.009806649759411812,9.32612419128418,0.10787314921617508
1789383298987.4622,0.029419949278235435,9.384963989257812,0.08825984597206116
1789383299003.1648,0.04903324693441391,9.286897659301758,0.10787314921617508
1789383299018.8672,0.029419949278235435,9.267284393310547,0.18632633984088898
1789383299034.569,0.029419949278235435,9.267284393310547,0.16671304404735565
1789383299050.2708,0.10787314921617508,9.286897659301758,0.14709974825382233
1789383299065.9736,0.14709974825382233,9.267284393310547,0.22555294632911682
1789383299081.6758,0.16671304404735565,9.188830375671387,0.22555294632911682
1789383299097.378,0.127486452460289,9.208444595336914,0.22555294632911682
1789383299113.083,0.08825984597206116,9.247671127319336,0.2059396505355835
1789383299128.7874,0.06864655017852783,9.267284393310547,0.14709974825382233
1789383299144.493,0.10787314921617508,9.267284393310547,0.2059396505355835
1789383299160.1973,0.10787314921617508,9.247671127319336,0.18632633984088898
1789383299175.9019,0.04903324693441391,9.267284393310547,0.16671304404735565
1789383299191.6038,0.04903324693441391,9.228057861328125,0.16671304404735565
1789383299207.3086,0.18632633984088898,9.247671127319336,0.16671304404735565
1789383299223.0125,0.24516624212265015,9.267284393310547,0.16671304404735565
1789383299238.7153,0.14709974825382233,9.306510925292969,0.16671304404735565
1789383299254.4175,-0.029419949278235435,9.306510925292969,0.08825984597206116
1789383299270.1228,-0.08825984597206116,9.32612419128418,0.06864655017852783
1789383299285.8281,-0.06864655017852783,9.306510925292969,0.14709974825382233
1789383299301.5325,-0.04903324693441391,9.208444595336914,0.18632633984088898
1789383299317.238,0.009806649759411812,9.208444595336914,0.16671304404735565
1789383299332.9426,0.14709974825382233,9.286897659301758,0.14709974825382233
1789383299348.6475,0.22555294632911682,9.365350723266602,0.18632633984088898
1789383299364.3503,0.10787314921617508,9.247671127319336,0.14709974825382233
1789383299380.0542,0.009806649759411812,9.169217109680176,0.22555294632911682
1789383299395.7573,0.04903324693441391,9.228057861328125,0.22555294632911682
1789383299411.4614,0.08825984597206116,9.286897659301758,0.14709974825382233
1789383299427.1636,0.127486452460289,9.247671127319336,0.18632633984088898
1789383299442.868,0.127486452460289,9.208444595336914,0.16671304404735565
1789383299458.5713,0.2059396505355835,9.306510925292969,0.16671304404735565
1789383299474.2495,0.16671304404735565,9.306510925292969,0.18632633984088898
1789383299489.9116,0.06864655017852783,9.228057861328125,0.08825984597206116
1789383299505.5715,0.04903324693441391,9.32612419128418,0.14709974825382233
1789383299521.2327,0.127486452460289,9.384963989257812,0.06864655017852783
1789383299536.8938,0.10787314921617508,9.365350723266602,0.08825984597206116
1789383299552.5527,-0.029419949278235435,9.208444595336914,0.18632633984088898
1789383299568.2139,-0.029419949278235435,9.188830375671387,0.14709974825382233
1789383299583.8767,0.06864655017852783,9.34573745727539,0.14709974825382233
1789383299599.5388,0.06864655017852783,9.306510925292969,0.16671304404735565
1789383299615.1987,-0.04903324693441391,9.129990577697754,0.16671304404735565
1789383299630.8596,-0.08825984597206116,9.188830375671387,0.22555294632911682
1789383299646.5227,0.04903324693441391,9.267284393310547,0.2059396505355835
1789383299662.1846,0.14709974825382233,9.188830375671387,0.2059396505355835
1789383299677.8455,0.18632633984088898,9.188830375671387,0.26477953791618347
1789383299693.5073,0.2059396505355835,9.267284393310547,0.2059396505355835
1789383299709.1692,0.18632633984088898,9.247671127319336,0.18632633984088898
1789383299724.831,0.10787314921617508,9.188830375671387,0.2059396505355835
1789383299740.493,0.10787314921617508,9.228057861328125,0.18632633984088898
1789383299756.1528,0.16671304404735565,9.34573745727539,0.14709974825382233
1789383299771.8115,0.16671304404735565,9.306510925292969,0.08825984597206116
1789383299787.4705,0.16671304404735565,9.286897659301758,0.18632633984088898
1789383299803.132,0.08825984597206116,9.247671127319336,0.16671304404735565
1789383299818.793,0.04903324693441391,9.267284393310547,0.10787314921617508
1789383299834.4517,0.0,9.306510925292969,0.08825984597206116
1789383299850.1125,0.009806649759411812,9.365350723266602,0.08825984597206116
1789383299865.7732,0.127486452460289,9.34573745727539,0.08825984597206116
1789383299881.4329,0.18632633984088898,9.286897659301758,0.127486452460289
1789383299897.0935,0.16671304404735565,9.247671127319336,0.2059396505355835
1789383299912.7554,0.08825984597206116,9.247671127319336,0.127486452460289
1789383299928.416,0.029419949278235435,9.267284393310547,0.16671304404735565
1789383299944.0786,0.009806649759411812,9.228057861328125,0.14709974825382233
1789383299959.7393,-0.009806649759411812,9.228057861328125,0.24516624212265015
1789383299975.4019,-0.009806649759411812,9.169217109680176,0.14709974825382233
1789383299991.0645,0.06864655017852783,9.247671127319336,0.18632633984088898
1789383300006.725,0.2059396505355835,9.286897659301758,0.24516624212265015
1789383300022.3857,0.22555294632911682,9.169217109680176,0.16671304404735565
1789383300038.0452,0.16671304404735565,9.208444595336914,0.2843928337097168
1789383300053.7048,0.06864655017852783,9.228057861328125,0.14709974825382233
1789383300069.3655,0.029419949278235435,9.286897659301758,0.14709974825382233
1789383300085.026,0.029419949278235435,9.208444595336914,0.22555294632911682
1789383300100.6853,0.04903324693441391,9.188830375671387,0.16671304404735565
1789383300116.346,0.06864655017852783,9.32612419128418,0.127486452460289
1789383300132.0063,0.04903324693441391,9.404577255249023,0.04903324693441391
1789383300147.6677,0.04903324693441391,9.32612419128418,0.029419949278235435
1789383300163.3274,0.06864655017852783,9.32612419128418,0.127486452460289
1789383300178.9846,0.08825984597206116,9.267284393310547,0.14709974825382233
1789383300194.643,0.04903324693441391,9.228057861328125,0.14709974825382233
1789383300210.3025,0.029419949278235435,9.267284393310547,0.18632633984088898
1789383300225.962,0.04903324693441391,9.32612419128418,0.10787314921617508
1789383300241.6194,-0.009806649759411812,9.34573745727539,0.14709974825382233
1789383300257.2788,-0.10787314921617508,9.169217109680176,0.14709974825382233
1789383300272.9412,-0.029419949278235435,9.169217109680176,0.16671304404735565
1789383300288.6013,0.2059396505355835,9.306510925292969,0.2059396505355835
1789383300304.2598,0.2843928337097168,9.306510925292969,0.14709974825382233
1789383300319.918,0.18632633984088898,9.228057861328125,0.22555294632911682
1789383300335.5764,0.08825984597206116,9.169217109680176,0.18632633984088898
1789383300351.2366,0.10787314921617508,9.267284393310547,0.14709974825382233
1789383300366.8958,0.127486452460289,9.32612419128418,0.16671304404735565
1789383300382.5562,0.08825984597206116,9.247671127319336,0.14709974825382233
1789383300398.2173,0.127486452460289,9.208444595336914,0.18632633984088898
1789383300413.8774,0.2059396505355835,9.306510925292969,0.14709974825382233
1789383300429.5388,0.10787314921617508,9.34573745727539,0.127486452460289
1789383300445.198,0.0,9.228057861328125,0.14709974825382233
1789383300460.86,0.0,9.228057861328125,0.14709974825382233
1789383300476.5232,0.127486452460289,9.286897659301758,0.18632633984088898
1789383300492.1848,0.127486452460289,9.306510925292969,0.2059396505355835
1789383300507.8462,0.029419949278235435,9.228057861328125,0.10787314921617508
1789383300523.5068,0.08825984597206116,9.286897659301758,0.127486452460289
1789383300539.1702,0.22555294632911682,9.306510925292969,0.16671304404735565
1789383300554.8337,0.24516624212265015,9.247671127319336,0.2059396505355835
1789383300570.496,0.10787314921617508,9.188830375671387,0.18632633984088898
1789383300586.1587,0.04903324693441391,9.228057861328125,0.18632633984088898
1789383300601.822,0.06864655017852783,9.247671127319336,0.18632633984088898
1789383300617.4846,0.14709974825382233,9.228057861328125,0.2059396505355835
1789383300633.146,0.2059396505355835,9.208444595336914,0.22555294632911682
1789383300648.8064,0.16671304404735565,9.267284393310547,0.18632633984088898
1789383300664.4668,0.06864655017852783,9.267284393310547,0.10787314921617508
1789383300680.1252,-0.009806649759411812,9.286897659301758,0.127486452460289
1789383300695.7886,0.029419949278235435,9.306510925292969,0.10787314921617508
1789383300711.449,0.127486452460289,9.32612419128418,0.04903324693441391
1789383300727.111,0.14709974825382233,9.32612419128418,0.16671304404735565
1789383300742.7715,0.10787314921617508,9.228057861328125,0.14709974825382233
1789383300758.4329,0.14709974825382233,9.247671127319336,0.16671304404735565
1789383300774.0942,0.18632633984088898,9.365350723266602,0.14709974825382233
1789383300789.7554,0.08825984597206116,9.365350723266602,0.14709974825382233
1789383300805.4148,0.0,9.208444595336914,0.16671304404735565
1789383300821.076,-0.029419949278235435,9.149603843688965,0.2059396505355835
1789383300836.7363,0.06864655017852783,9.228057861328125,0.2843928337097168
1789383300852.3965,0.127486452460289,9.169217109680176,0.2059396505355835
1789383300868.0576,0.08825984597206116,9.188830375671387,0.22555294632911682
1789383300883.718,0.10787314921617508,9.306510925292969,0.16671304404735565
1789383300899.3792,0.127486452460289,9.34573745727539,0.10787314921617508
1789383300915.0413,0.06864655017852783,9.267284393310547,0.14709974825382233
1789383300930.7034,0.06864655017852783,9.228057861328125,0.14709974825382233
1789383300946.3647,0.10787314921617508,9.267284393310547,0.14709974825382233
1789383300962.0269,0.127486452460289,9.286897659301758,0.18632633984088898
1789383300977.688,0.08825984597206116,9.228057861328125,0.127486452460289
1789383300993.349,0.08825984597206116,9.286897659301758,0.16671304404735565
1789383301009.0112,0.08825984597206116,9.286897659301758,0.127486452460289
1789383301024.6702,0.08825984597206116,9.32612419128418,0.08825984597206116
1789383301040.3323,0.06864655017852783,9.267284393310547,0.14709974825382233
1789383301055.9934,0.06864655017852783,9.228057861328125,0.18632633984088898
1789383301071.6545,0.127486452460289,9.286897659301758,0.127486452460289
1789383301087.3145,0.10787314921617508,9.32612419128418,0.16671304404735565
1789383301102.9756,0.08825984597206116,9.247671127319336,0.18632633984088898
1789383301118.6375,0.06864655017852783,9.208444595336914,0.2059396505355835
1789383301134.2996,0.127486452460289,9.208444595336914,0.22555294632911682
1789383301149.9614,0.10787314921617508,9.247671127319336,0.16671304404735565
1789383301165.6245,0.06864655017852783,9.286897659301758,0.16671304404735565
1789383301181.2854,0.04903324693441391,9.247671127319336,0.16671304404735565
1789383301196.9463,0.06864655017852783,9.208444595336914,0.18632633984088898
1789383301212.6084,0.10787314921617508,9.247671127319336,0.18632633984088898
1789383301228.2693,0.16671304404735565,9.32612419128418,0.14709974825382233
1789383301243.9292,0.18632633984088898,9.306510925292969,0.127486452460289
1789383301259.59,0.16671304404735565,9.247671127319336,0.16671304404735565
1789383301275.25,0.10787314921617508,9.228057861328125,0.18632633984088898
1789383301290.9119,0.06864655017852783,9.267284393310547,0.14709974825382233
1789383301306.5728,0.08825984597206116,9.34573745727539,0.10787314921617508
1789383301322.2356,0.14709974825382233,9.306510925292969,0.14709974825382233
1789383301337.8962,0.127486452460289,9.247671127319336,0.127486452460289
1789383301353.5562,0.127486452460289,9.306510925292969,0.127486452460289
1789383301369.217,0.127486452460289,9.34573745727539,0.10787314921617508
1789383301384.8787,0.10787314921617508,9.267284393310547,0.18632633984088898
1789383301400.5415,0.04903324693441391,9.110377311706543,0.24516624212265015
1789383301416.2034,0.04903324693441391,9.188830375671387,0.24516624212265015
1789383301431.864,0.009806649759411812,9.32612419128418,0.14709974825382233
1789383301447.525,0.029419949278235435,9.32612419128418,0.127486452460289
1789383301463.1865,0.04903324693441391,9.228057861328125,0.14709974825382233
1789383301478.8486,0.08825984597206116,9.208444595336914,0.22555294632911682
1789383301494.5107,0.127486452460289,9.267284393310547,0.16671304404735565
1789383301510.1719,0.14709974825382233,9.32612419128418,0.14709974825382233
1789383301525.8328,0.2059396505355835,9.267284393310547,0.18632633984088898
1789383301541.4958,0.22555294632911682,9.228057861328125,0.2059396505355835
1789383301557.1587,0.14709974825382233,9.267284393310547,0.18632633984088898
1789383301572.8196,0.0,9.32612419128418,0.08825984597206116
1789383301588.4827,-0.06864655017852783,9.286897659301758,0.127486452460289
1789383301604.1455,-0.009806649759411812,9.228057861328125,0.14709974825382233
1789383301619.8096,0.08825984597206116,9.286897659301758,0.16671304404735565
1789383301635.4714,0.06864655017852783,9.306510925292969,0.16671304404735565
1789383301651.1304,0.009806649759411812,9.208444595336914,0.16671304404735565
1789383301666.7942,0.06864655017852783,9.228057861328125,0.2059396505355835
1789383301682.457,0.2059396505355835,9.267284393310547,0.2059396505355835
1789383301698.1199,0.16671304404735565,9.286897659301758,0.14709974825382233
1789383301713.7817,0.06864655017852783,9.247671127319336,0.127486452460289
1789383301729.4434,0.04903324693441391,9.247671127319336,0.16671304404735565
1789383301745.1072,0.14709974825382233,9.247671127319336,0.2059396505355835
1789383301760.771,0.14709974825382233,9.208444595336914,0.2059396505355835
1789383301776.4348,0.04903324693441391,9.228057861328125,0.16671304404735565
1789383301792.0964,0.009806649759411812,9.32612419128418,0.10787314921617508
1789383301807.7583,0.04903324693441391,9.32612419128418,0.08825984597206116
1789383301823.4219,0.10787314921617508,9.247671127319336,0.16671304404735565
1789383301839.0857,0.10787314921617508,9.208444595336914,0.22555294632911682
1789383301854.7473,0.08825984597206116,9.247671127319336,0.16671304404735565
1789383301870.4102,0.06864655017852783,9.286897659301758,0.16671304404735565
1789383301886.0728,0.029419949278235435,9.247671127319336,0.18632633984088898
1789383301901.7334,0.06864655017852783,9.208444595336914,0.16671304404735565
1789383301917.395,0.10787314921617508,9.247671127319336,0.18632633984088898
1789383301933.0576,0.16671304404735565,9.32612419128418,0.16671304404735565
1789383301948.7212,0.127486452460289,9.267284393310547,0.18632633984088898
1789383301964.3828,0.10787314921617508,9.208444595336914,0.2059396505355835
1789383301980.0444,0.14709974825382233,9.247671127319336,0.14709974825382233
1789383301995.705,0.16671304404735565,9.32612419128418,0.16671304404735565
1789383302011.3674,0.06864655017852783,9.286897659301758,0.14709974825382233
1789383302027.027,-0.009806649759411812,9.228057861328125,0.16671304404735565
1789383302042.6895,-0.04903324693441391,9.267284393310547,0.14709974825382233
1789383302058.353,0.029419949278235435,9.306510925292969,0.127486452460289
1789383302074.0156,0.10787314921617508,9.286897659301758,0.2059396505355835
1789383302089.677,0.127486452460289,9.188830375671387,0.22555294632911682
1789383302105.3394,0.127486452460289,9.208444595336914,0.2059396505355835
1789383302121.002,0.127486452460289,9.306510925292969,0.14709974825382233
1789383302136.6643,0.127486452460289,9.286897659301758,0.16671304404735565
1789383302152.3267,0.14709974825382233,9.228057861328125,0.16671304404735565
1789383302167.9893,0.16671304404735565,9.267284393310547,0.18632633984088898
1789383302183.6526,0.10787314921617508,9.286897659301758,0.14709974825382233
1789383302199.314,0.04903324693441391,9.286897659301758,0.127486452460289
1789383302214.9763,0.08825984597206116,9.267284393310547,0.2059396505355835
1789383302230.6377,0.18632633984088898,9.228057861328125,0.2059396505355835
1789383302246.301,0.16671304404735565,9.228057861328125,0.16671304404735565
1789383302261.964,0.06864655017852783,9.286897659301758,0.127486452460289
1789383302277.6255,0.029419949278235435,9.306510925292969,0.127486452460289
1789383302293.2878,0.06864655017852783,9.286897659301758,0.10787314921617508
1789383302308.949,0.127486452460289,9.267284393310547,0.16671304404735565
1789383302324.6113,0.08825984597206116,9.267284393310547,0.14709974825382233
1789383302340.2734,0.009806649759411812,9.267284393310547,0.14709974825382233
1789383302355.9358,0.08825984597206116,9.228057861328125,0.16671304404735565
1789383302371.597,0.18632633984088898,9.208444595336914,0.24516624212265015
1789383302387.2593,0.14709974825382233,9.208444595336914,0.2059396505355835
1789383302402.9224,0.029419949278235435,9.286897659301758,0.127486452460289
1789383302418.5845,0.0,9.306510925292969,0.10787314921617508
1789383302434.2476,0.06864655017852783,9.32612419128418,0.127486452460289
1789383302449.9097,0.127486452460289,9.267284393310547,0.16671304404735565
1789383302465.572,0.10787314921617508,9.228057861328125,0.18632633984088898
1789383302481.234,0.08825984597206116,9.228057861328125,0.2059396505355835
1789383302496.897,0.10787314921617508,9.247671127319336,0.14709974825382233
1789383302512.5603,0.16671304404735565,9.247671127319336,0.2059396505355835
1789383302528.2222,0.14709974825382233,9.286897659301758,0.16671304404735565
1789383302543.8843,0.10787314921617508,9.32612419128418,0.08825984597206116
1789383302559.5454,0.04903324693441391,9.34573745727539,0.08825984597206116
1789383302575.2075,0.10787314921617508,9.32612419128418,0.127486452460289
1789383302590.8684,0.127486452460289,9.228057861328125,0.2059396505355835
1789383302606.5305,0.029419949278235435,9.149603843688965,0.24516624212265015
1789383302622.1904,-0.029419949278235435,9.208444595336914,0.16671304404735565
1789383302637.8525,0.009806649759411812,9.267284393310547,0.14709974825382233
1789383302653.5134,0.06864655017852783,9.286897659301758,0.18632633984088898
1789383302669.1746,0.08825984597206116,9.228057861328125,0.14709974825382233
1789383302684.8364,0.08825984597206116,9.286897659301758,0.14709974825382233
1789383302700.4993,0.10787314921617508,9.306510925292969,0.127486452460289
1789383302716.1602,0.14709974825382233,9.228057861328125,0.18632633984088898
1789383302731.8223,0.16671304404735565,9.129990577697754,0.24516624212265015
1789383302747.485,0.14709974825382233,9.188830375671387,0.22555294632911682
1789383302763.148,0.06864655017852783,9.267284393310547,0.127486452460289
1789383302778.8088,0.029419949278235435,9.306510925292969,0.08825984597206116
1789383302794.4717,0.06864655017852783,9.286897659301758,0.14709974825382233
1789383302810.1345,0.16671304404735565,9.286897659301758,0.127486452460289
1789383302825.7974,0.24516624212265015,9.365350723266602,0.08825984597206116
1789383302841.4612,0.18632633984088898,9.404577255249023,0.10787314921617508
1789383302857.125,0.04903324693441391,9.267284393310547,0.127486452460289
1789383302872.7866,-0.009806649759411812,9.188830375671387,0.14709974825382233
1789383302888.4524,0.029419949278235435,9.286897659301758,0.14709974825382233
1789383302904.1152,0.04903324693441391,9.365350723266602,0.08825984597206116
1789383302919.7788,0.04903324693441391,9.306510925292969,0.14709974825382233
1789383302935.4436,0.04903324693441391,9.208444595336914,0.127486452460289
1789383302951.1074,0.08825984597206116,9.247671127319336,0.24516624212265015
1789383302966.769,0.029419949278235435,9.228057861328125,0.2059396505355835
1789383302982.4316,0.0,9.169217109680176,0.18632633984088898
1789383302998.0952,0.009806649759411812,9.188830375671387,0.22555294632911682
1789383303013.758,0.16671304404735565,9.188830375671387,0.24516624212265015
1789383303029.4207,0.24516624212265015,9.228057861328125,0.26477953791618347
1789383303045.0833,0.2059396505355835,9.228057861328125,0.2059396505355835
1789383303060.7449,0.10787314921617508,9.267284393310547,0.16671304404735565
1789383303076.4055,0.14709974825382233,9.247671127319336,0.14709974825382233
1789383303092.066,0.18632633984088898,9.306510925292969,0.16671304404735565
1789383303107.7275,0.16671304404735565,9.286897659301758,0.127486452460289
1789383303123.3892,0.08825984597206116,9.34573745727539,0.08825984597206116
1789383303139.0505,0.04903324693441391,9.34573745727539,0.04903324693441391
1789383303154.7131,0.08825984597206116,9.306510925292969,0.08825984597206116
1789383303170.3745,0.10787314921617508,9.286897659301758,0.14709974825382233
1789383303186.0361,0.08825984597206116,9.306510925292969,0.127486452460289
1789383303201.6985,0.04903324693441391,9.306510925292969,0.08825984597206116
1789383303217.3591,0.0,9.247671127319336,0.127486452460289
1789383303233.0205,0.0,9.247671127319336,0.14709974825382233
1789383303248.6838,0.029419949278235435,9.286897659301758,0.127486452460289
1789383303264.3464,0.10787314921617508,9.306510925292969,0.16671304404735565
1789383303280.0078,0.14709974825382233,9.208444595336914,0.18632633984088898
1789383303295.6692,0.2059396505355835,9.149603843688965,0.26477953791618347
1789383303311.3325,0.18632633984088898,9.208444595336914,0.24516624212265015
1789383303326.9949,0.14709974825382233,9.247671127319336,0.16671304404735565
1789383303342.6572,0.127486452460289,9.267284393310547,0.2059396505355835
1789383303358.3196,0.08825984597206116,9.188830375671387,0.18632633984088898
1789383303373.9807,0.04903324693441391,9.247671127319336,0.2059396505355835
1789383303389.641,0.009806649759411812,9.306510925292969,0.10787314921617508
1789383303405.3035,0.04903324693441391,9.306510925292969,0.08825984597206116
1789383303420.9646,0.06864655017852783,9.306510925292969,0.14709974825382233
1789383303436.626,0.10787314921617508,9.247671127319336,0.14709974825382233
1789383303452.287,0.10787314921617508,9.267284393310547,0.16671304404735565
1789383303467.9485,0.10787314921617508,9.306510925292969,0.14709974825382233
1789383303483.6125,0.08825984597206116,9.267284393310547,0.08825984597206116
1789383303499.2737,0.06864655017852783,9.267284393310547,0.16671304404735565
1789383303514.9368,0.04903324693441391,9.286897659301758,0.127486452460289
1789383303530.597,0.009806649759411812,9.286897659301758,0.10787314921617508
1789383303546.259,0.0,9.267284393310547,0.127486452460289
1789383303561.925,0.029419949278235435,9.267284393310547,0.16671304404735565
1789383303577.5872,0.06864655017852783,9.208444595336914,0.2059396505355835
1789383303593.2512,0.10787314921617508,9.188830375671387,0.2059396505355835
1789383303608.9172,0.16671304404735565,9.247671127319336,0.2059396505355835
1789383303624.5813,0.18632633984088898,9.247671127319336,0.2059396505355835
1789383303640.2441,0.16671304404735565,9.228057861328125,0.2059396505355835
1789383303655.9082,0.10787314921617508,9.208444595336914,0.2059396505355835
1789383303671.5713,0.04903324693441391,9.247671127319336,0.18632633984088898
1789383303687.2332,0.009806649759411812,9.247671127319336,0.14709974825382233
1789383303702.895,0.009806649759411812,9.286897659301758,0.14709974825382233
1789383303718.559,0.04903324693441391,9.267284393310547,0.127486452460289
1789383303734.221,0.08825984597206116,9.306510925292969,0.14709974825382233
1789383303749.883,0.14709974825382233,9.32612419128418,0.16671304404735565
1789383303765.545,0.16671304404735565,9.267284393310547,0.14709974825382233
1789383303781.2087,0.16671304404735565,9.228057861328125,0.2059396505355835
1789383303796.8716,0.08825984597206116,9.247671127319336,0.16671304404735565
1789383303812.5347,0.029419949278235435,9.267284393310547,0.127486452460289
1789383303828.1965,0.0,9.32612419128418,0.16671304404735565
1789383303843.8604,0.04903324693441391,9.228057861328125,0.14709974825382233
1789383303859.5242,0.127486452460289,9.228057861328125,0.16671304404735565
1789383303875.186,0.16671304404735565,9.228057861328125,0.22555294632911682
1789383303890.8499,0.14709974825382233,9.208444595336914,0.16671304404735565
1789383303906.5117,0.10787314921617508,9.208444595336914,0.18632633984088898
1789383303922.1736,0.16671304404735565,9.267284393310547,0.18632633984088898
1789383303937.8362,0.2059396505355835,9.32612419128418,0.127486452460289
1789383303953.499,0.127486452460289,9.365350723266602,0.14709974825382233
1789383303969.1628,0.04903324693441391,9.247671127319336,0.14709974825382233
1789383303984.8267,0.06864655017852783,9.208444595336914,0.2059396505355835
1789383304000.4905,0.14709974825382233,9.247671127319336,0.24516624212265015
1789383304016.154,0.14709974825382233,9.228057861328125,0.16671304404735565
1789383304031.816,0.04903324693441391,9.247671127319336,0.18632633984088898
1789383304047.4795,0.029419949278235435,9.286897659301758,0.16671304404735565
1789383304063.1423,0.10787314921617508,9.306510925292969,0.08825984597206116
1789383304078.806,0.14709974825382233,9.365350723266602,0.14709974825382233
1789383304094.4688,0.06864655017852783,9.247671127319336,0.16671304404735565
1789383304110.1323,0.009806649759411812,9.208444595336914,0.16671304404735565
1789383304125.795,0.06864655017852783,9.247671127319336,0.18632633984088898
1789383304141.4587,0.14709974825382233,9.286897659301758,0.16671304404735565
1789383304157.1213,0.14709974825382233,9.286897659301758,0.16671304404735565
1789383304172.785,0.06864655017852783,9.247671127319336,0.16671304404735565
1789383304188.4487,0.04903324693441391,9.208444595336914,0.18632633984088898
1789383304204.1123,0.06864655017852783,9.247671127319336,0.2059396505355835
1789383304219.7778,0.08825984597206116,9.267284393310547,0.14709974825382233
1789383304235.4414,0.10787314921617508,9.306510925292969,0.16671304404735565
1789383304251.105,0.127486452460289,9.247671127319336,0.16671304404735565
1789383304266.7686,0.127486452460289,9.208444595336914,0.2059396505355835
1789383304282.4312,0.127486452460289,9.208444595336914,0.24516624212265015
1789383304298.0947,0.06864655017852783,9.247671127319336,0.16671304404735565
1789383304313.7573,0.04903324693441391,9.286897659301758,0.14709974825382233
1789383304329.4187,0.06864655017852783,9.306510925292969,0.127486452460289
1789383304345.0823,0.08825984597206116,9.306510925292969,0.14709974825382233
1789383304360.744,0.08825984597206116,9.306510925292969,0.14709974825382233
1789383304376.4053,0.04903324693441391,9.306510925292969,0.14709974825382233
1789383304392.0688,0.04903324693441391,9.247671127319336,0.14709974825382233
1789383304407.7322,0.029419949278235435,9.208444595336914,0.22555294632911682
1789383304423.3948,0.029419949278235435,9.188830375671387,0.2059396505355835
1789383304439.0571,0.04903324693441391,9.247671127319336,0.2059396505355835
1789383304454.7195,0.08825984597206116,9.267284393310547,0.18632633984088898
1789383304470.384,0.10787314921617508,9.247671127319336,0.2059396505355835
1789383304486.0476,0.10787314921617508,9.267284393310547,0.2059396505355835
1789383304501.711,0.06864655017852783,9.286897659301758,0.127486452460289
1789383304517.374,0.10787314921617508,9.306510925292969,0.14709974825382233
1789383304533.0364,0.18632633984088898,9.247671127319336,0.16671304404735565
1789383304548.6978,0.24516624212265015,9.228057861328125,0.2059396505355835
1789383304564.359,0.2059396505355835,9.247671127319336,0.2059396505355835
1789383304580.021,0.08825984597206116,9.247671127319336,0.127486452460289
1789383304595.6824,0.0,9.247671127319336,0.14709974825382233
1789383304611.3445,0.04903324693441391,9.286897659301758,0.14709974825382233
1789383304627.0056,0.127486452460289,9.306510925292969,0.127486452460289
1789383304642.6667,0.14709974825382233,9.306510925292969,0.14709974825382233
1789383304658.3289,0.16671304404735565,9.247671127319336,0.16671304404735565
1789383304673.99,0.18632633984088898,9.267284393310547,0.14709974825382233
1789383304689.6501,0.14709974825382233,9.306510925292969,0.18632633984088898
1789383304705.3113,0.04903324693441391,9.228057861328125,0.127486452460289
1789383304720.9734,0.0,9.267284393310547,0.14709974825382233
1789383304736.6375,0.06864655017852783,9.286897659301758,0.16671304404735565
1789383304752.2996,0.16671304404735565,9.286897659301758,0.18632633984088898
1789383304767.9617,0.14709974825382233,9.228057861328125,0.22555294632911682
1789383304783.6248,0.127486452460289,9.208444595336914,0.24516624212265015
1789383304799.2876,0.10787314921617508,9.208444595336914,0.2059396505355835
1789383304814.9507,0.127486452460289,9.208444595336914,0.22555294632911682
1789383360254.365,-9.512450218200684,0.08825984597206116,0.0
1789383360270.0332,-9.512450218200684,0.18632633984088898,0.0
1789383360285.7021,-9.571290016174316,0.14709974825382233,-0.04903324693441391
1789383360301.3723,-9.551676750183105,0.10787314921617508,-0.009806649759411812
1789383360317.0435,-9.492836952209473,0.10787314921617508,-0.009806649759411812
1789383360332.7114,-9.512450218200684,0.06864655017852783,0.0
1789383360348.3806,-9.551676750183105,0.04903324693441391,0.009806649759411812
1789383360364.0486,-9.532063484191895,0.14709974825382233,-0.029419949278235435
1789383360379.7168,-9.492836952209473,0.22555294632911682,-0.029419949278235435
1789383360395.3848,-9.532063484191895,0.14709974825382233,0.0
1789383360411.0537,-9.551676750183105,0.127486452460289,-0.009806649759411812
1789383360426.723,-9.492836952209473,0.22555294632911682,0.0
1789383360442.39,-9.512450218200684,0.2059396505355835,-0.029419949278235435
1789383360458.058,-9.571290016174316,0.14709974825382233,0.0
1789383360473.726,-9.551676750183105,0.14709974825382233,0.0
1789383360489.3943,-9.512450218200684,0.22555294632911682,0.0
1789383360505.0623,-9.551676750183105,0.22555294632911682,-0.009806649759411812
1789383360520.7292,-9.551676750183105,0.2059396505355835,-0.009806649759411812
1789383360536.3955,-9.512450218200684,0.22555294632911682,-0.009806649759411812
1789383360552.0625,-9.492836952209473,0.22555294632911682,0.0
1789383360567.7295,-9.532063484191895,0.127486452460289,0.0
1789383360583.3987,-9.551676750183105,0.2059396505355835,0.029419949278235435
1789383360599.0657,-9.532063484191895,0.3040061295032501,-0.029419949278235435
1789383360614.7327,-9.532063484191895,0.22555294632911682,-0.029419949278235435
1789383360630.4038,-9.551676750183105,0.127486452460289,0.009806649759411812
1789383360646.0708,-9.492836952209473,0.18632633984088898,-0.009806649759411812
1789383360661.74,-9.512450218200684,0.22555294632911682,-0.029419949278235435
1789383360677.408,-9.571290016174316,0.127486452460289,0.0
1789383360693.0742,-9.532063484191895,0.06864655017852783,-0.009806649759411812
1789383360708.7422,-9.473223686218262,0.2059396505355835,0.029419949278235435
1789383360724.4092,-9.512450218200684,0.16671304404735565,-0.06864655017852783
1789383360740.0806,-9.590903282165527,0.16671304404735565,0.0
1789383360755.7478,-9.532063484191895,0.16671304404735565,-0.04903324693441391
1789383360771.417,-9.492836952209473,0.22555294632911682,0.0
1789383360787.0842,-9.532063484191895,0.18632633984088898,-0.009806649759411812
1789383360802.7537,-9.571290016174316,0.127486452460289,-0.04903324693441391
1789383360818.4219,-9.532063484191895,0.24516624212265015,0.029419949278235435
1789383360834.0881,-9.473223686218262,0.26477953791618347,-0.06864655017852783
1789383360849.7573,-9.551676750183105,0.2059396505355835,0.009806649759411812
1789383360865.4236,-9.551676750183105,0.14709974825382233,0.0
1789383360881.092,-9.492836952209473,0.22555294632911682,-0.029419949278235435
1789383360896.7603,-9.492836952209473,0.18632633984088898,-0.029419949278235435
1789383360912.4294,-9.571290016174316,0.10787314921617508,0.0
1789383360928.0989,-9.532063484191895,0.2059396505355835,0.029419949278235435
1789383360943.766,-9.492836952209473,0.24516624212265015,-0.06864655017852783
1789383360959.4353,-9.551676750183105,0.2059396505355835,0.0
1789383360975.1038,-9.532063484191895,0.10787314921617508,-0.009806649759411812
1789383360990.773,-9.492836952209473,0.18632633984088898,0.0
1789383361006.4392,-9.512450218200684,0.22555294632911682,-0.009806649759411812
1789383361022.1074,-9.551676750183105,0.2059396505355835,-0.009806649759411812
1789383361037.775,-9.551676750183105,0.18632633984088898,-0.009806649759411812
1789383361053.443,-9.512450218200684,0.16671304404735565,0.009806649759411812
1789383361069.1104,-9.492836952209473,0.14709974825382233,0.0
1789383361084.7766,-9.551676750183105,0.16671304404735565,-0.009806649759411812
1789383361100.446,-9.571290016174316,0.22555294632911682,0.0
1789383361116.1133,-9.512450218200684,0.24516624212265015,-0.009806649759411812
1789383361131.7815,-9.532063484191895,0.18632633984088898,0.0
1789383361147.45,-9.512450218200684,0.2059396505355835,0.029419949278235435
1789383361163.1162,-9.532063484191895,0.26477953791618347,-0.04903324693441391
1789383361178.7844,-9.551676750183105,0.24516624212265015,-0.009806649759411812
1789383361194.4526,-9.532063484191895,0.14709974825382233,-0.029419949278235435
1789383361210.119,-9.492836952209473,0.10787314921617508,0.009806649759411812
1789383361225.7854,-9.512450218200684,0.10787314921617508,0.009806649759411812
1789383361241.4517,-9.551676750183105,0.16671304404735565,-0.04903324693441391
1789383361257.118,-9.571290016174316,0.127486452460289,-0.04903324693441391
1789383361272.7861,-9.532063484191895,0.10787314921617508,0.029419949278235435
1789383361288.4524,-9.492836952209473,0.14709974825382233,0.0
1789383361304.1199,-9.532063484191895,0.22555294632911682,0.0
1789383361319.7861,-9.590903282165527,0.22555294632911682,-0.04903324693441391
1789383361335.4524,-9.551676750183105,0.18632633984088898,-0.029419949278235435
1789383361351.1216,-9.473223686218262,0.16671304404735565,0.029419949278235435
1789383361366.79,-9.492836952209473,0.14709974825382233,0.009806649759411812
1789383361382.4583,-9.571290016174316,0.2059396505355835,-0.009806649759411812
1789383361398.1267,-9.571290016174316,0.22555294632911682,-0.04903324693441391
1789383361413.794,-9.532063484191895,0.18632633984088898,-0.009806649759411812
1789383361429.4622,-9.492836952209473,0.16671304404735565,0.029419949278235435
1789383361445.1265,-9.512450218200684,0.24516624212265015,-0.009806649759411812
1789383361460.7937,-9.571290016174316,0.3040061295032501,-0.04903324693441391
1789383361476.4612,-9.551676750183105,0.2843928337097168,-0.009806649759411812
1789383361492.1294,-9.492836952209473,0.127486452460289,-0.029419949278235435
1789383361507.7976,-9.512450218200684,0.009806649759411812,0.04903324693441391
1789383361523.4631,-9.532063484191895,0.127486452460289,0.009806649759411812
1789383361539.1304,-9.551676750183105,0.24516624212265015,-0.08825984597206116
1789383361554.7986,-9.571290016174316,0.24516624212265015,-0.009806649759411812
1789383361570.466,-9.512450218200684,0.14709974825382233,-0.029419949278235435
1789383361586.1353,-9.45361042022705,0.26477953791618347,0.029419949278235435
1789383361601.8005,-9.512450218200684,0.2059396505355835,-0.06864655017852783
1789383361617.469,-9.610516548156738,0.14709974825382233,0.0
1789383361633.1362,-9.512450218200684,0.16671304404735565,-0.009806649759411812
1789383361648.8064,-9.45361042022705,0.22555294632911682,0.029419949278235435
1789383361664.4739,-9.532063484191895,0.26477953791618347,0.009806649759411812
1789383361680.141,-9.610516548156738,0.16671304404735565,-0.14709974825382233
1789383361695.8115,-9.551676750183105,0.24516624212265015,0.04903324693441391
1789383361711.4778,-9.45361042022705,0.16671304404735565,-0.029419949278235435
1789383361727.1482,-9.492836952209473,0.18632633984088898,0.04903324693441391
1789383361742.8152,-9.590903282165527,0.18632633984088898,-0.06864655017852783
1789383361758.4836,-9.571290016174316,0.24516624212265015,-0.10787314921617508
1789383361774.1519,-9.492836952209473,0.24516624212265015,0.04903324693441391
1789383361789.8179,-9.512450218200684,0.10787314921617508,-0.04903324693441391
1789383361805.4873,-9.551676750183105,0.14709974825382233,0.029419949278235435
1789383361821.1523,-9.532063484191895,0.22555294632911682,-0.029419949278235435
1789383361836.8186,-9.512450218200684,0.24516624212265015,-0.04903324693441391
1789383361852.4858,-9.551676750183105,0.04903324693441391,-0.009806649759411812
1789383361868.154,-9.512450218200684,0.029419949278235435,0.029419949278235435
1789383361883.8193,-9.473223686218262,0.34323275089263916,0.0
1789383361899.4875,-9.551676750183105,0.3628460466861725,-0.14709974825382233
1789383361915.159,-9.63012981414795,0.34323275089263916,0.06864655017852783
1789383361930.8262,-9.512450218200684,0.16671304404735565,-0.18632633984088898
1789383361946.4954,-9.45361042022705,0.2059396505355835,0.127486452460289
1789383361962.1646,-9.492836952209473,0.18632633984088898,-0.009806649759411812
1789383361977.8347,-9.610516548156738,0.127486452460289,-0.18632633984088898
1789383361993.505,-9.551676750183105,0.24516624212265015,0.10787314921617508
1789383362009.172,-9.43399715423584,0.22555294632911682,-0.14709974825382233
1789383362024.8416,-9.512450218200684,0.34323275089263916,0.08825984597206116
1789383362040.5076,-9.610516548156738,0.2059396505355835,-0.08825984597206116
1789383362056.1758,-9.551676750183105,0.32361945509910583,-0.009806649759411812
1789383362071.8442,-9.45361042022705,0.26477953791618347,-0.009806649759411812
1789383362087.5093,-9.492836952209473,0.18632633984088898,0.0
1789383362103.1765,-9.571290016174316,0.2059396505355835,0.0
1789383362118.8428,-9.532063484191895,0.3040061295032501,-0.06864655017852783
1789383362134.51,-9.532063484191895,0.26477953791618347,-0.009806649759411812
1789383362150.1763,-9.512450218200684,0.24516624212265015,0.029419949278235435
1789383362165.8425,-9.512450218200684,0.22555294632911682,-0.009806649759411812
1789383362181.5098,-9.551676750183105,0.3040061295032501,0.009806649759411812
1789383362197.175,-9.551676750183105,0.24516624212265015,-0.08825984597206116
1789383362212.8433,-9.532063484191895,0.22555294632911682,0.009806649759411812
1789383362228.5095,-9.492836952209473,0.22555294632911682,0.0
1789383362244.1758,-9.512450218200684,0.24516624212265015,-0.029419949278235435
1789383362259.843,-9.571290016174316,0.26477953791618347,-0.029419949278235435
1789383362275.5122,-9.551676750183105,0.22555294632911682,-0.009806649759411812
1789383362291.1804,-9.512450218200684,0.26477953791618347,0.009806649759411812
1789383362306.8477,-9.512450218200684,0.16671304404735565,-0.04903324693441391
1789383362322.5168,-9.571290016174316,0.08825984597206116,0.009806649759411812
1789383362338.1821,-9.512450218200684,0.127486452460289,-0.009806649759411812
1789383362353.8503,-9.512450218200684,0.2059396505355835,-0.009806649759411812
1789383362369.5176,-9.532063484191895,0.2059396505355835,0.009806649759411812
1789383362385.1848,-9.571290016174316,0.18632633984088898,-0.06864655017852783
1789383362400.852,-9.532063484191895,0.2059396505355835,0.009806649759411812
1789383362416.5183,-9.512450218200684,0.14709974825382233,-0.029419949278235435
1789383362432.1875,-9.512450218200684,0.2059396505355835,0.029419949278235435
1789383362447.8547,-9.551676750183105,0.2059396505355835,-0.029419949278235435
1789383362463.524,-9.532063484191895,0.3040061295032501,0.0
1789383362479.1921,-9.532063484191895,0.2059396505355835,-0.029419949278235435
1789383362494.8613,-9.512450218200684,0.16671304404735565,0.009806649759411812
1789383362510.5286,-9.512450218200684,0.14709974825382233,0.0
1789383362526.1968,-9.512450218200684,0.22555294632911682,-0.009806649759411812
1789383362541.8662,-9.551676750183105,0.26477953791618347,-0.009806649759411812
1789383362557.5334,-9.532063484191895,0.22555294632911682,-0.009806649759411812
1789383362573.2026,-9.512450218200684,0.22555294632911682,0.029419949278235435
1789383362588.868,-9.492836952209473,0.2059396505355835,-0.029419949278235435
1789383362604.537,-9.551676750183105,0.2843928337097168,0.0
1789383362620.2034,-9.551676750183105,0.3040061295032501,-0.029419949278235435
1789383362635.8716,-9.532063484191895,0.34323275089263916,-0.029419949278235435
1789383362651.5408,-9.492836952209473,0.3824593424797058,0.009806649759411812
1789383362667.206,-9.512450218200684,0.2843928337097168,-0.06864655017852783
1789383362682.8723,-9.551676750183105,0.18632633984088898,0.0
1789383362698.5374,-9.532063484191895,0.127486452460289,0.0
1789383362714.2046,-9.473223686218262,0.22555294632911682,0.0
1789383362729.8728,-9.532063484191895,0.22555294632911682,-0.029419949278235435
1789383362745.54,-9.590903282165527,0.18632633984088898,-0.009806649759411812
1789383362761.2083,-9.532063484191895,0.16671304404735565,-0.029419949278235435
1789383362776.8765,-9.473223686218262,0.18632633984088898,0.009806649759411812
1789383362792.5427,-9.532063484191895,0.14709974825382233,0.0
1789383362808.209,-9.571290016174316,0.2059396505355835,-0.009806649759411812
1789383362823.8752,-9.532063484191895,0.2843928337097168,-0.029419949278235435
1789383362839.5413,-9.512450218200684,0.18632633984088898,-0.029419949278235435
1789383362855.2085,-9.532063484191895,0.127486452460289,0.06864655017852783
1789383362870.8748,-9.512450218200684,0.22555294632911682,-0.029419949278235435
1789383362886.541,-9.532063484191895,0.32361945509910583,-0.04903324693441391
1789383362902.2073,-9.571290016174316,0.2059396505355835,0.0
1789383362917.8733,-9.512450218200684,0.16671304404735565,-0.009806649759411812
1789383362933.5425,-9.473223686218262,0.22555294632911682,0.029419949278235435
1789383362949.2087,-9.551676750183105,0.2843928337097168,-0.029419949278235435
1789383362964.876,-9.571290016174316,0.2059396505355835,-0.08825984597206116
1789383362980.5442,-9.532063484191895,0.14709974825382233,0.009806649759411812
1789383362996.2104,-9.45361042022705,0.14709974825382233,0.0
1789383363011.8796,-9.492836952209473,0.22555294632911682,0.009806649759411812
1789383363027.546,-9.590903282165527,0.2059396505355835,-0.04903324693441391
1789383363043.212,-9.571290016174316,0.24516624212265015,0.0
1789383363058.8782,-9.473223686218262,0.32361945509910583,0.0
1789383363074.5474,-9.492836952209473,0.24516624212265015,-0.009806649759411812
1789383363090.2146,-9.571290016174316,0.2059396505355835,-0.009806649759411812
1789383363105.8828,-9.551676750183105,0.24516624212265015,-0.04903324693441391
1789383363121.55,-9.512450218200684,0.16671304404735565,-0.029419949278235435
1789383363137.2163,-9.512450218200684,0.10787314921617508,0.08825984597206116
1789383363152.8794,-9.492836952209473,0.16671304404735565,-0.04903324693441391
1789383363168.5466,-9.551676750183105,0.32361945509910583,-0.009806649759411812
1789383363184.212,-9.571290016174316,0.26477953791618347,-0.04903324693441391
1789383363199.8801,-9.512450218200684,0.18632633984088898,-0.009806649759411812
1789383363215.5483,-9.473223686218262,0.2059396505355835,0.04903324693441391
1789383363231.2136,-9.512450218200684,0.2843928337097168,-0.029419949278235435
1789383363246.8806,-9.571290016174316,0.3628460466861725,-0.029419949278235435
1789383363262.5479,-9.571290016174316,0.2059396505355835,-0.06864655017852783
1789383363278.214,-9.473223686218262,0.10787314921617508,0.06864655017852783
1789383363293.8794,-9.45361042022705,0.10787314921617508,0.029419949278235435
1789383363309.5444,-9.551676750183105,0.22555294632911682,-0.009806649759411812
1789383363325.2117,-9.590903282165527,0.24516624212265015,-0.06864655017852783
1789383363340.878,-9.532063484191895,0.2059396505355835,-0.009806649759411812
1789383363356.5452,-9.473223686218262,0.10787314921617508,0.029419949278235435
1789383363372.2114,-9.473223686218262,0.16671304404735565,0.009806649759411812
1789383363387.8787,-9.571290016174316,0.26477953791618347,-0.04903324693441391
1789383363403.5437,-9.571290016174316,0.26477953791618347,-0.04903324693441391
1789383363419.212,-9.512450218200684,0.2059396505355835,0.0
1789383363434.8792,-9.473223686218262,0.16671304404735565,0.0
1789383363450.5464,-9.532063484191895,0.22555294632911682,0.009806649759411812
1789383363466.2117,-9.571290016174316,0.26477953791618347,-0.06864655017852783
1789383363481.878,-9.551676750183105,0.3040061295032501,-0.029419949278235435
1789383363497.5452,-9.492836952209473,0.127486452460289,-0.029419949278235435
1789383363513.2134,-9.473223686218262,0.127486452460289,0.04903324693441391
1789383363528.8774,-9.512450218200684,0.16671304404735565,-0.029419949278235435
1789383363544.5457,-9.571290016174316,0.3040061295032501,-0.029419949278235435
1789383363560.213,-9.532063484191895,0.3824593424797058,-0.029419949278235435
1789383363575.8801,-9.492836952209473,0.3824593424797058,-0.029419949278235435
1789383363591.5464,-9.532063484191895,0.26477953791618347,-0.009806649759411812
1789383363607.2146,-9.551676750183105,0.2059396505355835,0.0
1789383363622.8809,-9.512450218200684,0.22555294632911682,-0.04903324693441391
1789383363638.55,-9.532063484191895,0.16671304404735565,-0.009806649759411812
1789383363654.2173,-9.532063484191895,0.127486452460289,0.0
1789383363669.8865,-9.532063484191895,0.18632633984088898,-0.04903324693441391
1789383363685.5566,-9.512450218200684,0.16671304404735565,-0.029419949278235435
1789383363701.2258,-9.532063484191895,0.10787314921617508,0.0
1789383363716.896,-9.512450218200684,0.127486452460289,0.009806649759411812
1789383363732.5674,-9.492836952209473,0.24516624212265015,0.009806649759411812
1789383363748.2363,-9.551676750183105,0.2843928337097168,-0.029419949278235435
1789383363763.9065,-9.551676750183105,0.2843928337097168,-0.009806649759411812
1789383363779.5745,-9.512450218200684,0.2843928337097168,0.009806649759411812
1789383363795.2427,-9.492836952209473,0.18632633984088898,-0.009806649759411812
1789383363810.9128,-9.551676750183105,0.14709974825382233,0.029419949278235435
1789383363826.5808,-9.551676750183105,0.16671304404735565,-0.029419949278235435
1789383363842.25,-9.532063484191895,0.2059396505355835,-0.009806649759411812
1789383363857.918,-9.532063484191895,0.18632633984088898,-0.009806649759411812
1789383363873.5881,-9.512450218200684,0.16671304404735565,-0.009806649759411812
1789383363889.2583,-9.532063484191895,0.2059396505355835,0.009806649759411812
1789383363904.9253,-9.532063484191895,0.2059396505355835,-0.009806649759411812
1789383363920.5955,-9.551676750183105,0.16671304404735565,-0.009806649759411812
1789383363936.2654,-9.532063484191895,0.16671304404735565,0.029419949278235435
1789383363951.9326,-9.512450218200684,0.2843928337097168,0.009806649759411812
1789383363967.5996,-9.551676750183105,0.2843928337097168,-0.08825984597206116
1789383363983.2688,-9.571290016174316,0.16671304404735565,-0.029419949278235435
1789383363998.939,-9.512450218200684,0.14709974825382233,0.009806649759411812
1789383364014.607,-9.473223686218262,0.22555294632911682,-0.009806649759411812
1789383364030.273,-9.551676750183105,0.3040061295032501,0.0
1789383364045.9402,-9.590903282165527,0.24516624212265015,-0.127486452460289
1789383364061.6072,-9.532063484191895,0.26477953791618347,0.009806649759411812
1789383364077.2732,-9.473223686218262,0.2059396505355835,0.009806649759411812
1789383364092.9404,-9.512450218200684,0.2059396505355835,0.029419949278235435
1789383364108.6055,-9.590903282165527,0.24516624212265015,-0.029419949278235435
1789383364124.2725,-9.532063484191895,0.2843928337097168,-0.06864655017852783
1789383364139.9417,-9.512450218200684,0.22555294632911682,0.009806649759411812
1789383364155.6086,-9.492836952209473,0.06864655017852783,-0.009806649759411812
1789383364171.2788,-9.532063484191895,0.127486452460289,0.029419949278235435
1789383364186.9438,-9.532063484191895,0.2843928337097168,-0.029419949278235435
1789383364202.609,-9.551676750183105,0.24516624212265015,-0.04903324693441391
1789383364218.2761,-9.551676750183105,0.127486452460289,0.0
1789383364233.9421,-9.473223686218262,0.14709974825382233,0.009806649759411812
1789383364249.6052,-9.492836952209473,0.24516624212265015,-0.009806649759411812
1789383364265.2722,-9.571290016174316,0.2059396505355835,-0.009806649759411812
1789383364280.9385,-9.571290016174316,0.18632633984088898,-0.029419949278235435
1789383364296.6055,-9.473223686218262,0.26477953791618347,0.0
1789383364312.2737,-9.473223686218262,0.2843928337097168,0.009806649759411812
1789383364327.9397,-9.571290016174316,0.18632633984088898,-0.06864655017852783
1789383364343.6067,-9.571290016174316,0.16671304404735565,0.0
1789383364359.274,-9.45361042022705,0.32361945509910583,0.029419949278235435
1789383364374.94,-9.492836952209473,0.3824593424797058,-0.029419949278235435
1789383364390.607,-9.610516548156738,0.3040061295032501,-0.009806649759411812
1789383364406.274,-9.571290016174316,0.24516624212265015,-0.04903324693441391
1789383364421.9412,-9.45361042022705,0.26477953791618347,0.009806649759411812
1789383364437.6072,-9.492836952209473,0.2059396505355835,0.029419949278235435
1789383364453.2732,-9.571290016174316,0.18632633984088898,-0.029419949278235435
1789383364468.9385,-9.571290016174316,0.2843928337097168,-0.04903324693441391
1789383364484.6045,-9.512450218200684,0.32361945509910583,-0.009806649759411812
1789383364500.2715,-9.512450218200684,0.22555294632911682,0.0
1789383364515.9397,-9.532063484191895,0.18632633984088898,0.029419949278235435
1789383364531.6047,-9.532063484191895,0.26477953791618347,-0.04903324693441391
1789383364547.2727,-9.532063484191895,0.26477953791618347,-0.04903324693441391
1789383364562.94,-9.532063484191895,0.16671304404735565,0.0
1789383364578.608,-9.492836952209473,0.22555294632911682,0.009806649759411812
1789383364594.273,-9.512450218200684,0.2843928337097168,-0.029419949278235435
1789383364609.9412,-9.551676750183105,0.3040061295032501,-0.029419949278235435
1789383364625.6091,-9.551676750183105,0.24516624212265015,-0.04903324693441391
1789383364641.278,-9.492836952209473,0.3040061295032501,0.009806649759411812
1789383364656.9463,-9.492836952209473,0.34323275089263916,0.0
1789383364672.6133,-9.532063484191895,0.34323275089263916,-0.04903324693441391
1789383364688.2805,-9.590903282165527,0.34323275089263916,-0.009806649759411812
1789383364703.9485,-9.512450218200684,0.34323275089263916,-0.009806649759411812
1789383364719.6177,-9.473223686218262,0.16671304404735565,-0.009806649759411812
1789383364735.2886,-9.551676750183105,-0.029419949278235435,0.04903324693441391
1789383364750.954,-9.512450218200684,0.04903324693441391,0.0
1789383364766.6194,-9.512450218200684,0.16671304404735565,-0.10787314921617508
1789383364782.2866,-9.551676750183105,0.08825984597206116,0.04903324693441391
1789383364797.951,-9.551676750183105,0.0,-0.06864655017852783
1789383364813.6172,-9.473223686218262,0.2059396505355835,0.04903324693441391
1789383364829.2815,-9.492836952209473,0.24516624212265015,-0.06864655017852783
1789383364844.949,-9.610516548156738,0.14709974825382233,-0.029419949278235435
1789383364860.6172,-9.532063484191895,0.127486452460289,0.009806649759411812
1789383364876.2834,-9.43399715423584,0.2059396505355835,-0.029419949278235435
1789383364891.9507,-9.512450218200684,0.2059396505355835,0.029419949278235435
1789383364907.616,-9.610516548156738,0.14709974825382233,-0.04903324693441391
1789383364923.2842,-9.551676750183105,0.24516624212265015,-0.009806649759411812
1789383364938.9534,-9.473223686218262,0.24516624212265015,0.0
1789383364954.6238,-9.492836952209473,0.18632633984088898,0.029419949278235435
1789383364970.291,-9.571290016174316,0.2059396505355835,-0.029419949278235435
1789383364985.9583,-9.532063484191895,0.2843928337097168,-0.029419949278235435
1789383365001.6265,-9.512450218200684,0.2059396505355835,-0.029419949278235435
1789383365017.2979,-9.512450218200684,0.127486452460289,0.04903324693441391
1789383365032.964,-9.512450218200684,0.16671304404735565,-0.009806649759411812
1789383365048.6313,-9.532063484191895,0.24516624212265015,-0.029419949278235435
1789383365064.2976,-9.571290016174316,0.2059396505355835,-0.04903324693441391
1789383365079.9658,-9.532063484191895,0.18632633984088898,0.009806649759411812
1789383365095.633,-9.492836952209473,0.18632633984088898,0.0
1789383365111.3013,-9.492836952209473,0.26477953791618347,0.029419949278235435
1789383365126.9675,-9.571290016174316,0.24516624212265015,-0.08825984597206116
1789383365142.6348,-9.571290016174316,0.24516624212265015,0.0
1789383365158.303,-9.473223686218262,0.18632633984088898,-0.009806649759411812
1789383365173.9702,-9.492836952209473,0.127486452460289,0.0
1789383365189.6375,-9.532063484191895,0.127486452460289,0.0
1789383365205.3044,-9.532063484191895,0.16671304404735565,-0.029419949278235435
1789383365220.9717,-9.512450218200684,0.2843928337097168,0.009806649759411812
1789383365236.637,-9.512450218200684,0.24516624212265015,-0.029419949278235435
1789383365252.3042,-9.551676750183105,0.18632633984088898,0.0
1789383365267.9714,-9.551676750183105,0.16671304404735565,-0.009806649759411812
1789383365283.6387,-9.512450218200684,0.2059396505355835,-0.029419949278235435
1789383365299.307,-9.532063484191895,0.18632633984088898,-0.009806649759411812
1789383365314.974,-9.551676750183105,0.18632633984088898,0.0
1789383365330.641,-9.512450218200684,0.2843928337097168,-0.029419949278235435
1789383365346.3083,-9.512450218200684,0.24516624212265015,-0.04903324693441391
1789383365361.9746,-9.532063484191895,0.2059396505355835,0.0
1789383365377.6418,-9.532063484191895,0.18632633984088898,-0.029419949278235435
1789383365393.31,-9.512450218200684,0.22555294632911682,0.0
1789383365408.977,-9.532063484191895,0.22555294632911682,0.0
1789383365424.6453,-9.551676750183105,0.2843928337097168,-0.029419949278235435
1789383365440.3115,-9.551676750183105,0.3628460466861725,-0.009806649759411812
1789383365455.9788,-9.532063484191895,0.26477953791618347,-0.029419949278235435
1789383365471.647,-9.551676750183105,0.18632633984088898,0.029419949278235435
1789383365487.313,-9.512450218200684,0.18632633984088898,-0.009806649759411812
1789383365502.9802,-9.512450218200684,0.3040061295032501,-0.009806649759411812
1789383365518.6494,-9.551676750183105,0.22555294632911682,-0.06864655017852783
1789383365534.3186,-9.551676750183105,0.14709974825382233,-0.009806649759411812
1789383365549.9866,-9.473223686218262,0.127486452460289,-0.009806649759411812
1789383365565.6567,-9.492836952209473,0.24516624212265015,0.009806649759411812
1789383365581.324,-9.571290016174316,0.24516624212265015,-0.06864655017852783
1789383365596.9912,-9.590903282165527,0.26477953791618347,-0.029419949278235435
1789383365612.6572,-9.492836952209473,0.22555294632911682,-0.009806649759411812
1789383365628.3264,-9.473223686218262,0.18632633984088898,0.009806649759411812
1789383365643.9937,-9.532063484191895,0.14709974825382233,0.0
1789383365659.6597,-9.571290016174316,0.2059396505355835,-0.009806649759411812
1789383365675.326,-9.532063484191895,0.2059396505355835,-0.04903324693441391
1789383365690.9941,-9.512450218200684,0.16671304404735565,0.009806649759411812
1789383365706.6602,-9.512450218200684,0.16671304404735565,0.029419949278235435
1789383365722.3242,-9.532063484191895,0.26477953791618347,-0.009806649759411812
1789383365737.9915,-9.551676750183105,0.34323275089263916,-0.06864655017852783
1789383365753.6587,-9.532063484191895,0.24516624212265015,-0.029419949278235435
1789383365769.3271,-9.532063484191895,0.18632633984088898,0.009806649759411812
1789383365784.9946,-9.492836952209473,0.18632633984088898,0.009806649759411812
1789383365800.6602,-9.551676750183105,0.22555294632911682,-0.029419949278235435
1789383365816.3264,-9.571290016174316,0.26477953791618347,-0.009806649759411812
1789383365831.994,-9.512450218200684,0.18632633984088898,-0.04903324693441391
1789383365847.6624,-9.492836952209473,0.14709974825382233,0.04903324693441391
1789383365863.328,-9.512450218200684,0.127486452460289,-0.009806649759411812
1789383365878.9954,-9.551676750183105,0.24516624212265015,-0.029419949278235435
1789383365894.6628,-9.551676750183105,0.32361945509910583,-0.009806649759411812
1789383365910.329,-9.512450218200684,0.2843928337097168,-0.029419949278235435
1789383365925.9966,-9.512450218200684,0.18632633984088898,-0.009806649759411812
1789383365941.666,-9.532063484191895,0.16671304404735565,0.009806649759411812
1789383365957.3325,-9.512450218200684,0.22555294632911682,-0.009806649759411812
1789383365973.003,-9.532063484191895,0.3040061295032501,0.0
1789383365988.6694,-9.551676750183105,0.2843928337097168,-0.06864655017852783
1789383366004.3389,-9.532063484191895,0.2059396505355835,0.0
1789383366020.0073,-9.512450218200684,0.16671304404735565,0.0
1789383366035.6758,-9.512450218200684,0.22555294632911682,0.0
1789383366051.3452,-9.532063484191895,0.2843928337097168,-0.029419949278235435
1789383366067.0168,-9.551676750183105,0.24516624212265015,-0.029419949278235435
1789383366082.6882,-9.532063484191895,0.14709974825382233,-0.009806649759411812
1789383366098.3577,-9.492836952209473,0.14709974825382233,0.009806649759411812
1789383366114.0251,-9.492836952209473,0.24516624212265015,-0.009806649759411812
1789383366129.6956,-9.571290016174316,0.2843928337097168,-0.04903324693441391
1789383366145.364,-9.571290016174316,0.3040061295032501,-0.009806649759411812
1789383366161.0337,-9.512450218200684,0.2059396505355835,-0.029419949278235435
1789383366176.7031,-9.473223686218262,0.26477953791618347,0.06864655017852783
1789383366192.3716,-9.532063484191895,0.18632633984088898,-0.10787314921617508
1789383366208.043,-9.590903282165527,0.26477953791618347,0.029419949278235435
1789383366223.7095,-9.512450218200684,0.22555294632911682,-0.08825984597206116
1789383366239.38,-9.473223686218262,0.24516624212265015,0.029419949278235435
1789383366255.0474,-9.532063484191895,0.16671304404735565,-0.009806649759411812
1789383366270.717,-9.551676750183105,0.2059396505355835,-0.029419949278235435
1789383366286.3855,-9.532063484191895,0.26477953791618347,-0.029419949278235435
1789383366302.055,-9.512450218200684,0.24516624212265015,0.0
1789383366317.7244,-9.512450218200684,0.24516624212265015,0.0
1789383366333.3918,-9.532063484191895,0.32361945509910583,0.0
1789383366349.0603,-9.551676750183105,0.34323275089263916,-0.06864655017852783
1789383366364.7278,-9.551676750183105,0.22555294632911682,0.0
1789383366380.3955,-9.492836952209473,0.14709974825382233,0.009806649759411812
1789383366396.0608,-9.473223686218262,0.2059396505355835,0.0
1789383366411.7285,-9.551676750183105,0.16671304404735565,-0.009806649759411812
1789383366427.396,-9.571290016174316,0.24516624212265015,-0.009806649759411812
1789383366443.0635,-9.512450218200684,0.26477953791618347,-0.029419949278235435
1789383366458.732,-9.492836952209473,0.3040061295032501,0.029419949278235435
1789383366474.3955,-9.512450218200684,0.2843928337097168,-0.04903324693441391
1789383366490.063,-9.551676750183105,0.2843928337097168,0.0
1789383366505.7305,-9.532063484191895,0.26477953791618347,-0.009806649759411812
1789383366521.4,-9.492836952209473,0.24516624212265015,0.0
1789383366537.0664,-9.512450218200684,0.2059396505355835,-0.029419949278235435
1789383366552.7349,-9.532063484191895,0.22555294632911682,-0.009806649759411812
1789383366568.4045,-9.551676750183105,0.26477953791618347,-0.04903324693441391
1789383366584.073,-9.512450218200684,0.26477953791618347,0.0
1789383366599.7415,-9.512450218200684,0.24516624212265015,-0.009806649759411812
1789383366615.4102,-9.532063484191895,0.26477953791618347,0.0
1789383366631.0786,-9.532063484191895,0.26477953791618347,-0.029419949278235435
1789383366646.747,-9.532063484191895,0.24516624212265015,0.0
1789383366662.4136,-9.512450218200684,0.22555294632911682,-0.009806649759411812
1789383366678.08,-9.512450218200684,0.24516624212265015,-0.009806649759411812
1789383366693.7488,-9.551676750183105,0.26477953791618347,0.0
1789383366709.4172,-9.551676750183105,0.24516624212265015,-0.029419949278235435
1789383366725.0857,-9.532063484191895,0.16671304404735565,-0.009806649759411812
1789383366740.7551,-9.512450218200684,0.16671304404735565,0.029419949278235435
1789383366756.4204,-9.512450218200684,0.2059396505355835,-0.009806649759411812
1789383366772.0908,-9.532063484191895,0.3040061295032501,0.0
1789383366787.757,-9.551676750183105,0.32361945509910583,-0.08825984597206116
1789383366803.4253,-9.532063484191895,0.26477953791618347,0.0
1789383366819.0947,-9.512450218200684,0.2059396505355835,0.009806649759411812
1789383366834.761,-9.512450218200684,0.2059396505355835,-0.009806649759411812
1789383366850.4292,-9.551676750183105,0.2843928337097168,0.0
1789383366866.0974,-9.551676750183105,0.22555294632911682,-0.10787314921617508
1789383366881.7659,-9.532063484191895,0.18632633984088898,0.009806649759411812
1789383366897.434,-9.473223686218262,0.16671304404735565,0.029419949278235435
1789383366913.0994,-9.512450218200684,0.26477953791618347,-0.029419949278235435
1789383366928.7666,-9.571290016174316,0.3040061295032501,-0.009806649759411812
1789383366944.4329,-9.571290016174316,0.24516624212265015,-0.04903324693441391
1789383366960.1023,-9.512450218200684,0.127486452460289,0.029419949278235435
1789383366975.7695,-9.473223686218262,0.127486452460289,0.029419949278235435
1789383366991.4358,-9.532063484191895,0.2059396505355835,-0.029419949278235435
1789383367007.102,-9.590903282165527,0.2843928337097168,-0.009806649759411812
1789383367022.7683,-9.551676750183105,0.2843928337097168,-0.06864655017852783
1789383367038.4387,-9.473223686218262,0.3040061295032501,0.04903324693441391
1789383367054.103,-9.492836952209473,0.22555294632911682,-0.009806649759411812
1789383367069.7712,-9.571290016174316,0.24516624212265015,0.009806649759411812
1789383367085.4375,-9.590903282165527,0.16671304404735565,-0.10787314921617508
1789383367101.109,-9.492836952209473,0.22555294632911682,0.029419949278235435
1789383367116.777,-9.473223686218262,0.22555294632911682,-0.009806649759411812
1789383367132.4465,-9.551676750183105,0.18632633984088898,-0.029419949278235435
1789383367148.1147,-9.590903282165527,0.22555294632911682,-0.009806649759411812
1789383367163.7852,-9.512450218200684,0.24516624212265015,-0.04903324693441391
1789383367179.4543,-9.492836952209473,0.2843928337097168,0.04903324693441391
1789383367195.1216,-9.532063484191895,0.22555294632911682,-0.04903324693441391
1789383367210.79,-9.571290016174316,0.18632633984088898,-0.04903324693441391
1789383367226.4592,-9.512450218200684,0.2843928337097168,0.009806649759411812
1789383367242.1274,-9.492836952209473,0.2843928337097168,-0.029419949278235435
1789383367257.7969,-9.551676750183105,0.22555294632911682,0.009806649759411812
1789383367273.4622,-9.571290016174316,0.14709974825382233,-0.029419949278235435
1789383367289.1304,-9.492836952209473,0.18632633984088898,0.0
1789383367304.7966,-9.492836952209473,0.127486452460289,0.0
1789383367320.464,-9.551676750183105,0.10787314921617508,-0.009806649759411812
1789383367336.1313,-9.532063484191895,0.2059396505355835,0.0
1789383367351.7986,-9.512450218200684,0.3040061295032501,-0.06864655017852783
1789383367367.468,-9.532063484191895,0.3040061295032501,0.0
1789383367383.1353,-9.532063484191895,0.24516624212265015,-0.029419949278235435
1789383367398.8044,-9.512450218200684,0.34323275089263916,0.009806649759411812
1789383367414.4697,-9.512450218200684,0.2843928337097168,-0.029419949278235435
1789383367430.136,-9.551676750183105,0.2059396505355835,0.0
1789383367445.8035,-9.551676750183105,0.22555294632911682,0.0
1789383367461.4697,-9.492836952209473,0.2843928337097168,-0.029419949278235435
1789383367477.136,-9.532063484191895,0.2843928337097168,0.0
1789383367492.8022,-9.571290016174316,0.127486452460289,-0.029419949278235435
1789383367508.4717,-9.512450218200684,0.18632633984088898,0.029419949278235435
1789383367524.137,-9.473223686218262,0.26477953791618347,0.0
1789383367539.8052,-9.512450218200684,0.2059396505355835,-0.029419949278235435
1789383367555.4724,-9.571290016174316,0.2059396505355835,-0.009806649759411812
1789383367571.14,-9.512450218200684,0.26477953791618347,-0.029419949278235435
1789383367586.808,-9.473223686218262,0.3040061295032501,0.009806649759411812
1789383367602.4744,-9.551676750183105,0.16671304404735565,-0.04903324693441391
1789383367618.1428,-9.571290016174316,0.14709974825382233,0.009806649759411812
1789383367633.809,-9.512450218200684,0.2843928337097168,-0.009806649759411812
1789383367649.4753,-9.492836952209473,0.2843928337097168,-0.04903324693441391
1789383367665.1416,-9.571290016174316,0.16671304404735565,0.0
1789383367680.8079,-9.551676750183105,0.16671304404735565,-0.009806649759411812
1789383367696.4722,-9.473223686218262,0.26477953791618347,0.0
1789383367712.1387,-9.492836952209473,0.2059396505355835,-0.009806649759411812
1789383367727.805,-9.610516548156738,0.127486452460289,-0.009806649759411812
1789383367743.4722,-9.512450218200684,0.32361945509910583,0.0
1789383367759.1394,-9.45361042022705,0.3628460466861725,-0.04903324693441391
1789383367774.8076,-9.571290016174316,0.18632633984088898,0.0
1789383367790.4758,-9.571290016174316,0.14709974825382233,0.0
1789383367806.143,-9.473223686218262,0.26477953791618347,-0.029419949278235435
1789383367821.8105,-9.492836952209473,0.26477953791618347,0.009806649759411812
1789383367837.4756,-9.590903282165527,0.14709974825382233,-0.04903324693441391
1789383367853.143,-9.551676750183105,0.2059396505355835,0.009806649759411812
1789383367868.8083,-9.473223686218262,0.32361945509910583,-0.009806649759411812
1789383367884.4775,-9.512450218200684,0.3040061295032501,-0.009806649759411812
1789383367900.1467,-9.590903282165527,0.2059396505355835,-0.009806649759411812
1789383367915.817,-9.532063484191895,0.26477953791618347,0.0
1789383367931.4844,-9.45361042022705,0.2843928337097168,-0.029419949278235435
1789383367947.1526,-9.532063484191895,0.18632633984088898,-0.009806649759411812
1789383367962.8237,-9.571290016174316,0.2059396505355835,0.0
1789383367978.49,-9.512450218200684,0.3040061295032501,-0.06864655017852783
1789383367994.1584,-9.512450218200684,0.2843928337097168,0.0
1789383368009.8257,-9.551676750183105,0.16671304404735565,-0.029419949278235435
1789383368025.4958,-9.532063484191895,0.2059396505355835,0.009806649759411812
1789383368041.1611,-9.492836952209473,0.34323275089263916,-0.029419949278235435
1789383368056.8274,-9.532063484191895,0.32361945509910583,-0.029419949278235435
1789383368072.4937,-9.571290016174316,0.2059396505355835,-0.009806649759411812
1789383368088.161,-9.492836952209473,0.24516624212265015,0.009806649759411812
1789383368103.8271,-9.473223686218262,0.24516624212265015,-0.04903324693441391
1789383368119.4963,-9.532063484191895,0.22555294632911682,0.029419949278235435
1789383368135.1628,-9.571290016174316,0.18632633984088898,-0.06864655017852783
1789383368150.832,-9.512450218200684,0.26477953791618347,0.009806649759411812
1789383368166.4983,-9.492836952209473,0.22555294632911682,-0.04903324693441391
1789383368182.1655,-9.532063484191895,0.16671304404735565,0.009806649759411812
1789383368197.8308,-9.551676750183105,0.2059396505355835,-0.009806649759411812
1789383368213.497,-9.492836952209473,0.32361945509910583,-0.009806649759411812
1789383368229.1643,-9.512450218200684,0.26477953791618347,-0.04903324693441391
1789383368244.8306,-9.551676750183105,0.16671304404735565,0.009806649759411812
1789383368260.494,-9.532063484191895,0.18632633984088898,-0.029419949278235435
1789383368276.1611,-9.512450218200684,0.3040061295032501,0.009806649759411812
1789383368291.8245,-9.532063484191895,0.24516624212265015,-0.04903324693441391
1789383368307.4907,-9.571290016174316,0.18632633984088898,0.0
1789383368323.157,-9.492836952209473,0.14709974825382233,-0.029419949278235435
1789383368338.8242,-9.492836952209473,0.16671304404735565,0.0
1789383368354.4905,-9.512450218200684,0.22555294632911682,0.0
1789383368370.1577,-9.571290016174316,0.24516624212265015,-0.08825984597206116
1789383368385.824,-9.532063484191895,0.2843928337097168,-0.009806649759411812
1789383368401.4934,-9.492836952209473,0.2843928337097168,0.009806649759411812
1789383368417.1597,-9.512450218200684,0.24516624212265015,-0.009806649759411812
1789383368432.8289,-9.571290016174316,0.2059396505355835,0.009806649759411812
1789383368448.495,-9.532063484191895,0.3040061295032501,-0.029419949278235435
1789383368464.1614,-9.512450218200684,0.3040061295032501,-0.009806649759411812
1789383368479.8276,-9.551676750183105,0.18632633984088898,0.0
1789383368495.494,-9.551676750183105,0.14709974825382233,-0.009806649759411812
1789383368511.1602,-9.492836952209473,0.26477953791618347,0.009806649759411812
1789383368526.8245,-9.532063484191895,0.3040061295032501,-0.04903324693441391
1789383368542.4907,-9.571290016174316,0.2843928337097168,-0.009806649759411812
1789383368558.157,-9.532063484191895,0.24516624212265015,0.0
1789383368573.8252,-9.473223686218262,0.2843928337097168,0.0
1789383368589.4917,-9.532063484191895,0.2059396505355835,-0.009806649759411812
1789383368605.158,-9.551676750183105,0.14709974825382233,0.0
1789383368620.8242,-9.512450218200684,0.18632633984088898,-0.029419949278235435
1789383368636.4915,-9.473223686218262,0.24516624212265015,0.009806649759411812
1789383368652.1558,-9.532063484191895,0.24516624212265015,-0.029419949278235435
1789383368667.822,-9.571290016174316,0.26477953791618347,-0.009806649759411812
1789383368683.4893,-9.512450218200684,0.26477953791618347,-0.04903324693441391
1789383368699.1555,-9.512450218200684,0.26477953791618347,0.029419949278235435
1789383368714.8218,-9.512450218200684,0.14709974825382233,-0.029419949278235435
1789383368730.491,-9.532063484191895,0.18632633984088898,0.009806649759411812
1789383368746.1582,-9.532063484191895,0.3040061295032501,-0.029419949278235435
1789383368761.8264,-9.532063484191895,0.2843928337097168,-0.009806649759411812
1789383368777.4944,-9.551676750183105,0.24516624212265015,0.0
1789383368793.1624,-9.512450218200684,0.2059396505355835,-0.009806649759411812
1789383368808.8296,-9.492836952209473,0.24516624212265015,0.009806649759411812
1789383368824.4956,-9.532063484191895,0.24516624212265015,0.0
1789383368840.1646,-9.551676750183105,0.22555294632911682,-0.029419949278235435
1789383368855.8328,-9.532063484191895,0.26477953791618347,0.0
1789383368871.4988,-9.492836952209473,0.26477953791618347,-0.06864655017852783
1789383368887.1638,-9.551676750183105,0.18632633984088898,0.009806649759411812
1789383368902.8298,-9.532063484191895,0.2059396505355835,0.0
1789383368918.494,-9.512450218200684,0.24516624212265015,-0.04903324693441391
1789383368934.16,-9.532063484191895,0.24516624212265015,0.009806649759411812
1789383368949.825,-9.532063484191895,0.22555294632911682,-0.029419949278235435
1789383368965.491,-9.532063484191895,0.26477953791618347,-0.009806649759411812
1789383368981.157,-9.512450218200684,0.24516624212265015,-0.029419949278235435
1789383368996.822,-9.551676750183105,0.18632633984088898,-0.029419949278235435
1789383369012.488,-9.512450218200684,0.2059396505355835,0.0
1789383369028.1553,-9.512450218200684,0.22555294632911682,-0.009806649759411812
1789383369043.8223,-9.532063484191895,0.18632633984088898,-0.009806649759411812
1789383369059.4883,-9.532063484191895,0.16671304404735565,-0.009806649759411812
1789383369075.1543,-9.512450218200684,0.22555294632911682,0.0
1789383369090.8213,-9.512450218200684,0.2059396505355835,-0.029419949278235435
1789383369106.4873,-9.551676750183105,0.16671304404735565,-0.009806649759411812
1789383369122.1545,-9.532063484191895,0.18632633984088898,0.0
1789383369137.8215,-9.492836952209473,0.22555294632911682,-0.009806649759411812
1789383369153.4875,-9.532063484191895,0.24516624212265015,0.0
1789383369169.1536,-9.551676750183105,0.26477953791618347,-0.04903324693441391
1789383369184.8215,-9.551676750183105,0.26477953791618347,-0.04903324693441391
1789383369200.4875,-9.512450218200684,0.3040061295032501,0.029419949278235435
1789383369216.1516,-9.512450218200684,0.24516624212265015,-0.06864655017852783
1789383369231.8196,-9.571290016174316,0.26477953791618347,0.029419949278235435
1789383369247.4858,-9.532063484191895,0.26477953791618347,-0.029419949278235435
1789383369263.1528,-9.512450218200684,0.3040061295032501,0.0
1789383369278.8188,-9.532063484191895,0.22555294632911682,-0.04903324693441391
1789383369294.4858,-9.532063484191895,0.2059396505355835,0.0
1789383369310.151,-9.492836952209473,0.26477953791618347,-0.029419949278235435
1789383369325.816,-9.532063484191895,0.3040061295032501,-0.009806649759411812
1789383369341.482,-9.551676750183105,0.24516624212265015,-0.009806649759411812
1789383369357.149,-9.512450218200684,0.2843928337097168,-0.009806649759411812
1789383369372.814,-9.492836952209473,0.26477953791618347,-0.029419949278235435
1789383369388.481,-9.532063484191895,0.24516624212265015,0.0
1789383369404.146,-9.551676750183105,0.24516624212265015,-0.029419949278235435
1789383369419.813,-9.532063484191895,0.26477953791618347,-0.029419949278235435
1789383369435.4802,-9.512450218200684,0.2059396505355835,-0.009806649759411812
1789383369451.1482,-9.532063484191895,0.2059396505355835,0.009806649759411812
1789383369466.8142,-9.512450218200684,0.2843928337097168,-0.009806649759411812
1789383369482.4802,-9.532063484191895,0.3040061295032501,-0.04903324693441391
1789383369498.1472,-9.551676750183105,0.26477953791618347,0.0
1789383369513.8132,-9.512450218200684,0.18632633984088898,-0.009806649759411812
1789383369529.4802,-9.492836952209473,0.22555294632911682,0.009806649759411812
1789383369545.1453,-9.512450218200684,0.2059396505355835,-0.029419949278235435
1789383369560.8123,-9.571290016174316,0.24516624212265015,0.0
1789383369576.4802,-9.532063484191895,0.2843928337097168,-0.029419949278235435
1789383369592.1484,-9.492836952209473,0.3040061295032501,0.0
1789383369607.8164,-9.551676750183105,0.26477953791618347,0.0
1789383369623.4834,-9.551676750183105,0.22555294632911682,-0.029419949278235435
1789383369639.1514,-9.512450218200684,0.2843928337097168,0.0
1789383369654.8184,-9.512450218200684,0.2843928337097168,-0.029419949278235435
1789383369670.4844,-9.551676750183105,0.22555294632911682,0.0
1789383369686.1504,-9.532063484191895,0.24516624212265015,-0.009806649759411812
1789383369701.8176,-9.512450218200684,0.32361945509910583,0.0
1789383369717.4856,-9.551676750183105,0.3040061295032501,-0.009806649759411812
1789383369733.1526,-9.571290016174316,0.22555294632911682,-0.029419949278235435
1789383369748.8196,-9.512450218200684,0.2843928337097168,0.0
1789383369764.4863,-9.512450218200684,0.32361945509910583,-0.029419949278235435
1789383369780.1553,-9.551676750183105,0.24516624212265015,0.0
1789383369795.822,-9.532063484191895,0.2059396505355835,-0.009806649759411812
1789383369811.4907,-9.492836952209473,0.3040061295032501,0.009806649759411812
1789383369827.1565,-9.512450218200684,0.3040061295032501,-0.029419949278235435
1789383369842.8245,-9.571290016174316,0.18632633984088898,-0.009806649759411812
1789383369858.4912,-9.551676750183105,0.10787314921617508,-0.009806649759411812
1789383369874.158,-9.473223686218262,0.18632633984088898,0.04903324693441391
1789383369889.8218,-9.473223686218262,0.24516624212265015,-0.029419949278235435
1789383369905.4866,-9.590903282165527,0.24516624212265015,-0.029419949278235435
1789383369921.1523,-9.571290016174316,0.22555294632911682,-0.029419949278235435
1789383369936.819,-9.45361042022705,0.2843928337097168,0.009806649759411812
1789383369952.4849,-9.473223686218262,0.22555294632911682,0.009806649759411812
1789383369968.1506,-9.571290016174316,0.22555294632911682,-0.009806649759411812
1789383369983.8164,-9.551676750183105,0.3040061295032501,-0.06864655017852783
1789383369999.4844,-9.492836952209473,0.34323275089263916,-0.009806649759411812
1789383370015.1511,-9.512450218200684,0.26477953791618347,0.0
1789383370030.817,-9.532063484191895,0.18632633984088898,-0.009806649759411812
1789383370046.4836,-9.512450218200684,0.3040061295032501,0.0
1789383370062.1494,-9.492836952209473,0.40207263827323914,-0.06864655017852783
1789383370077.8162,-9.551676750183105,0.3628460466861725,0.0
1789383370093.481,-9.532063484191895,0.2843928337097168,-0.009806649759411812
1789383370109.1458,-9.492836952209473,0.3040061295032501,-0.029419949278235435
1789383370124.8105,-9.512450218200684,0.26477953791618347,-0.009806649759411812
1789383370140.4763,-9.551676750183105,0.22555294632911682,-0.009806649759411812
1789383370156.142,-9.532063484191895,0.2059396505355835,-0.009806649759411812
1789383370171.807,-9.512450218200684,0.2059396505355835,-0.009806649759411812
1789383370187.4736,-9.512450218200684,0.18632633984088898,0.009806649759411812
1789383370203.1384,-9.532063484191895,0.2059396505355835,-0.009806649759411812
1789383370218.8052,-9.551676750183105,0.2059396505355835,-0.029419949278235435
1789383370234.473,-9.512450218200684,0.22555294632911682,0.0
1789383370250.1396,-9.512450218200684,0.2059396505355835,0.0
1789383370265.8064,-9.532063484191895,0.22555294632911682,-0.009806649759411812
1789383370281.4731,-9.532063484191895,0.2059396505355835,-0.009806649759411812
1789383370297.14,-9.532063484191895,0.2059396505355835,-0.029419949278235435
1789383370312.8079,-9.492836952209473,0.22555294632911682,0.029419949278235435
1789383370328.4724,-9.512450218200684,0.2059396505355835,-0.029419949278235435
1789383370344.1394,-9.532063484191895,0.2843928337097168,0.029419949278235435
1789383370359.8062,-9.532063484191895,0.2843928337097168,-0.08825984597206116
1789383370375.4739,-9.532063484191895,0.26477953791618347,-0.009806649759411812
1789383370391.1426,-9.512450218200684,0.24516624212265015,0.009806649759411812
1789383370406.8074,-9.532063484191895,0.26477953791618347,0.0
1789383370422.4722,-9.512450218200684,0.3040061295032501,-0.009806649759411812
1789383370438.137,-9.551676750183105,0.3040061295032501,-0.009806649759411812
1789383370453.8015,-9.512450218200684,0.3040061295032501,-0.009806649759411812
1789383370469.4673,-9.512450218200684,0.26477953791618347,-0.029419949278235435
1789383370485.135,-9.532063484191895,0.26477953791618347,0.009806649759411812
1789383370500.8008,-9.532063484191895,0.2059396505355835,-0.06864655017852783
1789383370516.4697,-9.532063484191895,0.2843928337097168,0.029419949278235435
1789383370532.1365,-9.492836952209473,0.32361945509910583,-0.029419949278235435
1789383370547.8042,-9.532063484191895,0.3628460466861725,-0.029419949278235435
1789383370563.471,-9.551676750183105,0.26477953791618347,-0.009806649759411812
1789383370579.1387,-9.532063484191895,0.24516624212265015,0.0
1789383370594.8083,-9.492836952209473,0.24516624212265015,0.009806649759411812
1789383370610.4731,-9.532063484191895,0.24516624212265015,-0.029419949278235435
1789383370626.14,-9.551676750183105,0.2843928337097168,0.0
1789383370641.8076,-9.532063484191895,0.26477953791618347,-0.06864655017852783
1789383370657.4763,-9.512450218200684,0.2059396505355835,0.009806649759411812
1789383370673.146,-9.512450218200684,0.127486452460289,0.009806649759411812
1789383370688.8127,-9.512450218200684,0.22555294632911682,0.0
1789383370704.4795,-9.532063484191895,0.32361945509910583,-0.06864655017852783
1789383370720.1482,-9.532063484191895,0.26477953791618347,-0.04903324693441391
1789383370735.8171,-9.512450218200684,0.24516624212265015,0.029419949278235435
1789383370751.483,-9.473223686218262,0.2843928337097168,-0.029419949278235435
1789383370767.1511,-9.532063484191895,0.3040061295032501,-0.009806649759411812
1789383370782.8184,-9.590903282165527,0.24516624212265015,-0.04903324693441391
1789383370798.4868,-9.532063484191895,0.24516624212265015,-0.009806649759411812
1789383370814.155,-9.45361042022705,0.3040061295032501,-0.009806649759411812
1789383370829.8232,-9.512450218200684,0.2843928337097168,-0.029419949278235435
1789383370845.4917,-9.571290016174316,0.2059396505355835,-0.029419949278235435
1789383370861.1619,-9.512450218200684,0.2059396505355835,-0.009806649759411812
1789383370876.829,-9.45361042022705,0.3040061295032501,0.0
1789383370892.4966,-9.512450218200684,0.3040061295032501,-0.009806649759411812
1789383370908.1658,-9.590903282165527,0.2843928337097168,-0.029419949278235435
1789383370923.834,-9.512450218200684,0.34323275089263916,-0.009806649759411812
1789383370939.5024,-9.473223686218262,0.3040061295032501,-0.009806649759411812
1789383370955.1716,-9.512450218200684,0.22555294632911682,0.029419949278235435
1789383370970.838,-9.551676750183105,0.22555294632911682,-0.029419949278235435
1789383370986.5042,-9.512450218200684,0.32361945509910583,-0.029419949278235435
1789383371002.1716,-9.512450218200684,0.2843928337097168,-0.029419949278235435
1789383371017.838,-9.532063484191895,0.24516624212265015,0.009806649759411812
1789383371033.5042,-9.532063484191895,0.26477953791618347,-0.029419949278235435
1789383371049.1724,-9.512450218200684,0.411879301071167,0.0
1789383371064.8386,-9.532063484191895,0.3040061295032501,-0.08825984597206116
1789383371080.508,-9.551676750183105,0.14709974825382233,0.009806649759411812
1789383371096.1743,-9.492836952209473,0.18632633984088898,0.029419949278235435
1789383371111.8386,-9.473223686218262,0.2843928337097168,-0.04903324693441391
1789383371127.5059,-9.571290016174316,0.24516624212265015,-0.009806649759411812
1789383371143.174,-9.590903282165527,0.16671304404735565,-0.04903324693441391
1789383371158.8425,-9.473223686218262,0.26477953791618347,0.029419949278235435
1789383371174.5068,-9.45361042022705,0.32361945509910583,-0.029419949278235435
1789383371190.173,-9.571290016174316,0.26477953791618347,-0.029419949278235435
1789383371205.8403,-9.610516548156738,0.26477953791618347,-0.029419949278235435
1789383371221.5085,-9.492836952209473,0.2843928337097168,-0.009806649759411812
1789383371237.177,-9.473223686218262,0.3040061295032501,0.009806649759411812
1789383371252.8413,-9.551676750183105,0.24516624212265015,-0.029419949278235435
1789383371268.5085,-9.551676750183105,0.32361945509910583,-0.04903324693441391
1789383371284.1748,-9.512450218200684,0.34323275089263916,-0.029419949278235435
1789383371299.8433,-9.492836952209473,0.22555294632911682,0.0
1789383371315.5105,-9.512450218200684,0.2059396505355835,0.029419949278235435
1789383371331.1758,-9.512450218200684,0.26477953791618347,-0.04903324693441391
1789383371346.843,-9.532063484191895,0.3040061295032501,-0.029419949278235435
1789383371362.5083,-9.532063484191895,0.24516624212265015,-0.009806649759411812
1789383371378.1746,-9.492836952209473,0.32361945509910583,0.009806649759411812
1789383371393.838,-9.492836952209473,0.3824593424797058,-0.04903324693441391
1789383371409.5022,-9.551676750183105,0.3628460466861725,-0.029419949278235435
1789383371425.1675,-9.571290016174316,0.24516624212265015,-0.029419949278235435
1789383371440.834,-9.492836952209473,0.2843928337097168,0.04903324693441391
1789383371456.4983,-9.473223686218262,0.24516624212265015,-0.04903324693441391
1789383371472.1646,-9.551676750183105,0.2843928337097168,0.029419949278235435
1789383371487.828,-9.571290016174316,0.2843928337097168,-0.08825984597206116
1789383371503.4941,-9.512450218200684,0.32361945509910583,0.0
1789383371519.1584,-9.492836952209473,0.22555294632911682,-0.009806649759411812
1789383371534.8228,-9.512450218200684,0.18632633984088898,0.0
1789383371550.487,-9.532063484191895,0.24516624212265015,0.0
1789383371566.1543,-9.532063484191895,0.2843928337097168,-0.04903324693441391
1789383371581.8218,-9.532063484191895,0.24516624212265015,-0.009806649759411812
1789383371597.488,-9.532063484191895,0.24516624212265015,0.009806649759411812
1789383371613.1523,-9.492836952209473,0.34323275089263916,-0.029419949278235435
1789383371628.8196,-9.532063484191895,0.34323275089263916,-0.029419949278235435
1789383371644.4878,-9.571290016174316,0.24516624212265015,-0.029419949278235435
1789383371660.1553,-9.512450218200684,0.26477953791618347,0.009806649759411812
1789383371675.8215,-9.473223686218262,0.32361945509910583,-0.009806649759411812
1789383371691.4888,-9.571290016174316,0.2843928337097168,-0.009806649759411812
1789383371707.1553,-9.571290016174316,0.24516624212265015,-0.009806649759411812
1789383371722.8235,-9.492836952209473,0.26477953791618347,-0.009806649759411812
1789383371738.4907,-9.473223686218262,0.2843928337097168,0.009806649759411812
1789383371754.157,-9.551676750183105,0.24516624212265015,-0.029419949278235435
1789383371769.8252,-9.551676750183105,0.3040061295032501,-0.009806649759411812
1789383371785.4937,-9.512450218200684,0.34323275089263916,-0.029419949278235435
1789383371801.1619,-9.512450218200684,0.2843928337097168,-0.009806649759411812
1789383371816.83,-9.532063484191895,0.22555294632911682,0.0
1789383371832.4973,-9.512450218200684,0.24516624212265015,-0.029419949278235435
1789383371848.1655,-9.512450218200684,0.26477953791618347,-0.04903324693441391
1789383371863.8337,-9.532063484191895,0.24516624212265015,0.0
1789383371879.501,-9.532063484191895,0.22555294632911682,-0.009806649759411812
1789383371895.1692,-9.492836952209473,0.32361945509910583,0.009806649759411812
1789383371910.8345,-9.532063484191895,0.3040061295032501,-0.06864655017852783
1789383371926.5007,-9.551676750183105,0.34323275089263916,0.029419949278235435
1789383371942.166,-9.532063484191895,0.26477953791618347,-0.08825984597206116
1789383371957.8333,-9.492836952209473,0.2843928337097168,0.04903324693441391
1789383371973.4966,-9.532063484191895,0.18632633984088898,-0.029419949278235435
1789383371989.1628,-9.512450218200684,0.18632633984088898,0.0
1789383372004.83,-9.532063484191895,0.2059396505355835,-0.009806649759411812
1789383372020.4963,-9.512450218200684,0.2843928337097168,0.0
1789383372036.1626,-9.512450218200684,0.32361945509910583,-0.029419949278235435
1789383372051.8286,-9.551676750183105,0.3040061295032501,-0.029419949278235435
1789383372067.494,-9.532063484191895,0.24516624212265015,-0.029419949278235435
1789383372083.1633,-9.512450218200684,0.24516624212265015,0.029419949278235435
1789383372098.8296,-9.532063484191895,0.2843928337097168,0.0
1789383372114.4968,-9.551676750183105,0.3628460466861725,-0.029419949278235435
1789383372130.1619,-9.551676750183105,0.3628460466861725,-0.009806649759411812
1789383372145.8303,-9.532063484191895,0.3040061295032501,-0.029419949278235435
1789383372161.4966,-9.492836952209473,0.2843928337097168,0.0
1789383372177.1606,-9.532063484191895,0.2843928337097168,-0.009806649759411812
1789383372192.826,-9.551676750183105,0.2843928337097168,-0.029419949278235435
1789383372208.4922,-9.532063484191895,0.2843928337097168,0.0
1789383372224.1584,-9.492836952209473,0.3040061295032501,-0.009806649759411812
1789383372239.8267,-9.512450218200684,0.24516624212265015,0.0
1789383372255.493,-9.551676750183105,0.2059396505355835,-0.009806649759411812
1789383372271.1602,-9.532063484191895,0.18632633984088898,-0.029419949278235435
1789383372286.8276,-9.512450218200684,0.2059396505355835,0.009806649759411812
1789383372302.4907,-9.492836952209473,0.22555294632911682,-0.009806649759411812
1789383372318.156,-9.551676750183105,0.26477953791618347,-0.029419949278235435
1789383372333.8223,-9.532063484191895,0.26477953791618347,-0.029419949278235435
1789383372349.4866,-9.532063484191895,0.22555294632911682,-0.009806649759411812
1789383372365.1519,-9.492836952209473,0.26477953791618347,0.029419949278235435
1789383372380.8162,-9.512450218200684,0.2843928337097168,-0.06864655017852783
1789383372396.4814,-9.551676750183105,0.2843928337097168,-0.009806649759411812
1789383372412.1467,-9.551676750183105,0.22555294632911682,-0.04903324693441391
1789383372427.813,-9.492836952209473,0.24516624212265015,0.009806649759411812
1789383372443.478,-9.492836952209473,0.24516624212265015,-0.029419949278235435
1789383372459.1443,-9.551676750183105,0.3040061295032501,0.0
1789383372474.8118,-9.551676750183105,0.32361945509910583,-0.08825984597206116
1789383372490.48,-9.512450218200684,0.3628460466861725,0.029419949278235435
1789383372506.1453,-9.492836952209473,0.3040061295032501,-0.029419949278235435
1789383372521.8125,-9.532063484191895,0.26477953791618347,0.0
1789383372537.4788,-9.532063484191895,0.26477953791618347,-0.009806649759411812
1789383372553.145,-9.532063484191895,0.26477953791618347,-0.04903324693441391
1789383372568.8103,-9.532063484191895,0.24516624212265015,0.009806649759411812
1789383372584.4736,-9.532063484191895,0.22555294632911682,-0.029419949278235435
1789383372600.1387,-9.532063484191895,0.24516624212265015,0.0
1789383372615.804,-9.512450218200684,0.22555294632911682,-0.029419949278235435
1789383372631.4692,-9.512450218200684,0.22555294632911682,-0.009806649759411812
1789383372647.1355,-9.532063484191895,0.2059396505355835,-0.009806649759411812
1789383372662.7988,-9.512450218200684,0.24516624212265015,-0.009806649759411812
1789383372678.464,-9.512450218200684,0.3040061295032501,-0.009806649759411812
1789383372694.1304,-9.532063484191895,0.26477953791618347,-0.029419949278235435
1789383372709.7986,-9.532063484191895,0.2843928337097168,0.0
1789383372725.4639,-9.492836952209473,0.3040061295032501,-0.009806649759411812
1789383372741.131,-9.532063484191895,0.3040061295032501,0.0
1789383372756.7954,-9.551676750183105,0.2843928337097168,-0.009806649759411812
1789383372772.4597,-9.512450218200684,0.3040061295032501,-0.009806649759411812
1789383372788.125,-9.492836952209473,0.3628460466861725,0.0
1789383372803.7905,-9.532063484191895,0.22555294632911682,-0.08825984597206116
1789383372819.4568,-9.571290016174316,0.16671304404735565,0.029419949278235435
1789383372835.121,-9.492836952209473,0.24516624212265015,0.0
1789383372850.7874,-9.473223686218262,0.34323275089263916,0.0
1789383372866.4526,-9.551676750183105,0.32361945509910583,-0.04903324693441391
1789383372882.119,-9.551676750183105,0.3040061295032501,-0.009806649759411812
1789383372897.7852,-9.492836952209473,0.32361945509910583,-0.029419949278235435
1789383372913.4495,-9.492836952209473,0.2843928337097168,0.0
1789383372929.116,-9.551676750183105,0.2059396505355835,-0.029419949278235435
1789383372944.7812,-9.532063484191895,0.26477953791618347,0.0
1789383372960.4465,-9.492836952209473,0.32361945509910583,-0.029419949278235435
1789383372976.1118,-9.512450218200684,0.2843928337097168,0.009806649759411812
1789383372991.7742,-9.551676750183105,0.24516624212265015,-0.029419949278235435
1789383373007.4385,-9.512450218200684,0.3040061295032501,0.0
1789383373023.1038,-9.512450218200684,0.34323275089263916,-0.029419949278235435
1789383373038.768,-9.532063484191895,0.26477953791618347,-0.029419949278235435
1789383373054.4333,-9.532063484191895,0.24516624212265015,0.009806649759411812
1789383373070.0986,-9.492836952209473,0.26477953791618347,-0.029419949278235435
1789383373085.765,-9.532063484191895,0.24516624212265015,0.009806649759411812
1789383373101.4304,-9.551676750183105,0.2059396505355835,-0.029419949278235435
1789383373117.0977,-9.512450218200684,0.26477953791618347,0.0
1789383373132.764,-9.512450218200684,0.3040061295032501,0.0
1789383373148.4312,-9.532063484191895,0.2843928337097168,-0.04903324693441391
1789383373164.0986,-9.551676750183105,0.3040061295032501,0.029419949278235435
1789383373179.763,-9.512450218200684,0.3040061295032501,-0.029419949278235435
1789383373195.4292,-9.512450218200684,0.24516624212265015,-0.009806649759411812
1789383373211.0964,-9.532063484191895,0.18632633984088898,0.0
1789383373226.764,-9.512450218200684,0.22555294632911682,0.009806649759411812
1789383373242.4292,-9.492836952209473,0.26477953791618347,-0.04903324693441391
1789383373258.0964,-9.551676750183105,0.2843928337097168,-0.009806649759411812
1789383373273.7637,-9.512450218200684,0.34323275089263916,0.0
1789383373289.4292,-9.512450218200684,0.34323275089263916,-0.04903324693441391
1789383373305.0964,-9.532063484191895,0.32361945509910583,0.009806649759411812
1789383373320.7617,-9.551676750183105,0.2059396505355835,-0.04903324693441391
1789383373336.4302,-9.512450218200684,0.18632633984088898,0.009806649759411812
1789383373352.0964,-9.512450218200684,0.22555294632911682,0.009806649759411812
1789383373367.7637,-9.512450218200684,0.2843928337097168,-0.029419949278235435
1789383373383.43,-9.590903282165527,0.3040061295032501,-0.009806649759411812
1789383373399.0974,-9.532063484191895,0.2843928337097168,0.0
1789383373414.7646,-9.473223686218262,0.24516624212265015,0.0
1789383373430.431,-9.512450218200684,0.22555294632911682,0.0
1789383373446.0984,-9.532063484191895,0.26477953791618347,0.0
1789383373461.7656,-9.532063484191895,0.32361945509910583,-0.04903324693441391
1789383373477.434,-9.512450218200684,0.32361945509910583,0.009806649759411812
1789383373493.0984,-9.512450218200684,0.3040061295032501,-0.009806649759411812
1789383373508.7646,-9.532063484191895,0.3040061295032501,-0.029419949278235435
1789383373524.431,-9.532063484191895,0.26477953791618347,0.0
1789383373540.0994,-9.532063484191895,0.18632633984088898,-0.029419949278235435
1789383373555.7666,-9.512450218200684,0.18632633984088898,0.04903324693441391
1789383373571.4338,-9.512450218200684,0.24516624212265015,-0.029419949278235435
1789383373587.1013,-9.532063484191895,0.3824593424797058,0.009806649759411812
1789383373602.7666,-9.551676750183105,0.34323275089263916,-0.04903324693441391
1789383373618.4329,-9.532063484191895,0.32361945509910583,0.0
1789383373634.0994,-9.492836952209473,0.24516624212265015,-0.029419949278235435
1789383373649.7656,-9.492836952209473,0.3040061295032501,0.04903324693441391
1789383373665.43,-9.532063484191895,0.2843928337097168,-0.10787314921617508
1789383373681.0952,-9.571290016174316,0.26477953791618347,0.0
1789383373696.7615,-9.532063484191895,0.14709974825382233,-0.009806649759411812
1789383373712.428,-9.473223686218262,0.24516624212265015,0.029419949278235435
1789383373728.0942,-9.512450218200684,0.3040061295032501,-0.009806649759411812
1789383373743.7595,-9.590903282165527,0.3628460466861725,-0.029419949278235435
1789383373759.4248,-9.571290016174316,0.34323275089263916,-0.029419949278235435
1789383373775.091,-9.473223686218262,0.3040061295032501,0.0
1789383373790.7563,-9.492836952209473,0.22555294632911682,0.0
1789383373806.4207,-9.551676750183105,0.26477953791618347,0.0
1789383373822.087,-9.551676750183105,0.34323275089263916,-0.06864655017852783
1789383373837.7532,-9.532063484191895,0.26477953791618347,-0.029419949278235435
1789383373853.4204,-9.532063484191895,0.18632633984088898,0.029419949278235435
1789383373869.0825,-9.492836952209473,0.22555294632911682,-0.009806649759411812
1789383373884.7488,-9.512450218200684,0.3628460466861725,-0.009806649759411812
1789383373900.414,-9.571290016174316,0.411879301071167,-0.029419949278235435
1789383373916.0793,-9.532063484191895,0.32361945509910583,-0.06864655017852783
1789383373931.7476,-9.492836952209473,0.24516624212265015,0.029419949278235435
1789383373947.4119,-9.473223686218262,0.2059396505355835,0.0
1789383373963.0781,-9.551676750183105,0.24516624212265015,-0.029419949278235435
1789383373978.7454,-9.571290016174316,0.2843928337097168,-0.029419949278235435
1789383373994.4126,-9.512450218200684,0.3040061295032501,-0.029419949278235435
1789383374010.081,-9.492836952209473,0.2843928337097168,0.029419949278235435
1789383374025.745,-9.512450218200684,0.24516624212265015,-0.029419949278235435
1789383374041.4114,-9.551676750183105,0.24516624212265015,0.0
1789383374057.078,-9.532063484191895,0.26477953791618347,-0.04903324693441391
1789383374072.746,-9.512450218200684,0.26477953791618347,0.0
1789383374088.4092,-9.512450218200684,0.26477953791618347,-0.009806649759411812
1789383374104.0754,-9.512450218200684,0.32361945509910583,-0.029419949278235435
1789383374119.7397,-9.532063484191895,0.34323275089263916,-0.029419949278235435
1789383374135.404,-9.532063484191895,0.22555294632911682,-0.06864655017852783
1789383374151.0713,-9.512450218200684,0.18632633984088898,0.029419949278235435
1789383374166.7346,-9.473223686218262,0.26477953791618347,-0.009806649759411812
1789383374182.399,-9.512450218200684,0.411879301071167,0.0
1789383374198.0642,-9.571290016174316,0.32361945509910583,-0.10787314921617508
1789383374213.7295,-9.532063484191895,0.24516624212265015,0.009806649759411812
1789383374229.3938,-9.45361042022705,0.22555294632911682,0.009806649759411812
1789383374245.0588,-9.492836952209473,0.3040061295032501,0.009806649759411812
1789383374260.7231,-9.571290016174316,0.2843928337097168,-0.04903324693441391
1789383374276.3865,-9.571290016174316,0.22555294632911682,-0.06864655017852783
1789383374292.0518,-9.492836952209473,0.16671304404735565,0.0
1789383374307.719,-9.473223686218262,0.14709974825382233,0.029419949278235435
1789383374323.3833,-9.532063484191895,0.24516624212265015,-0.029419949278235435
1789383374339.0476,-9.571290016174316,0.3824593424797058,-0.04903324693441391
1789383374354.712,-9.532063484191895,0.4314925968647003,-0.029419949278235435
1789383374370.3782,-9.492836952209473,0.3040061295032501,-0.009806649759411812
1789383374386.0435,-9.512450218200684,0.2843928337097168,0.06864655017852783
1789383374401.7065,-9.532063484191895,0.3040061295032501,-0.08825984597206116
1789383374417.3699,-9.551676750183105,0.32361945509910583,-0.009806649759411812
1789383374433.0342,-9.532063484191895,0.2059396505355835,-0.009806649759411812
1789383374448.7004,-9.473223686218262,0.18632633984088898,0.029419949278235435
1789383374464.3638,-9.492836952209473,0.24516624212265015,0.0
1789383374480.028,-9.551676750183105,0.22555294632911682,-0.029419949278235435
1789383374495.6934,-9.571290016174316,0.2843928337097168,0.0
1789383374511.3564,-9.492836952209473,0.22555294632911682,-0.04903324693441391
1789383374527.0217,-9.492836952209473,0.22555294632911682,0.04903324693441391
1789383374542.684,-9.532063484191895,0.26477953791618347,-0.009806649759411812
1789383374558.3484,-9.551676750183105,0.3040061295032501,-0.10787314921617508
1789383374574.0127,-9.551676750183105,0.3628460466861725,0.009806649759411812
1789383374589.676,-9.492836952209473,0.26477953791618347,-0.06864655017852783
1789383374605.341,-9.512450218200684,0.2843928337097168,0.06864655017852783
1789383374621.0034,-9.532063484191895,0.3040061295032501,-0.009806649759411812
1789383374636.6687,-9.551676750183105,0.34323275089263916,-0.04903324693441391
1789383374652.332,-9.532063484191895,0.26477953791618347,0.0
1789383374667.9944,-9.512450218200684,0.22555294632911682,0.0
1789383374683.6584,-9.512450218200684,0.26477953791618347,0.0
1789383374699.3208,-9.551676750183105,0.24516624212265015,-0.029419949278235435
1789383374714.986,-9.532063484191895,0.2059396505355835,-0.009806649759411812
1789383374730.6504,-9.512450218200684,0.24516624212265015,0.0
1789383374746.3157,-9.492836952209473,0.2843928337097168,0.0
1789383374761.979,-9.551676750183105,0.26477953791618347,-0.029419949278235435
1789383374777.644,-9.551676750183105,0.3040061295032501,-0.009806649759411812
1789383374793.3113,-9.512450218200684,0.26477953791618347,-0.029419949278235435
1789383374808.9785,-9.492836952209473,0.24516624212265015,0.009806649759411812
1789383374824.6406,-9.532063484191895,0.24516624212265015,-0.009806649759411812
1789383374840.3027,-9.551676750183105,0.3040061295032501,-0.009806649759411812
1789383374855.967,-9.532063484191895,0.3040061295032501,-0.029419949278235435
1789383374871.632,-9.512450218200684,0.22555294632911682,0.0
1789383374887.2964,-9.532063484191895,0.2059396505355835,0.009806649759411812
1789383374902.9604,-9.512450218200684,0.3040061295032501,0.0
1789383374918.6257,-9.512450218200684,0.3824593424797058,-0.04903324693441391
1789383374934.291,-9.532063484191895,0.32361945509910583,-0.04903324693441391
1789383374949.957,-9.512450218200684,0.22555294632911682,0.009806649759411812
1789383374965.6233,-9.473223686218262,0.24516624212265015,0.0
1789383374981.2886,-9.492836952209473,0.3040061295032501,0.0
1789383374996.9546,-9.571290016174316,0.22555294632911682,-0.04903324693441391
1789383375012.6208,-9.551676750183105,0.2843928337097168,-0.009806649759411812
1789383375028.286,-9.473223686218262,0.32361945509910583,0.0
1789383375043.9502,-9.512450218200684,0.3040061295032501,-0.009806649759411812
1789383375059.6143,-9.571290016174316,0.24516624212265015,-0.029419949278235435
1789383375075.2815,-9.551676750183105,0.26477953791618347,-0.009806649759411812
1789383375090.9458,-9.492836952209473,0.24516624212265015,-0.009806649759411812
1789383375106.613,-9.532063484191895,0.14709974825382233,0.0
1789383375122.277,-9.551676750183105,0.16671304404735565,0.009806649759411812
1789383375137.9414,-9.532063484191895,0.26477953791618347,-0.04903324693441391
1789383375153.6074,-9.512450218200684,0.3040061295032501,-0.029419949278235435
1789383375169.2737,-9.532063484191895,0.2059396505355835,0.0
1789383375184.941,-9.532063484191895,0.22555294632911682,0.0
1789383375200.607,-9.492836952209473,0.3040061295032501,-0.029419949278235435
1789383375216.2722,-9.532063484191895,0.2843928337097168,-0.029419949278235435
1789383375231.9395,-9.571290016174316,0.18632633984088898,-0.029419949278235435
1789383375247.6077,-9.512450218200684,0.2843928337097168,0.009806649759411812
1789383375263.2737,-9.473223686218262,0.34323275089263916,-0.04903324693441391
1789383375278.941,-9.551676750183105,0.26477953791618347,-0.009806649759411812
1789383375294.6072,-9.571290016174316,0.16671304404735565,-0.029419949278235435
1789383375310.2764,-9.473223686218262,0.24516624212265015,0.009806649759411812
1789383375325.9404,-9.492836952209473,0.2843928337097168,-0.009806649759411812
1789383375341.6057,-9.551676750183105,0.3040061295032501,-0.009806649759411812
1789383375357.273,-9.571290016174316,0.3040061295032501,-0.04903324693441391
1789383375372.9402,-9.512450218200684,0.34323275089263916,-0.009806649759411812
1789383375388.6072,-9.473223686218262,0.24516624212265015,-0.009806649759411812
1789383375404.2744,-9.551676750183105,0.2059396505355835,0.009806649759411812
1789383375419.9417,-9.551676750183105,0.24516624212265015,-0.04903324693441391
1789383375435.608,-9.532063484191895,0.32361945509910583,-0.009806649759411812
1789383375451.2751,-9.512450218200684,0.22555294632911682,-0.009806649759411812
1789383375466.9421,-9.532063484191895,0.18632633984088898,0.029419949278235435
1789383375482.6074,-9.512450218200684,0.22555294632911682,-0.029419949278235435
1789383375498.2737,-9.532063484191895,0.34323275089263916,-0.009806649759411812
1789383375513.9397,-9.551676750183105,0.3040061295032501,-0.04903324693441391
1789383375529.607,-9.532063484191895,0.2843928337097168,0.009806649759411812
1789383375545.2722,-9.492836952209473,0.2843928337097168,-0.009806649759411812
1789383375560.9385,-9.512450218200684,0.24516624212265015,-0.029419949278235435
1789383375576.6055,-9.571290016174316,0.18632633984088898,0.0
1789383375592.2727,-9.532063484191895,0.2059396505355835,-0.029419949278235435
1789383375607.941,-9.492836952209473,0.24516624212265015,0.009806649759411812
1789383375623.6072,-9.532063484191895,0.14709974825382233,-0.029419949278235435
1789383375639.2744,-9.571290016174316,0.10787314921617508,0.009806649759411812
1789383375654.9395,-9.512450218200684,0.16671304404735565,-0.029419949278235435
1789383375670.6077,-9.492836952209473,0.18632633984088898,-0.009806649759411812
1789383375686.276,-9.532063484191895,0.2059396505355835,0.009806649759411812
1789383375701.9412,-9.532063484191895,0.26477953791618347,-0.06864655017852783
1789383375717.6094,-9.512450218200684,0.34323275089263916,0.009806649759411812
1789383375733.2734,-9.532063484191895,0.22555294632911682,-0.04903324693441391
1789383375748.9426,-9.532063484191895,0.18632633984088898,0.029419949278235435
1789383375764.608,-9.512450218200684,0.2059396505355835,-0.009806649759411812
1789383375780.274,-9.492836952209473,0.3040061295032501,-0.009806649759411812
1789383375795.9402,-9.551676750183105,0.32361945509910583,-0.029419949278235435
1789383375811.6074,-9.532063484191895,0.2843928337097168,-0.04903324693441391
1789383375827.2756,-9.492836952209473,0.22555294632911682,-0.009806649759411812
1789383375842.9438,-9.492836952209473,0.2059396505355835,0.0
1789383375858.609,-9.532063484191895,0.22555294632911682,0.0
1789383375874.2761,-9.532063484191895,0.32361945509910583,-0.029419949278235435
1789383375889.9434,-9.532063484191895,0.34323275089263916,-0.029419949278235435
1789383375905.6094,-9.532063484191895,0.26477953791618347,0.0
1789383398198.296,0.06864655017852783,-0.32361945509910583,-9.473223686218262
1789383398213.9622,0.08825984597206116,-0.34323275089263916,-9.45361042022705
1789383398229.6265,0.06864655017852783,-0.34323275089263916,-9.473223686218262
1789383398245.2917,0.04903324693441391,-0.32361945509910583,-9.473223686218262
1789383398260.958,0.06864655017852783,-0.32361945509910583,-9.473223686218262
1789383398276.6243,0.06864655017852783,-0.32361945509910583,-9.473223686218262
1789383398292.2925,0.06864655017852783,-0.32361945509910583,-9.45361042022705
1789383398307.9607,0.06864655017852783,-0.34323275089263916,-9.473223686218262
1789383398323.628,0.06864655017852783,-0.34323275089263916,-9.45361042022705
1789383398339.2961,0.04903324693441391,-0.32361945509910583,-9.473223686218262
1789383398354.9624,0.08825984597206116,-0.32361945509910583,-9.45361042022705
1789383398370.6277,0.06864655017852783,-0.32361945509910583,-9.473223686218262
1789383398386.294,0.04903324693441391,-0.32361945509910583,-9.45361042022705
1789383398401.9602,0.06864655017852783,-0.3040061295032501,-9.45361042022705
1789383398417.6252,0.06864655017852783,-0.32361945509910583,-9.45361042022705
1789383398433.2905,0.08825984597206116,-0.34323275089263916,-9.492836952209473
1789383398448.9568,0.08825984597206116,-0.32361945509910583,-9.43399715423584
1789383398464.623,0.06864655017852783,-0.32361945509910583,-9.473223686218262
1789383398480.2893,0.06864655017852783,-0.32361945509910583,-9.473223686218262
1789383398495.9565,0.06864655017852783,-0.32361945509910583,-9.45361042022705
1789383398511.6238,0.06864655017852783,-0.34323275089263916,-9.473223686218262
1789383398527.292,0.06864655017852783,-0.32361945509910583,-9.45361042022705
1789383398542.9583,0.04903324693441391,-0.34323275089263916,-9.45361042022705
1789383398558.6255,0.06864655017852783,-0.34323275089263916,-9.473223686218262
1789383398574.2937,0.06864655017852783,-0.32361945509910583,-9.45361042022705
1789383398589.962,0.06864655017852783,-0.34323275089263916,-9.45361042022705
1789383398605.6301,0.04903324693441391,-0.32361945509910583,-9.45361042022705
1789383398621.2974,0.06864655017852783,-0.32361945509910583,-9.473223686218262
1789383398636.9668,0.06864655017852783,-0.34323275089263916,-9.45361042022705
1789383398652.634,0.06864655017852783,-0.32361945509910583,-9.473223686218262
1789383398668.3022,0.04903324693441391,-0.32361945509910583,-9.45361042022705
1789383398683.9695,0.08825984597206116,-0.34323275089263916,-9.45361042022705
1789383398699.6377,0.06864655017852783,-0.34323275089263916,-9.473223686218262
1789383398715.305,0.06864655017852783,-0.34323275089263916,-9.45361042022705
1789383398730.9712,0.04903324693441391,-0.32361945509910583,-9.473223686218262
1789383398746.6375,0.06864655017852783,-0.32361945509910583,-9.45361042022705
1789383398762.3047,0.04903324693441391,-0.32361945509910583,-9.473223686218262
1789383398777.972,0.06864655017852783,-0.32361945509910583,-9.473223686218262
1789383398793.6392,0.04903324693441391,-0.34323275089263916,-9.473223686218262
1789383398809.3074,0.06864655017852783,-0.32361945509910583,-9.45361042022705
1789383398824.9736,0.04903324693441391,-0.32361945509910583,-9.473223686218262
1789383398840.6418,0.04903324693441391,-0.32361945509910583,-9.473223686218262
1789383398856.3096,0.06864655017852783,-0.34323275089263916,-9.45361042022705
1789383398871.9785,0.06864655017852783,-0.32361945509910583,-9.473223686218262
1789383398887.6465,0.06864655017852783,-0.32361945509910583,-9.473223686218262
1789383398903.3154,0.06864655017852783,-0.34323275089263916,-9.45361042022705
1789383398918.9824,0.08825984597206116,-0.34323275089263916,-9.45361042022705
1789383398934.6484,0.06864655017852783,-0.34323275089263916,-9.492836952209473
1789383398950.3154,0.06864655017852783,-0.34323275089263916,-9.473223686218262
1789383398965.9834,0.06864655017852783,-0.32361945509910583,-9.473223686218262
1789383398981.6504,0.06864655017852783,-0.32361945509910583,-9.45361042022705
1789383398997.3184,0.06864655017852783,-0.32361945509910583,-9.492836952209473
1789383399012.9863,0.06864655017852783,-0.34323275089263916,-9.45361042022705
1789383399028.6533,0.06864655017852783,-0.32361945509910583,-9.473223686218262
1789383399044.3193,0.06864655017852783,-0.32361945509910583,-9.473223686218262
1789383399059.9854,0.06864655017852783,-0.34323275089263916,-9.43399715423584
1789383399075.6543,0.06864655017852783,-0.34323275089263916,-9.492836952209473
1789383399091.3223,0.06864655017852783,-0.32361945509910583,-9.473223686218262
1789383399106.9902,0.06864655017852783,-0.32361945509910583,-9.45361042022705
1789383399122.6582,0.06864655017852783,-0.32361945509910583,-9.473223686218262
1789383399138.3262,0.06864655017852783,-0.32361945509910583,-9.473223686218262
1789383399153.995,0.06864655017852783,-0.34323275089263916,-9.45361042022705
1789383399169.663,0.06864655017852783,-0.32361945509910583,-9.43399715423584
1789383399185.329,0.06864655017852783,-0.32361945509910583,-9.45361042022705
1789383399200.9958,0.06864655017852783,-0.34323275089263916,-9.45361042022705
1789383399216.6619,0.06864655017852783,-0.32361945509910583,-9.473223686218262
1789383399232.328,0.06864655017852783,-0.32361945509910583,-9.473223686218262
1789383399247.993,0.06864655017852783,-0.32361945509910583,-9.45361042022705
1789383399263.6577,0.06864655017852783,-0.32361945509910583,-9.45361042022705
1789383399279.3218,0.06864655017852783,-0.34323275089263916,-9.473223686218262
1789383399294.9868,0.06864655017852783,-0.34323275089263916,-9.473223686218262
1789383399310.6506,0.06864655017852783,-0.32361945509910583,-9.45361042022705
1789383399326.3157,0.06864655017852783,-0.32361945509910583,-9.45361042022705
1789383399341.9807,0.06864655017852783,-0.34323275089263916,-9.473223686218262
1789383399357.6465,0.06864655017852783,-0.34323275089263916,-9.45361042022705
1789383399373.3105,0.06864655017852783,-0.32361945509910583,-9.45361042022705
1789383399388.9766,0.06864655017852783,-0.32361945509910583,-9.473223686218262
1789383399404.6445,0.06864655017852783,-0.32361945509910583,-9.45361042022705
1789383399420.3105,0.06864655017852783,-0.32361945509910583,-9.45361042022705
1789383399435.9773,0.06864655017852783,-0.32361945509910583,-9.45361042022705
1789383399451.6443,0.06864655017852783,-0.34323275089263916,-9.45361042022705
1789383399467.3103,0.06864655017852783,-0.34323275089263916,-9.473223686218262
1789383399482.9783,0.06864655017852783,-0.34323275089263916,-9.473223686218262
1789383399498.6453,0.06864655017852783,-0.32361945509910583,-9.45361042022705
1789383399514.3123,0.06864655017852783,-0.34323275089263916,-9.45361042022705
1789383399529.979,0.08825984597206116,-0.32361945509910583,-9.45361042022705
1789383399545.646,0.08825984597206116,-0.32361945509910583,-9.473223686218262
1789383399561.312,0.06864655017852783,-0.32361945509910583,-9.473223686218262
1789383399576.978,0.06864655017852783,-0.34323275089263916,-9.43399715423584
1789383399592.6438,0.06864655017852783,-0.32361945509910583,-9.45361042022705
1789383399608.3098,0.08825984597206116,-0.34323275089263916,-9.45361042022705
1789383399623.9758,0.06864655017852783,-0.34323275089263916,-9.473223686218262
1789383399639.6438,0.06864655017852783,-0.32361945509910583,-9.45361042022705
1789383399655.3127,0.04903324693441391,-0.32361945509910583,-9.473223686218262
1789383399670.9797,0.06864655017852783,-0.32361945509910583,-9.473223686218262
1789383399686.6465,0.06864655017852783,-0.32361945509910583,-9.45361042022705
1789383399702.3135,0.06864655017852783,-0.32361945509910583,-9.473223686218262
1789383399717.9795,0.06864655017852783,-0.32361945509910583,-9.473223686218262
1789383399733.6465,0.06864655017852783,-0.32361945509910583,-9.473223686218262
1789383399749.3154,0.06864655017852783,-0.32361945509910583,-9.45361042022705
1789383399764.9812,0.04903324693441391,-0.32361945509910583,-9.45361042022705
1789383399780.6492,0.06864655017852783,-0.32361945509910583,-9.492836952209473
1789383399796.3162,0.06864655017852783,-0.32361945509910583,-9.473223686218262
1789383399811.9832,0.06864655017852783,-0.32361945509910583,-9.45361042022705
1789383399827.6501,0.06864655017852783,-0.32361945509910583,-9.45361042022705
1789383399843.3184,0.06864655017852783,-0.3628460466861725,-9.473223686218262
1789383399858.9841,0.04903324693441391,-0.32361945509910583,-9.473223686218262
1789383399874.6511,0.06864655017852783,-0.32361945509910583,-9.473223686218262
1789383399890.319,0.06864655017852783,-0.32361945509910583,-9.45361042022705
1789383399905.986,0.06864655017852783,-0.32361945509910583,-9.473223686218262
1789383399921.653,0.06864655017852783,-0.32361945509910583,-9.45361042022705
1789383399937.319,0.06864655017852783,-0.34323275089263916,-9.45361042022705
1789383399952.985,0.06864655017852783,-0.34323275089263916,-9.45361042022705
1789383399968.649,0.06864655017852783,-0.34323275089263916,-9.45361042022705
1789383399984.315,0.06864655017852783,-0.32361945509910583,-9.473223686218262
1789383399999.981,0.06864655017852783,-0.34323275089263916,-9.473223686218262
1789383400015.647,0.06864655017852783,-0.34323275089263916,-9.45361042022705
1789383400031.314,0.06864655017852783,-0.32361945509910583,-9.45361042022705
1789383400046.98,0.06864655017852783,-0.34323275089263916,-9.473223686218262
1789383400062.645,0.06864655017852783,-0.32361945509910583,-9.45361042022705
1789383400078.312,0.06864655017852783,-0.32361945509910583,-9.45361042022705
1789383400093.978,0.08825984597206116,-0.32361945509910583,-9.473223686218262
1789383400109.646,0.06864655017852783,-0.32361945509910583,-9.473223686218262
1789383400125.314,0.06864655017852783,-0.32361945509910583,-9.43399715423584
1789383400140.98,0.06864655017852783,-0.32361945509910583,-9.473223686218262
1789383400156.647,0.06864655017852783,-0.32361945509910583,-9.473223686218262
1789383400172.315,0.06864655017852783,-0.32361945509910583,-9.45361042022705
1789383400187.982,0.06864655017852783,-0.34323275089263916,-9.473223686218262
1789383400203.65,0.04903324693441391,-0.34323275089263916,-9.473223686218262
1789383400219.3198,0.06864655017852783,-0.32361945509910583,-9.473223686218262
1789383400234.9888,0.06864655017852783,-0.32361945509910583,-9.473223686218262
1789383400250.6567,0.08825984597206116,-0.34323275089263916,-9.473223686218262
1789383400266.3257,0.06864655017852783,-0.32361945509910583,-9.473223686218262
1789383400281.9927,0.04903324693441391,-0.32361945509910583,-9.473223686218262
1789383400297.6606,0.04903324693441391,-0.34323275089263916,-9.473223686218262
1789383400313.3267,0.06864655017852783,-0.32361945509910583,-9.492836952209473
1789383400328.9927,0.06864655017852783,-0.34323275089263916,-9.473223686218262
1789383400344.6597,0.06864655017852783,-0.34323275089263916,-9.45361042022705
1789383400360.3267,0.06864655017852783,-0.32361945509910583,-9.492836952209473
1789383400375.9927,0.08825984597206116,-0.32361945509910583,-9.45361042022705
1789383400391.6587,0.06864655017852783,-0.32361945509910583,-9.473223686218262
1789383400407.3254,0.08825984597206116,-0.32361945509910583,-9.43399715423584
1789383400422.9915,0.08825984597206116,-0.32361945509910583,-9.45361042022705
1789383400438.6575,0.06864655017852783,-0.32361945509910583,-9.45361042022705
1789383400454.3235,0.06864655017852783,-0.32361945509910583,-9.45361042022705
1789383400469.9924,0.06864655017852783,-0.32361945509910583,-9.45361042022705
1789383400485.6604,0.06864655017852783,-0.32361945509910583,-9.45361042022705
1789383400501.3284,0.08825984597206116,-0.34323275089263916,-9.45361042022705
1789383400516.9954,0.06864655017852783,-0.32361945509910583,-9.473223686218262
1789383400532.6643,0.08825984597206116,-0.34323275089263916,-9.45361042022705
1789383400548.3323,0.06864655017852783,-0.34323275089263916,-9.45361042022705
1789383400563.9993,0.06864655017852783,-0.32361945509910583,-9.473223686218262
1789383400579.6663,0.06864655017852783,-0.32361945509910583,-9.45361042022705
1789383400595.3342,0.06864655017852783,-0.32361945509910583,-9.45361042022705
1789383400611.0002,0.06864655017852783,-0.34323275089263916,-9.45361042022705
1789383400626.6663,0.06864655017852783,-0.32361945509910583,-9.45361042022705
1789383400642.3333,0.06864655017852783,-0.32361945509910583,-9.473223686218262
1789383400658.0012,0.06864655017852783,-0.32361945509910583,-9.473223686218262
1789383400673.6692,0.06864655017852783,-0.32361945509910583,-9.473223686218262
1789383400689.3372,0.06864655017852783,-0.34323275089263916,-9.473223686218262
1789383400705.004,0.06864655017852783,-0.34323275089263916,-9.45361042022705
1789383400720.671,0.06864655017852783,-0.32361945509910583,-9.45361042022705
1789383400736.337,0.06864655017852783,-0.34323275089263916,-9.473223686218262
1789383400752.003,0.06864655017852783,-0.34323275089263916,-9.473223686218262
1789383400767.668,0.04903324693441391,-0.32361945509910583,-9.45361042022705
1789383400783.3318,0.08825984597206116,-0.34323275089263916,-9.473223686218262
1789383400798.9968,0.06864655017852783,-0.32361945509910583,-9.473223686218262
1789383400814.661,0.08825984597206116,-0.32361945509910583,-9.473223686218262
1789383400830.326,0.06864655017852783,-0.32361945509910583,-9.492836952209473
1789383400845.991,0.06864655017852783,-0.34323275089263916,-9.45361042022705
1789383400861.657,0.06864655017852783,-0.34323275089263916,-9.473223686218262
1789383400877.3232,0.06864655017852783,-0.32361945509910583,-9.473223686218262
1789383400892.9883,0.08825984597206116,-0.32361945509910583,-9.473223686218262
1789383400908.6555,0.06864655017852783,-0.32361945509910583,-9.45361042022705
1789383400924.3215,0.06864655017852783,-0.32361945509910583,-9.473223686218262
1789383400939.9878,0.06864655017852783,-0.34323275089263916,-9.45361042022705
1789383400955.6538,0.06864655017852783,-0.32361945509910583,-9.492836952209473
1789383400971.322,0.04903324693441391,-0.32361945509910583,-9.473223686218262
1789383400986.9883,0.06864655017852783,-0.34323275089263916,-9.45361042022705
1789383401002.6533,0.06864655017852783,-0.32361945509910583,-9.45361042022705
1789383401018.3174,0.08825984597206116,-0.34323275089263916,-9.45361042022705
1789383401033.9836,0.06864655017852783,-0.32361945509910583,-9.45361042022705
1789383401049.65,0.06864655017852783,-0.34323275089263916,-9.45361042022705
1789383401065.317,0.06864655017852783,-0.34323275089263916,-9.473223686218262
1789383401080.9822,0.06864655017852783,-0.34323275089263916,-9.45361042022705
1789383401096.6482,0.06864655017852783,-0.34323275089263916,-9.473223686218262
1789383401112.3123,0.06864655017852783,-0.32361945509910583,-9.473223686218262
1789383401127.9775,0.06864655017852783,-0.32361945509910583,-9.492836952209473
1789383401143.6436,0.08825984597206116,-0.32361945509910583,-9.473223686218262
1789383401159.3098,0.06864655017852783,-0.34323275089263916,-9.473223686218262
1789383401174.9758,0.06864655017852783,-0.32361945509910583,-9.473223686218262
1789383401190.643,0.06864655017852783,-0.34323275089263916,-9.45361042022705
1789383401206.3093,0.06864655017852783,-0.34323275089263916,-9.473223686218262
1789383401221.9763,0.06864655017852783,-0.32361945509910583,-9.45361042022705
1789383401237.6436,0.08825984597206116,-0.32361945509910583,-9.45361042022705
1789383401253.3105,0.04903324693441391,-0.32361945509910583,-9.45361042022705
1789383401268.9749,0.06864655017852783,-0.32361945509910583,-9.473223686218262
1789383401284.64,0.06864655017852783,-0.32361945509910583,-9.45361042022705
1789383401300.3052,0.06864655017852783,-0.34323275089263916,-9.473223686218262
1789383401315.9702,0.06864655017852783,-0.34323275089263916,-9.473223686218262
1789383401331.6353,0.06864655017852783,-0.34323275089263916,-9.473223686218262
1789383401347.3025,0.06864655017852783,-0.32361945509910583,-9.473223686218262
1789383401362.9697,0.04903324693441391,-0.32361945509910583,-9.45361042022705
1789383401378.6357,0.06864655017852783,-0.32361945509910583,-9.473223686218262
1789383401394.301,0.06864655017852783,-0.32361945509910583,-9.473223686218262
1789383401409.966,0.06864655017852783,-0.34323275089263916,-9.45361042022705
1789383401425.6333,0.06864655017852783,-0.34323275089263916,-9.45361042022705
1789383401441.3003,0.08825984597206116,-0.32361945509910583,-9.473223686218262
1789383401456.9666,0.06864655017852783,-0.34323275089263916,-9.45361042022705
1789383401472.6306,0.08825984597206116,-0.32361945509910583,-9.473223686218262
1789383401488.2966,0.06864655017852783,-0.34323275089263916,-9.45361042022705
1789383401503.963,0.06864655017852783,-0.32361945509910583,-9.473223686218262
1789383401519.6292,0.06864655017852783,-0.32361945509910583,-9.473223686218262
1789383401535.2961,0.08825984597206116,-0.34323275089263916,-9.473223686218262
1789383401550.9634,0.06864655017852783,-0.32361945509910583,-9.473223686218262
1789383401566.6304,0.06864655017852783,-0.32361945509910583,-9.473223686218262
1789383401582.2976,0.06864655017852783,-0.3040061295032501,-9.45361042022705
1789383401597.9648,0.06864655017852783,-0.34323275089263916,-9.45361042022705
1789383401613.6309,0.06864655017852783,-0.32361945509910583,-9.473223686218262
1789383401629.298,0.06864655017852783,-0.32361945509910583,-9.45361042022705
1789383401644.964,0.06864655017852783,-0.32361945509910583,-9.43399715423584
1789383401660.6304,0.06864655017852783,-0.34323275089263916,-9.473223686218262
1789383401676.2964,0.08825984597206116,-0.32361945509910583,-9.45361042022705
1789383401691.9626,0.06864655017852783,-0.32361945509910583,-9.473223686218262
1789383401707.6287,0.06864655017852783,-0.32361945509910583,-9.473223686218262
1789383401723.2927,0.06864655017852783,-0.34323275089263916,-9.473223686218262
1789383401738.958,0.06864655017852783,-0.32361945509910583,-9.492836952209473
1789383401754.623,0.06864655017852783,-0.32361945509910583,-9.45361042022705
1789383401770.2883,0.08825984597206116,-0.32361945509910583,-9.45361042022705
1789383401785.9543,0.06864655017852783,-0.32361945509910583,-9.473223686218262
1789383401801.6196,0.06864655017852783,-0.34323275089263916,-9.473223686218262
1789383401817.2866,0.06864655017852783,-0.34323275089263916,-9.473223686218262
1789383401832.952,0.08825984597206116,-0.32361945509910583,-9.473223686218262
1789383401848.619,0.08825984597206116,-0.32361945509910583,-9.473223686218262
1789383401864.285,0.08825984597206116,-0.32361945509910583,-9.473223686218262
1789383401879.951,0.06864655017852783,-0.32361945509910583,-9.473223686218262
1789383401895.617,0.06864655017852783,-0.32361945509910583,-9.473223686218262
1789383401911.283,0.06864655017852783,-0.34323275089263916,-9.473223686218262
1789383401926.949,0.06864655017852783,-0.32361945509910583,-9.45361042022705
1789383401942.6147,0.06864655017852783,-0.32361945509910583,-9.45361042022705
1789383401958.2798,0.06864655017852783,-0.32361945509910583,-9.45361042022705
1789383401973.9458,0.06864655017852783,-0.32361945509910583,-9.473223686218262
1789383401989.6108,0.06864655017852783,-0.32361945509910583,-9.473223686218262
1789383402005.2766,0.08825984597206116,-0.32361945509910583,-9.473223686218262
1789383402020.9426,0.06864655017852783,-0.32361945509910583,-9.492836952209473
1789383402036.6077,0.06864655017852783,-0.34323275089263916,-9.45361042022705
1789383402052.2737,0.06864655017852783,-0.34323275089263916,-9.45361042022705
1789383402067.9395,0.06864655017852783,-0.32361945509910583,-9.473223686218262
1789383402083.6055,0.06864655017852783,-0.34323275089263916,-9.473223686218262
1789383402099.2705,0.06864655017852783,-0.32361945509910583,-9.473223686218262
1789383402114.9343,0.06864655017852783,-0.32361945509910583,-9.473223686218262
1789383402130.5984,0.06864655017852783,-0.32361945509910583,-9.45361042022705
1789383402146.2634,0.06864655017852783,-0.34323275089263916,-9.473223686218262
1789383402161.9292,0.06864655017852783,-0.32361945509910583,-9.473223686218262
1789383402177.5942,0.08825984597206116,-0.34323275089263916,-9.45361042022705
1789383402193.2583,0.06864655017852783,-0.32361945509910583,-9.45361042022705
1789383402208.923,0.06864655017852783,-0.32361945509910583,-9.473223686218262
1789383402224.589,0.06864655017852783,-0.32361945509910583,-9.473223686218262
1789383402240.2551,0.06864655017852783,-0.34323275089263916,-9.473223686218262
1789383402255.921,0.06864655017852783,-0.32361945509910583,-9.473223686218262
1789383402271.587,0.06864655017852783,-0.32361945509910583,-9.473223686218262
1789383402287.252,0.06864655017852783,-0.32361945509910583,-9.473223686218262
1789383402302.9167,0.08825984597206116,-0.34323275089263916,-9.473223686218262
1789383402318.5798,0.06864655017852783,-0.32361945509910583,-9.45361042022705
1789383402334.2458,0.04903324693441391,-0.32361945509910583,-9.473223686218262
1789383402349.9116,0.08825984597206116,-0.32361945509910583,-9.473223686218262
1789383402365.5786,0.06864655017852783,-0.32361945509910583,-9.473223686218262
1789383402381.2446,0.06864655017852783,-0.32361945509910583,-9.473223686218262
1789383402396.9094,0.06864655017852783,-0.32361945509910583,-9.473223686218262
1789383402412.5735,0.06864655017852783,-0.32361945509910583,-9.45361042022705
1789383402428.2395,0.06864655017852783,-0.3040061295032501,-9.473223686218262
1789383402443.9053,0.06864655017852783,-0.32361945509910583,-9.45361042022705
1789383402459.5723,0.08825984597206116,-0.32361945509910583,-9.45361042022705
1789383402475.2393,0.06864655017852783,-0.32361945509910583,-9.45361042022705
1789383402490.905,0.06864655017852783,-0.32361945509910583,-9.45361042022705
1789383402506.574,0.06864655017852783,-0.32361945509910583,-9.473223686218262
1789383402522.24,0.06864655017852783,-0.32361945509910583,-9.473223686218262
1789383402537.906,0.06864655017852783,-0.34323275089263916,-9.45361042022705
1789383402553.5718,0.06864655017852783,-0.32361945509910583,-9.473223686218262
1789383402569.2358,0.04903324693441391,-0.32361945509910583,-9.45361042022705
1789383402584.9028,0.06864655017852783,-0.34323275089263916,-9.473223686218262
1789383402600.5686,0.06864655017852783,-0.32361945509910583,-9.473223686218262
1789383402616.2356,0.06864655017852783,-0.34323275089263916,-9.45361042022705
1789383402631.9006,0.06864655017852783,-0.32361945509910583,-9.492836952209473
1789383402647.5684,0.06864655017852783,-0.32361945509910583,-9.45361042022705
1789383402663.2354,0.06864655017852783,-0.32361945509910583,-9.45361042022705
1789383402678.9023,0.06864655017852783,-0.32361945509910583,-9.45361042022705
1789383402694.5693,0.08825984597206116,-0.32361945509910583,-9.45361042022705
1789383402710.236,0.06864655017852783,-0.32361945509910583,-9.473223686218262
1789383402725.903,0.06864655017852783,-0.32361945509910583,-9.473223686218262
1789383402741.57,0.06864655017852783,-0.34323275089263916,-9.473223686218262
1789383402757.238,0.06864655017852783,-0.32361945509910583,-9.45361042022705
1789383402772.9048,0.06864655017852783,-0.32361945509910583,-9.473223686218262
1789383402788.5708,0.06864655017852783,-0.34323275089263916,-9.473223686218262
1789383402804.2378,0.06864655017852783,-0.32361945509910583,-9.45361042022705
1789383402819.9055,0.08825984597206116,-0.32361945509910583,-9.473223686218262
1789383402835.5735,0.08825984597206116,-0.34323275089263916,-9.473223686218262
1789383402851.2405,0.06864655017852783,-0.32361945509910583,-9.45361042022705
1789383402866.9075,0.06864655017852783,-0.34323275089263916,-9.473223686218262
1789383402882.5735,0.08825984597206116,-0.32361945509910583,-9.43399715423584
1789383402898.2402,0.06864655017852783,-0.32361945509910583,-9.473223686218262
1789383402913.9072,0.08825984597206116,-0.3040061295032501,-9.473223686218262
1789383402929.5723,0.08825984597206116,-0.32361945509910583,-9.45361042022705
1789383402945.2383,0.06864655017852783,-0.34323275089263916,-9.473223686218262
1789383402960.9033,0.08825984597206116,-0.32361945509910583,-9.473223686218262
1789383402976.569,0.06864655017852783,-0.32361945509910583,-9.45361042022705
1789383402992.235,0.06864655017852783,-0.34323275089263916,-9.473223686218262
1789383403007.9011,0.04903324693441391,-0.32361945509910583,-9.473223686218262
1789383403023.569,0.06864655017852783,-0.32361945509910583,-9.45361042022705
1789383403039.238,0.06864655017852783,-0.32361945509910583,-9.473223686218262
1789383403054.906,0.06864655017852783,-0.32361945509910583,-9.473223686218262
1789383403070.574,0.06864655017852783,-0.32361945509910583,-9.473223686218262
1789383403086.24,0.08825984597206116,-0.34323275089263916,-9.473223686218262
1789383403101.909,0.06864655017852783,-0.32361945509910583,-9.45361042022705
1789383403117.576,0.04903324693441391,-0.34323275089263916,-9.45361042022705
1789383403133.244,0.06864655017852783,-0.34323275089263916,-9.45361042022705
1789383403148.9119,0.06864655017852783,-0.32361945509910583,-9.45361042022705
1789383403164.5798,0.06864655017852783,-0.34323275089263916,-9.473223686218262
1789383403180.2468,0.06864655017852783,-0.32361945509910583,-9.473223686218262
1789383403195.9136,0.06864655017852783,-0.34323275089263916,-9.45361042022705
1789383403211.5815,0.04903324693441391,-0.32361945509910583,-9.45361042022705
1789383403227.2485,0.06864655017852783,-0.34323275089263916,-9.473223686218262
1789383403242.9165,0.06864655017852783,-0.3040061295032501,-9.45361042022705
1789383403258.5835,0.06864655017852783,-0.34323275089263916,-9.45361042022705
1789383403274.2495,0.06864655017852783,-0.32361945509910583,-9.45361042022705
1789383403289.9155,0.04903324693441391,-0.32361945509910583,-9.492836952209473
1789383403305.5823,0.06864655017852783,-0.32361945509910583,-9.45361042022705
1789383403321.2483,0.06864655017852783,-0.34323275089263916,-9.473223686218262
1789383403336.9153,0.06864655017852783,-0.32361945509910583,-9.45361042022705
1789383403352.5823,0.06864655017852783,-0.32361945509910583,-9.45361042022705
1789383403368.2483,0.08825984597206116,-0.32361945509910583,-9.473223686218262
1789383403383.913,0.06864655017852783,-0.34323275089263916,-9.473223686218262
1789383403399.579,0.04903324693441391,-0.32361945509910583,-9.45361042022705
1789383403415.2441,0.06864655017852783,-0.32361945509910583,-9.473223686218262
1789383403430.91,0.06864655017852783,-0.34323275089263916,-9.45361042022705
1789383403446.575,0.06864655017852783,-0.32361945509910583,-9.473223686218262
1789383403462.242,0.06864655017852783,-0.32361945509910583,-9.473223686218262
1789383403477.9067,0.06864655017852783,-0.32361945509910583,-9.45361042022705
1789383403493.5728,0.06864655017852783,-0.32361945509910583,-9.473223686218262
1789383403509.2388,0.06864655017852783,-0.32361945509910583,-9.473223686218262
1789383403524.9026,0.06864655017852783,-0.32361945509910583,-9.45361042022705
1789383403540.5676,0.06864655017852783,-0.34323275089263916,-9.45361042022705
1789383403556.2314,0.06864655017852783,-0.32361945509910583,-9.45361042022705
1789383403571.8975,0.06864655017852783,-0.32361945509910583,-9.45361042022705
1789383403587.5635,0.06864655017852783,-0.32361945509910583,-9.473223686218262
1789383403603.2283,0.06864655017852783,-0.32361945509910583,-9.473223686218262
1789383403618.8943,0.08825984597206116,-0.34323275089263916,-9.473223686218262
1789383403634.5603,0.06864655017852783,-0.32361945509910583,-9.473223686218262
1789383403650.2263,0.06864655017852783,-0.32361945509910583,-9.473223686218262
1789383403665.892,0.06864655017852783,-0.32361945509910583,-9.45361042022705
1789383403681.559,0.06864655017852783,-0.32361945509910583,-9.492836952209473
1789383403697.225,0.06864655017852783,-0.32361945509910583,-9.473223686218262
1789383403712.8909,0.06864655017852783,-0.32361945509910583,-9.45361042022705
1789383403728.5588,0.06864655017852783,-0.34323275089263916,-9.473223686218262
1789383403744.2249,0.04903324693441391,-0.32361945509910583,-9.473223686218262
1789383403759.8909,0.06864655017852783,-0.34323275089263916,-9.45361042022705
1789383403775.5566,0.06864655017852783,-0.34323275089263916,-9.45361042022705
1789383403791.2236,0.08825984597206116,-0.34323275089263916,-9.45361042022705
1789383403806.8887,0.06864655017852783,-0.32361945509910583,-9.473223686218262
1789383403822.5554,0.04903324693441391,-0.32361945509910583,-9.473223686218262
1789383403838.2214,0.06864655017852783,-0.32361945509910583,-9.473223686218262
1789383403853.8884,0.04903324693441391,-0.32361945509910583,-9.473223686218262
1789383403869.5566,0.06864655017852783,-0.34323275089263916,-9.473223686218262
1789383403885.2239,0.06864655017852783,-0.32361945509910583,-9.473223686218262
1789383403900.8914,0.06864655017852783,-0.34323275089263916,-9.45361042022705
1789383403916.5576,0.08825984597206116,-0.32361945509910583,-9.45361042022705
1789383403932.226,0.08825984597206116,-0.32361945509910583,-9.473223686218262
1789383403947.8914,0.08825984597206116,-0.34323275089263916,-9.473223686218262
1789383403963.5576,0.08825984597206116,-0.32361945509910583,-9.473223686218262
1789383403979.225,0.06864655017852783,-0.32361945509910583,-9.473223686218262
1789383403994.8923,0.06864655017852783,-0.34323275089263916,-9.473223686218262
1789383404010.5588,0.06864655017852783,-0.32361945509910583,-9.473223686218262
1789383404026.227,0.06864655017852783,-0.34323275089263916,-9.473223686218262
1789383404041.8936,0.06864655017852783,-0.32361945509910583,-9.45361042022705
1789383404057.5618,0.06864655017852783,-0.32361945509910583,-9.45361042022705
1789383404073.2292,0.06864655017852783,-0.32361945509910583,-9.473223686218262
1789383404088.8975,0.06864655017852783,-0.34323275089263916,-9.473223686218262
1789383404104.566,0.08825984597206116,-0.32361945509910583,-9.45361042022705
1789383404120.2322,0.06864655017852783,-0.32361945509910583,-9.473223686218262
1789383404135.8997,0.06864655017852783,-0.34323275089263916,-9.473223686218262
1789383404151.568,0.06864655017852783,-0.32361945509910583,-9.473223686218262
1789383404167.2354,0.06864655017852783,-0.32361945509910583,-9.45361042022705
1789383404182.9038,0.06864655017852783,-0.34323275089263916,-9.473223686218262
1789383404198.571,0.06864655017852783,-0.32361945509910583,-9.473223686218262
1789383404214.2395,0.06864655017852783,-0.34323275089263916,-9.473223686218262
1789383404229.908,0.06864655017852783,-0.34323275089263916,-9.473223686218262
1789383404245.5764,0.06864655017852783,-0.32361945509910583,-9.473223686218262
1789383404261.2446,0.06864655017852783,-0.32361945509910583,-9.45361042022705
1789383404276.912,0.06864655017852783,-0.32361945509910583,-9.473223686218262
1789383404292.5793,0.06864655017852783,-0.32361945509910583,-9.45361042022705
1789383404308.2478,0.04903324693441391,-0.32361945509910583,-9.473223686218262
1789383404323.9143,0.06864655017852783,-0.32361945509910583,-9.473223686218262
1789383404339.5806,0.06864655017852783,-0.3040061295032501,-9.473223686218262
1789383404355.25,0.06864655017852783,-0.32361945509910583,-9.473223686218262
1789383404370.9185,0.06864655017852783,-0.32361945509910583,-9.45361042022705
1789383404386.5847,0.08825984597206116,-0.32361945509910583,-9.45361042022705
1789383404402.2532,0.06864655017852783,-0.32361945509910583,-9.473223686218262
1789383404417.9197,0.06864655017852783,-0.32361945509910583,-9.45361042022705
1789383404433.587,0.06864655017852783,-0.32361945509910583,-9.473223686218262
1789383404449.2544,0.08825984597206116,-0.32361945509910583,-9.45361042022705
1789383404464.921,0.08825984597206116,-0.32361945509910583,-9.473223686218262
1789383404480.5881,0.06864655017852783,-0.32361945509910583,-9.473223686218262
1789383404496.2537,0.06864655017852783,-0.32361945509910583,-9.473223686218262
1789383404511.9202,0.06864655017852783,-0.32361945509910583,-9.473223686218262
1789383404527.5864,0.06864655017852783,-0.32361945509910583,-9.45361042022705
1789383404543.253,0.06864655017852783,-0.34323275089263916,-9.45361042022705
1789383404558.9194,0.08825984597206116,-0.34323275089263916,-9.473223686218262
1789383404574.5876,0.06864655017852783,-0.32361945509910583,-9.473223686218262
1789383404590.256,0.08825984597206116,-0.34323275089263916,-9.45361042022705
1789383404605.9236,0.06864655017852783,-0.34323275089263916,-9.45361042022705
1789383404621.59,0.06864655017852783,-0.32361945509910583,-9.473223686218262
1789383404637.2573,0.06864655017852783,-0.32361945509910583,-9.45361042022705
1789383404652.9248,0.06864655017852783,-0.32361945509910583,-9.45361042022705
1789383404668.5933,0.06864655017852783,-0.3040061295032501,-9.45361042022705
1789383404684.2617,0.06864655017852783,-0.32361945509910583,-9.473223686218262
1789383404699.9312,0.06864655017852783,-0.32361945509910583,-9.473223686218262
1789383404715.5996,0.06864655017852783,-0.32361945509910583,-9.45361042022705
1789383404731.267,0.04903324693441391,-0.32361945509910583,-9.473223686218262
1789383404746.9346,0.06864655017852783,-0.34323275089263916,-9.45361042022705
1789383404762.603,0.06864655017852783,-0.32361945509910583,-9.473223686218262
1789383404778.2703,0.08825984597206116,-0.32361945509910583,-9.45361042022705
1789383404793.9387,0.06864655017852783,-0.32361945509910583,-9.45361042022705
1789383404809.6072,0.06864655017852783,-0.34323275089263916,-9.45361042022705
1789383404825.2737,0.06864655017852783,-0.32361945509910583,-9.473223686218262
1789383404840.9412,0.06864655017852783,-0.32361945509910583,-9.473223686218262
1789383404856.6096,0.06864655017852783,-0.34323275089263916,-9.473223686218262
1789383404872.2786,0.06864655017852783,-0.32361945509910583,-9.473223686218262
1789383404887.9456,0.04903324693441391,-0.32361945509910583,-9.45361042022705
1789383404903.6125,0.06864655017852783,-0.32361945509910583,-9.45361042022705
1789383404919.2795,0.06864655017852783,-0.32361945509910583,-9.473223686218262
1789383404934.9456,0.08825984597206116,-0.32361945509910583,-9.473223686218262
1789383404950.6125,0.06864655017852783,-0.32361945509910583,-9.473223686218262
1789383404966.2786,0.06864655017852783,-0.34323275089263916,-9.45361042022705
1789383404981.9453,0.08825984597206116,-0.32361945509910583,-9.473223686218262
1789383404997.6113,0.06864655017852783,-0.32361945509910583,-9.473223686218262
1789383405013.2764,0.06864655017852783,-0.34323275089263916,-9.473223686218262
1789383405028.9443,0.06864655017852783,-0.32361945509910583,-9.45361042022705
1789383405044.6091,0.08825984597206116,-0.32361945509910583,-9.45361042022705
1789383405060.2761,0.06864655017852783,-0.32361945509910583,-9.473223686218262
1789383405075.9412,0.06864655017852783,-0.32361945509910583,-9.473223686218262
1789383405091.6062,0.06864655017852783,-0.32361945509910583,-9.473223686218262
1789383405107.2732,0.06864655017852783,-0.32361945509910583,-9.45361042022705
1789383405122.941,0.06864655017852783,-0.3040061295032501,-9.45361042022705
1789383405138.608,0.06864655017852783,-0.32361945509910583,-9.473223686218262
1789383405154.275,0.08825984597206116,-0.32361945509910583,-9.473223686218262
1789383405169.9429,0.06864655017852783,-0.32361945509910583,-9.45361042022705
1789383405185.609,0.08825984597206116,-0.32361945509910583,-9.473223686218262
1789383405201.275,0.08825984597206116,-0.32361945509910583,-9.45361042022705
1789383405216.9407,0.06864655017852783,-0.32361945509910583,-9.473223686218262
1789383405232.6067,0.06864655017852783,-0.3040061295032501,-9.45361042022705
1789383405248.2747,0.04903324693441391,-0.32361945509910583,-9.473223686218262
1789383405263.9426,0.06864655017852783,-0.32361945509910583,-9.45361042022705
1789383405279.6074,0.06864655017852783,-0.34323275089263916,-9.473223686218262
1789383405295.2744,0.06864655017852783,-0.32361945509910583,-9.473223686218262
1789383405310.9404,0.06864655017852783,-0.34323275089263916,-9.473223686218262
1789383405326.6074,0.06864655017852783,-0.32361945509910583,-9.473223686218262
1789383405342.2734,0.06864655017852783,-0.32361945509910583,-9.473223686218262
1789383405357.9402,0.06864655017852783,-0.34323275089263916,-9.45361042022705
1789383405373.6082,0.06864655017852783,-0.32361945509910583,-9.45361042022705
1789383405389.2751,0.06864655017852783,-0.32361945509910583,-9.473223686218262
1789383405404.944,0.06864655017852783,-0.34323275089263916,-9.473223686218262
1789383405420.612,0.06864655017852783,-0.34323275089263916,-9.473223686218262
1789383405436.278,0.06864655017852783,-0.3040061295032501,-9.473223686218262
1789383405451.9438,0.06864655017852783,-0.32361945509910583,-9.473223686218262
1789383405467.6108,0.06864655017852783,-0.34323275089263916,-9.473223686218262
1789383405483.2788,0.06864655017852783,-0.32361945509910583,-9.473223686218262
1789383405498.9458,0.06864655017852783,-0.32361945509910583,-9.45361042022705
1789383405514.6116,0.06864655017852783,-0.32361945509910583,-9.473223686218262
1789383405530.2776,0.06864655017852783,-0.32361945509910583,-9.473223686218262
1789383405545.9446,0.06864655017852783,-0.32361945509910583,-9.473223686218262
1789383405561.6116,0.06864655017852783,-0.32361945509910583,-9.45361042022705
1789383405577.2795,0.06864655017852783,-0.32361945509910583,-9.473223686218262
1789383405592.9473,0.06864655017852783,-0.32361945509910583,-9.492836952209473
1789383405608.6143,0.06864655017852783,-0.32361945509910583,-9.45361042022705
1789383405624.2803,0.04903324693441391,-0.32361945509910583,-9.473223686218262
1789383405639.9463,0.08825984597206116,-0.34323275089263916,-9.45361042022705
1789383405655.611,0.06864655017852783,-0.34323275089263916,-9.45361042022705
1789383405671.277,0.06864655017852783,-0.32361945509910583,-9.45361042022705
1789383405686.944,0.06864655017852783,-0.32361945509910583,-9.473223686218262
1789383405702.6099,0.08825984597206116,-0.34323275089263916,-9.473223686218262
1789383405718.2769,0.06864655017852783,-0.32361945509910583,-9.45361042022705
1789383405733.9429,0.06864655017852783,-0.32361945509910583,-9.45361042022705
1789383405749.6096,0.06864655017852783,-0.3040061295032501,-9.473223686218262
1789383405765.2766,0.06864655017852783,-0.32361945509910583,-9.45361042022705
1789383405780.9436,0.06864655017852783,-0.32361945509910583,-9.473223686218262
1789383405796.6094,0.06864655017852783,-0.32361945509910583,-9.45361042022705
1789383405812.2764,0.06864655017852783,-0.32361945509910583,-9.45361042022705
1789383405827.9414,0.06864655017852783,-0.32361945509910583,-9.473223686218262
1789383405843.6072,0.08825984597206116,-0.32361945509910583,-9.473223686218262
1789383405859.2732,0.06864655017852783,-0.32361945509910583,-9.45361042022705
1789383405874.9382,0.06864655017852783,-0.32361945509910583,-9.473223686218262
1789383405890.6023,0.06864655017852783,-0.32361945509910583,-9.473223686218262
1789383405906.2676,0.06864655017852783,-0.3040061295032501,-9.43399715423584
1789383405921.9307,0.06864655017852783,-0.32361945509910583,-9.45361042022705
1789383405937.5947,0.08825984597206116,-0.32361945509910583,-9.473223686218262
1789383405953.259,0.06864655017852783,-0.32361945509910583,-9.473223686218262
1789383405968.926,0.06864655017852783,-0.32361945509910583,-9.45361042022705
1789383405984.591,0.08825984597206116,-0.32361945509910583,-9.473223686218262
1789383406000.2573,0.06864655017852783,-0.32361945509910583,-9.473223686218262
1789383406015.9233,0.06864655017852783,-0.32361945509910583,-9.45361042022705
1789383406031.5896,0.06864655017852783,-0.32361945509910583,-9.492836952209473
1789383406047.2546,0.06864655017852783,-0.34323275089263916,-9.473223686218262
1789383406062.92,0.08825984597206116,-0.3040061295032501,-9.45361042022705
1789383406078.585,0.06864655017852783,-0.34323275089263916,-9.45361042022705
1789383406094.251,0.06864655017852783,-0.3040061295032501,-9.473223686218262
1789383406109.9172,0.08825984597206116,-0.32361945509910583,-9.473223686218262
1789383406125.5833,0.06864655017852783,-0.34323275089263916,-9.473223686218262
1789383406141.2505,0.06864655017852783,-0.34323275089263916,-9.45361042022705
1789383406156.9146,0.06864655017852783,-0.32361945509910583,-9.473223686218262
1789383406172.5796,0.06864655017852783,-0.32361945509910583,-9.45361042022705
1789383406188.244,0.06864655017852783,-0.34323275089263916,-9.45361042022705
1789383406203.911,0.08825984597206116,-0.32361945509910583,-9.45361042022705
1789383406219.5771,0.06864655017852783,-0.32361945509910583,-9.473223686218262
1789383406235.2432,0.06864655017852783,-0.3040061295032501,-9.473223686218262
1789383406250.9094,0.06864655017852783,-0.32361945509910583,-9.45361042022705
1789383406266.5774,0.06864655017852783,-0.32361945509910583,-9.45361042022705
1789383406282.2446,0.06864655017852783,-0.34323275089263916,-9.45361042022705
1789383406297.9128,0.06864655017852783,-0.32361945509910583,-9.45361042022705
1789383406313.5798,0.06864655017852783,-0.32361945509910583,-9.473223686218262
1789383406329.246,0.06864655017852783,-0.32361945509910583,-9.473223686218262
1789383406344.913,0.06864655017852783,-0.32361945509910583,-9.473223686218262
1789383406360.5793,0.06864655017852783,-0.34323275089263916,-9.45361042022705
1789383406376.2454,0.06864655017852783,-0.32361945509910583,-9.473223686218262
1789383406391.9126,0.06864655017852783,-0.3040061295032501,-9.45361042022705
1789383406407.5796,0.06864655017852783,-0.34323275089263916,-9.43399715423584
1789383406423.2468,0.06864655017852783,-0.32361945509910583,-9.45361042022705
1789383406438.9138,0.06864655017852783,-0.32361945509910583,-9.473223686218262
1789383406454.58,0.06864655017852783,-0.32361945509910583,-9.473223686218262
1789383406470.246,0.06864655017852783,-0.32361945509910583,-9.473223686218262
1789383406485.9133,0.06864655017852783,-0.32361945509910583,-9.473223686218262
1789383406501.5793,0.06864655017852783,-0.32361945509910583,-9.473223686218262
1789383406517.2476,0.06864655017852783,-0.32361945509910583,-9.473223686218262
1789383406532.9158,0.08825984597206116,-0.34323275089263916,-9.473223686218262
1789383406548.5828,0.06864655017852783,-0.32361945509910583,-9.473223686218262
1789383406564.249,0.08825984597206116,-0.34323275089263916,-9.45361042022705
1789383406579.916,0.06864655017852783,-0.32361945509910583,-9.473223686218262
1789383406595.5833,0.04903324693441391,-0.34323275089263916,-9.45361042022705
1789383406611.2493,0.06864655017852783,-0.32361945509910583,-9.473223686218262
1789383406626.9175,0.06864655017852783,-0.32361945509910583,-9.45361042022705
1789383406642.5867,0.06864655017852783,-0.32361945509910583,-9.45361042022705
1789383406658.2559,0.08825984597206116,-0.32361945509910583,-9.473223686218262
1789383406673.9248,0.06864655017852783,-0.3040061295032501,-9.45361042022705
1789383406689.592,0.06864655017852783,-0.32361945509910583,-9.45361042022705
1789383406705.258,0.06864655017852783,-0.34323275089263916,-9.473223686218262
1789383406720.9263,0.06864655017852783,-0.32361945509910583,-9.473223686218262
1789383406736.5935,0.08825984597206116,-0.32361945509910583,-9.473223686218262
1789383406752.2605,0.06864655017852783,-0.34323275089263916,-9.473223686218262
1789383406767.9287,0.06864655017852783,-0.32361945509910583,-9.45361042022705
1789383406783.5967,0.06864655017852783,-0.34323275089263916,-9.45361042022705
1789383406799.2659,0.08825984597206116,-0.32361945509910583,-9.43399715423584
1789383406814.933,0.06864655017852783,-0.32361945509910583,-9.45361042022705
1789383406830.601,0.06864655017852783,-0.32361945509910583,-9.45361042022705
1789383406846.2683,0.08825984597206116,-0.32361945509910583,-9.473223686218262
1789383406861.9365,0.06864655017852783,-0.32361945509910583,-9.473223686218262
1789383406877.6045,0.06864655017852783,-0.34323275089263916,-9.45361042022705
1789383406893.2717,0.06864655017852783,-0.32361945509910583,-9.473223686218262
1789383406908.9377,0.06864655017852783,-0.32361945509910583,-9.473223686218262
1789383406924.6057,0.06864655017852783,-0.32361945509910583,-9.45361042022705
1789383406940.2717,0.08825984597206116,-0.32361945509910583,-9.45361042022705
1789383406955.94,0.06864655017852783,-0.32361945509910583,-9.473223686218262
1789383406971.607,0.08825984597206116,-0.32361945509910583,-9.492836952209473
1789383406987.2732,0.06864655017852783,-0.3040061295032501,-9.473223686218262
1789383407002.9402,0.06864655017852783,-0.3040061295032501,-9.473223686218262
1789383407018.6082,0.06864655017852783,-0.32361945509910583,-9.473223686218262
1789383407034.2744,0.06864655017852783,-0.34323275089263916,-9.492836952209473
1789383407049.9404,0.04903324693441391,-0.32361945509910583,-9.473223686218262
1789383407065.6074,0.06864655017852783,-0.34323275089263916,-9.45361042022705
1789383407081.2747,0.06864655017852783,-0.34323275089263916,-9.43399715423584
1789383407096.9417,0.06864655017852783,-0.32361945509910583,-9.45361042022705
1789383407112.6067,0.06864655017852783,-0.32361945509910583,-9.473223686218262
1789383407128.2717,0.08825984597206116,-0.32361945509910583,-9.45361042022705
1789383407143.939,0.06864655017852783,-0.34323275089263916,-9.45361042022705
1789383407159.606,0.06864655017852783,-0.34323275089263916,-9.45361042022705
1789383407175.273,0.06864655017852783,-0.32361945509910583,-9.473223686218262
1789383407190.939,0.06864655017852783,-0.32361945509910583,-9.473223686218262
1789383407206.6042,0.06864655017852783,-0.34323275089263916,-9.473223686218262
1789383407222.2703,0.06864655017852783,-0.34323275089263916,-9.473223686218262
1789383407237.9353,0.06864655017852783,-0.34323275089263916,-9.473223686218262
1789383407253.6003,0.06864655017852783,-0.32361945509910583,-9.45361042022705
1789383407269.2664,0.06864655017852783,-0.32361945509910583,-9.45361042022705
1789383407284.9346,0.06864655017852783,-0.32361945509910583,-9.473223686218262
1789383407300.6006,0.04903324693441391,-0.32361945509910583,-9.473223686218262
1789383407316.2676,0.04903324693441391,-0.32361945509910583,-9.473223686218262
1789383407331.9348,0.06864655017852783,-0.32361945509910583,-9.473223686218262
1789383407347.6018,0.06864655017852783,-0.32361945509910583,-9.45361042022705
1789383407363.2678,0.08825984597206116,-0.32361945509910583,-9.45361042022705
1789383407378.935,0.06864655017852783,-0.32361945509910583,-9.45361042022705
1789383407394.601,0.06864655017852783,-0.34323275089263916,-9.473223686218262
1789383407410.267,0.06864655017852783,-0.34323275089263916,-9.45361042022705
1789383407425.933,0.06864655017852783,-0.32361945509910583,-9.473223686218262
1789383407441.6003,0.06864655017852783,-0.32361945509910583,-9.45361042022705
1789383407457.2654,0.06864655017852783,-0.34323275089263916,-9.45361042022705
1789383407472.9314,0.04903324693441391,-0.34323275089263916,-9.473223686218262
1789383407488.5964,0.06864655017852783,-0.34323275089263916,-9.492836952209473
1789383407504.2634,0.06864655017852783,-0.32361945509910583,-9.45361042022705
1789383407519.9297,0.06864655017852783,-0.34323275089263916,-9.473223686218262
1789383407535.5957,0.06864655017852783,-0.32361945509910583,-9.473223686218262
1789383407551.2598,0.06864655017852783,-0.32361945509910583,-9.43399715423584
1789383407566.9268,0.06864655017852783,-0.32361945509910583,-9.473223686218262
1789383407582.5918,0.06864655017852783,-0.32361945509910583,-9.45361042022705
1789383407598.2578,0.08825984597206116,-0.32361945509910583,-9.45361042022705
1789383407613.925,0.04903324693441391,-0.34323275089263916,-9.473223686218262
1789383407629.592,0.04903324693441391,-0.32361945509910583,-9.473223686218262
1789383407645.26,0.06864655017852783,-0.34323275089263916,-9.473223686218262
1789383407660.9272,0.06864655017852783,-0.32361945509910583,-9.45361042022705
1789383407676.5952,0.06864655017852783,-0.32361945509910583,-9.473223686218262
1789383407692.2622,0.04903324693441391,-0.32361945509910583,-9.473223686218262
1789383407707.9294,0.08825984597206116,-0.32361945509910583,-9.45361042022705
1789383407723.5964,0.06864655017852783,-0.32361945509910583,-9.473223686218262
1789383407739.2656,0.08825984597206116,-0.34323275089263916,-9.473223686218262
1789383407754.9346,0.06864655017852783,-0.34323275089263916,-9.45361042022705
1789383407770.6025,0.06864655017852783,-0.32361945509910583,-9.473223686218262
1789383407786.2698,0.04903324693441391,-0.3040061295032501,-9.473223686218262
1789383407801.9387,0.06864655017852783,-0.34323275089263916,-9.45361042022705
1789383407817.606,0.06864655017852783,-0.34323275089263916,-9.473223686218262
1789383407833.273,0.06864655017852783,-0.32361945509910583,-9.492836952209473
1789383407848.94,0.06864655017852783,-0.32361945509910583,-9.492836952209473
1789383407864.6082,0.06864655017852783,-0.34323275089263916,-9.45361042022705
1789383407880.2764,0.06864655017852783,-0.32361945509910583,-9.45361042022705
1789383407895.9436,0.06864655017852783,-0.34323275089263916,-9.45361042022705
1789383407911.6106,0.04903324693441391,-0.32361945509910583,-9.45361042022705
1789383407927.2778,0.06864655017852783,-0.34323275089263916,-9.45361042022705
1789383407942.944,0.06864655017852783,-0.34323275089263916,-9.45361042022705
1789383407958.6104,0.06864655017852783,-0.32361945509910583,-9.473223686218262
1789383407974.2766,0.06864655017852783,-0.32361945509910583,-9.473223686218262
1789383407989.9438,0.06864655017852783,-0.32361945509910583,-9.473223686218262
1789383408005.612,0.06864655017852783,-0.32361945509910583,-9.45361042022705
1789383408021.2793,0.06864655017852783,-0.32361945509910583,-9.45361042022705
1789383408036.9485,0.06864655017852783,-0.32361945509910583,-9.45361042022705
1789383408052.6145,0.08825984597206116,-0.32361945509910583,-9.473223686218262
1789383408068.2827,0.06864655017852783,-0.32361945509910583,-9.473223686218262
1789383408083.951,0.06864655017852783,-0.34323275089263916,-9.473223686218262
1789383408099.6191,0.06864655017852783,-0.32361945509910583,-9.45361042022705
1789383408115.2864,0.06864655017852783,-0.32361945509910583,-9.45361042022705
1789383408130.9526,0.06864655017852783,-0.34323275089263916,-9.473223686218262
1789383408146.6199,0.06864655017852783,-0.32361945509910583,-9.45361042022705
1789383408162.2861,0.08825984597206116,-0.32361945509910583,-9.45361042022705
1789383408177.9524,0.08825984597206116,-0.32361945509910583,-9.473223686218262
1789383408193.6196,0.06864655017852783,-0.32361945509910583,-9.473223686218262
1789383408209.2866,0.06864655017852783,-0.34323275089263916,-9.492836952209473
1789383408224.953,0.06864655017852783,-0.32361945509910583,-9.473223686218262
1789383408240.62,0.08825984597206116,-0.34323275089263916,-9.473223686218262
1789383408256.2874,0.06864655017852783,-0.32361945509910583,-9.492836952209473
1789383408271.9546,0.06864655017852783,-0.3040061295032501,-9.45361042022705
1789383408287.6218,0.06864655017852783,-0.32361945509910583,-9.45361042022705
1789383408303.288,0.06864655017852783,-0.32361945509910583,-9.473223686218262
1789383408318.9531,0.06864655017852783,-0.34323275089263916,-9.473223686218262
1789383408334.6194,0.06864655017852783,-0.32361945509910583,-9.473223686218262
1789383408350.2856,0.06864655017852783,-0.34323275089263916,-9.45361042022705
1789383408365.95,0.06864655017852783,-0.32361945509910583,-9.45361042022705
1789383408381.615,0.06864655017852783,-0.32361945509910583,-9.473223686218262
1789383408397.2793,0.06864655017852783,-0.32361945509910583,-9.473223686218262
1789383408412.9446,0.08825984597206116,-0.34323275089263916,-9.473223686218262
1789383408428.6099,0.06864655017852783,-0.32361945509910583,-9.473223686218262
1789383408444.276,0.06864655017852783,-0.32361945509910583,-9.473223686218262
1789383408459.944,0.06864655017852783,-0.34323275089263916,-9.473223686218262
1789383408475.6123,0.08825984597206116,-0.32361945509910583,-9.45361042022705
1789383408491.2795,0.08825984597206116,-0.34323275089263916,-9.473223686218262
1789383408506.9458,0.06864655017852783,-0.34323275089263916,-9.473223686218262
1789383408522.614,0.06864655017852783,-0.32361945509910583,-9.45361042022705
1789383408538.2812,0.06864655017852783,-0.32361945509910583,-9.473223686218262
1789383408553.9475,0.06864655017852783,-0.32361945509910583,-9.473223686218262
1789383408569.6147,0.08825984597206116,-0.34323275089263916,-9.45361042022705
1789383408585.282,0.06864655017852783,-0.32361945509910583,-9.45361042022705
1789383408600.9492,0.06864655017852783,-0.32361945509910583,-9.473223686218262
1789383408616.6165,0.06864655017852783,-0.32361945509910583,-9.45361042022705
1789383408632.2825,0.08825984597206116,-0.32361945509910583,-9.45361042022705
1789383408647.9487,0.06864655017852783,-0.3040061295032501,-9.473223686218262
1789383408663.616,0.06864655017852783,-0.32361945509910583,-9.45361042022705
1789383408679.2822,0.06864655017852783,-0.32361945509910583,-9.473223686218262
1789383408694.9485,0.06864655017852783,-0.34323275089263916,-9.473223686218262
1789383408710.6157,0.06864655017852783,-0.32361945509910583,-9.473223686218262
1789383408726.282,0.06864655017852783,-0.32361945509910583,-9.45361042022705
1789383408741.948,0.06864655017852783,-0.32361945509910583,-9.43399715423584
1789383408757.6152,0.06864655017852783,-0.32361945509910583,-9.45361042022705
1789383408773.2825,0.06864655017852783,-0.32361945509910583,-9.473223686218262
1789383408788.9487,0.06864655017852783,-0.32361945509910583,-9.473223686218262
1789383408804.617,0.06864655017852783,-0.32361945509910583,-9.473223686218262
1789383408820.2842,0.06864655017852783,-0.32361945509910583,-9.473223686218262
1789383408835.9504,0.06864655017852783,-0.32361945509910583,-9.473223686218262
1789383408851.6177,0.08825984597206116,-0.32361945509910583,-9.473223686218262
1789383408867.285,0.06864655017852783,-0.32361945509910583,-9.45361042022705
1789383408882.951,0.06864655017852783,-0.32361945509910583,-9.473223686218262
1789383408898.618,0.06864655017852783,-0.32361945509910583,-9.45361042022705
1789383408914.284,0.08825984597206116,-0.32361945509910583,-9.473223686218262
1789383408929.95,0.08825984597206116,-0.32361945509910583,-9.473223686218262
1789383408945.617,0.04903324693441391,-0.32361945509910583,-9.473223686218262
1789383408961.2832,0.06864655017852783,-0.34323275089263916,-9.473223686218262
1789383408976.9502,0.06864655017852783,-0.32361945509910583,-9.473223686218262
1789383408992.6172,0.06864655017852783,-0.34323275089263916,-9.45361042022705
1789383409008.2822,0.06864655017852783,-0.34323275089263916,-9.45361042022705
1789383409023.9482,0.06864655017852783,-0.32361945509910583,-9.45361042022705
1789383409039.6145,0.06864655017852783,-0.32361945509910583,-9.473223686218262
1789383409055.2825,0.06864655017852783,-0.34323275089263916,-9.473223686218262
1789383409070.9504,0.06864655017852783,-0.34323275089263916,-9.45361042022705
1789383409086.6155,0.06864655017852783,-0.32361945509910583,-9.492836952209473
1789383409102.2817,0.04903324693441391,-0.32361945509910583,-9.45361042022705
1789383409117.9487,0.06864655017852783,-0.32361945509910583,-9.473223686218262
1789383409133.6128,0.06864655017852783,-0.34323275089263916,-9.473223686218262
1789383409149.2788,0.06864655017852783,-0.34323275089263916,-9.45361042022705
1789383409164.9458,0.06864655017852783,-0.34323275089263916,-9.45361042022705
1789383409180.6128,0.08825984597206116,-0.34323275089263916,-9.473223686218262
1789383409196.281,0.04903324693441391,-0.32361945509910583,-9.473223686218262
1789383409211.948,0.06864655017852783,-0.32361945509910583,-9.473223686218262
1789383409227.615,0.06864655017852783,-0.32361945509910583,-9.473223686218262
1789383409243.2822,0.06864655017852783,-0.32361945509910583,-9.473223686218262
1789383409258.9482,0.06864655017852783,-0.34323275089263916,-9.45361042022705
1789383409274.6143,0.06864655017852783,-0.32361945509910583,-9.473223686218262
1789383409290.2783,0.06864655017852783,-0.34323275089263916,-9.45361042022705
1789383409305.9443,0.08825984597206116,-0.32361945509910583,-9.473223686218262
1789383409321.6113,0.06864655017852783,-0.32361945509910583,-9.45361042022705
1789383409337.2786,0.06864655017852783,-0.32361945509910583,-9.492836952209473
1789383409352.9446,0.06864655017852783,-0.34323275089263916,-9.473223686218262
1789383409368.6106,0.06864655017852783,-0.32361945509910583,-9.473223686218262
1789383409384.2786,0.08825984597206116,-0.34323275089263916,-9.45361042022705
1789383409399.9446,0.06864655017852783,-0.32361945509910583,-9.45361042022705
1789383409415.6099,0.06864655017852783,-0.32361945509910583,-9.473223686218262
1789383409431.2769,0.06864655017852783,-0.32361945509910583,-9.45361042022705
1789383409446.9429,0.08825984597206116,-0.34323275089263916,-9.45361042022705
1789383409462.609,0.06864655017852783,-0.32361945509910583,-9.473223686218262
1789383409478.276,0.06864655017852783,-0.32361945509910583,-9.45361042022705
1789383409493.9421,0.06864655017852783,-0.34323275089263916,-9.45361042022705
1789383409509.6082,0.04903324693441391,-0.32361945509910583,-9.45361042022705
1789383409525.2751,0.06864655017852783,-0.34323275089263916,-9.45361042022705
1789383409540.943,0.06864655017852783,-0.34323275089263916,-9.473223686218262
1789383409556.6113,0.06864655017852783,-0.32361945509910583,-9.45361042022705
1789383409572.2773,0.06864655017852783,-0.34323275089263916,-9.45361042022705
1789383409587.9434,0.06864655017852783,-0.3040061295032501,-9.45361042022705
1789383409603.6113,0.06864655017852783,-0.32361945509910583,-9.45361042022705
1789383409619.2786,0.06864655017852783,-0.32361945509910583,-9.473223686218262
1789383409634.9456,0.06864655017852783,-0.34323275089263916,-9.473223686218262
1789383409650.6125,0.06864655017852783,-0.34323275089263916,-9.473223686218262
1789383409666.2795,0.06864655017852783,-0.32361945509910583,-9.473223686218262
1789383409681.9468,0.06864655017852783,-0.32361945509910583,-9.45361042022705
1789383409697.6147,0.08825984597206116,-0.34323275089263916,-9.45361042022705
1789383409713.2808,0.06864655017852783,-0.32361945509910583,-9.45361042022705
1789383409728.9478,0.06864655017852783,-0.32361945509910583,-9.473223686218262
1789383409744.615,0.06864655017852783,-0.32361945509910583,-9.45361042022705
1789383409760.282,0.06864655017852783,-0.32361945509910583,-9.473223686218262
1789383409775.95,0.06864655017852783,-0.32361945509910583,-9.473223686218262
1789383409791.6182,0.06864655017852783,-0.32361945509910583,-9.473223686218262
1789383409807.2852,0.06864655017852783,-0.34323275089263916,-9.45361042022705
1789383409822.9531,0.06864655017852783,-0.32361945509910583,-9.473223686218262
1789383409838.6223,0.04903324693441391,-0.34323275089263916,-9.473223686218262
1789383409854.2893,0.06864655017852783,-0.34323275089263916,-9.45361042022705
1789383409869.9573,0.06864655017852783,-0.32361945509910583,-9.473223686218262
1789383409885.6233,0.06864655017852783,-0.34323275089263916,-9.45361042022705
1789383409901.2925,0.06864655017852783,-0.34323275089263916,-9.45361042022705
1789383409916.9604,0.04903324693441391,-0.32361945509910583,-9.45361042022705
1789383409932.6284,0.04903324693441391,-0.34323275089263916,-9.45361042022705
1789383409948.2957,0.06864655017852783,-0.32361945509910583,-9.473223686218262
1789383409963.9636,0.04903324693441391,-0.34323275089263916,-9.473223686218262
1789383409979.6316,0.06864655017852783,-0.32361945509910583,-9.45361042022705
1789383409995.2986,0.06864655017852783,-0.34323275089263916,-9.473223686218262
1789383410010.9668,0.06864655017852783,-0.34323275089263916,-9.45361042022705
1789383410026.6338,0.06864655017852783,-0.32361945509910583,-9.473223686218262
1789383410042.2998,0.06864655017852783,-0.32361945509910583,-9.45361042022705
1789383410057.9648,0.06864655017852783,-0.32361945509910583,-9.45361042022705
1789383410073.6309,0.06864655017852783,-0.34323275089263916,-9.43399715423584
1789383410089.296,0.06864655017852783,-0.32361945509910583,-9.473223686218262
1789383410104.963,0.06864655017852783,-0.32361945509910583,-9.43399715423584
1789383410120.629,0.08825984597206116,-0.32361945509910583,-9.473223686218262
1789383410136.2961,0.06864655017852783,-0.34323275089263916,-9.473223686218262
1789383410151.964,0.06864655017852783,-0.3040061295032501,-9.473223686218262
1789383410167.632,0.04903324693441391,-0.32361945509910583,-9.45361042022705
1789383410183.299,0.06864655017852783,-0.32361945509910583,-9.473223686218262
1789383410198.966,0.08825984597206116,-0.32361945509910583,-9.473223686218262
1789383410214.6333,0.06864655017852783,-0.32361945509910583,-9.473223686218262
1789383410230.3013,0.08825984597206116,-0.32361945509910583,-9.45361042022705
1789383410245.9692,0.08825984597206116,-0.32361945509910583,-9.45361042022705
1789383410261.6353,0.06864655017852783,-0.34323275089263916,-9.473223686218262
1789383410277.3022,0.06864655017852783,-0.32361945509910583,-9.473223686218262
1789383410292.9695,0.04903324693441391,-0.32361945509910583,-9.473223686218262
1789383410308.6365,0.06864655017852783,-0.32361945509910583,-9.45361042022705
1789383410324.3035,0.06864655017852783,-0.32361945509910583,-9.45361042022705
1789383410339.9685,0.06864655017852783,-0.32361945509910583,-9.473223686218262
1789383410355.6345,0.06864655017852783,-0.32361945509910583,-9.473223686218262
1789383410371.3025,0.08825984597206116,-0.32361945509910583,-9.473223686218262
1789383410386.9695,0.04903324693441391,-0.32361945509910583,-9.45361042022705
1789383410402.6367,0.06864655017852783,-0.32361945509910583,-9.473223686218262
1789383410418.3037,0.08825984597206116,-0.32361945509910583,-9.45361042022705
1789383410433.9707,0.06864655017852783,-0.34323275089263916,-9.473223686218262
1789383410449.6357,0.06864655017852783,-0.32361945509910583,-9.45361042022705
1789383410465.3037,0.06864655017852783,-0.32361945509910583,-9.473223686218262
1789383410480.9697,0.06864655017852783,-0.32361945509910583,-9.45361042022705
1789383410496.6367,0.06864655017852783,-0.34323275089263916,-9.473223686218262
1789383410512.3027,0.08825984597206116,-0.34323275089263916,-9.45361042022705
1789383410527.9688,0.04903324693441391,-0.34323275089263916,-9.45361042022705
1789383410543.6348,0.06864655017852783,-0.34323275089263916,-9.45361042022705
1789383410559.304,0.06864655017852783,-0.32361945509910583,-9.45361042022705
1789383410574.972,0.06864655017852783,-0.34323275089263916,-9.45361042022705
1789383410590.6409,0.06864655017852783,-0.32361945509910583,-9.473223686218262
1789383410606.3088,0.06864655017852783,-0.34323275089263916,-9.43399715423584
1789383410621.978,0.06864655017852783,-0.34323275089263916,-9.473223686218262
1789383410637.646,0.08825984597206116,-0.34323275089263916,-9.473223686218262
1789383410653.314,0.06864655017852783,-0.32361945509910583,-9.473223686218262
1789383410668.9832,0.06864655017852783,-0.32361945509910583,-9.473223686218262
1789383410684.6511,0.06864655017852783,-0.32361945509910583,-9.45361042022705
1789383410700.3171,0.06864655017852783,-0.32361945509910583,-9.45361042022705
1789383410715.9832,0.06864655017852783,-0.32361945509910583,-9.45361042022705
1789383410731.6492,0.06864655017852783,-0.32361945509910583,-9.473223686218262
1789383410747.3162,0.06864655017852783,-0.32361945509910583,-9.473223686218262
1789383410762.9841,0.06864655017852783,-0.32361945509910583,-9.45361042022705
1789383410778.6511,0.06864655017852783,-0.32361945509910583,-9.473223686218262
1789383410794.318,0.06864655017852783,-0.32361945509910583,-9.45361042022705
1789383410809.985,0.04903324693441391,-0.32361945509910583,-9.45361042022705
1789383410825.6533,0.06864655017852783,-0.32361945509910583,-9.45361042022705
1789383410841.3223,0.06864655017852783,-0.34323275089263916,-9.473223686218262
1789383410856.9893,0.06864655017852783,-0.32361945509910583,-9.473223686218262
1789383410872.6572,0.06864655017852783,-0.32361945509910583,-9.45361042022705
1789383410888.3257,0.04903324693441391,-0.32361945509910583,-9.45361042022705
1789383410903.994,0.06864655017852783,-0.32361945509910583,-9.473223686218262
1789383410919.6611,0.06864655017852783,-0.32361945509910583,-9.45361042022705
1789383410935.3293,0.06864655017852783,-0.32361945509910583,-9.43399715423584
1789383410950.9968,0.06864655017852783,-0.3040061295032501,-9.45361042022705
1789383410966.664,0.06864655017852783,-0.32361945509910583,-9.43399715423584
1789383410982.3303,0.06864655017852783,-0.32361945509910583,-9.473223686218262
1789383410997.9966,0.06864655017852783,-0.32361945509910583,-9.45361042022705
1789383411013.6638,0.06864655017852783,-0.32361945509910583,-9.473223686218262
1789383411029.3313,0.06864655017852783,-0.34323275089263916,-9.473223686218262
1789383411044.9976,0.06864655017852783,-0.3040061295032501,-9.45361042022705
1789383411060.6648,0.08825984597206116,-0.32361945509910583,-9.473223686218262
1789383411076.332,0.06864655017852783,-0.32361945509910583,-9.473223686218262
1789383411091.9993,0.06864655017852783,-0.32361945509910583,-9.473223686218262
1789383411107.6658,0.06864655017852783,-0.34323275089263916,-9.43399715423584
1789383411123.333,0.06864655017852783,-0.32361945509910583,-9.473223686218262
1789383411139.0012,0.06864655017852783,-0.32361945509910583,-9.473223686218262
1789383411154.6675,0.06864655017852783,-0.34323275089263916,-9.492836952209473
1789383411170.335,0.06864655017852783,-0.3040061295032501,-9.45361042022705
1789383411186.0012,0.06864655017852783,-0.32361945509910583,-9.45361042022705
1789383411201.6675,0.06864655017852783,-0.32361945509910583,-9.45361042022705
1789383411217.3328,0.06864655017852783,-0.34323275089263916,-9.473223686218262
1789383411232.999,0.06864655017852783,-0.34323275089263916,-9.473223686218262
1789383411248.6653,0.06864655017852783,-0.32361945509910583,-9.473223686218262
1789383411264.3318,0.06864655017852783,-0.3628460466861725,-9.473223686218262
1789383411279.997,0.04903324693441391,-0.32361945509910583,-9.473223686218262
1789383411295.6633,0.06864655017852783,-0.32361945509910583,-9.473223686218262
1789383411311.3286,0.08825984597206116,-0.34323275089263916,-9.473223686218262
1789383411326.994,0.06864655017852783,-0.32361945509910583,-9.45361042022705
1789383411342.6614,0.06864655017852783,-0.32361945509910583,-9.45361042022705
1789383411358.3276,0.06864655017852783,-0.34323275089263916,-9.45361042022705
1789383411373.9958,0.06864655017852783,-0.32361945509910583,-9.473223686218262
1789383411389.662,0.06864655017852783,-0.32361945509910583,-9.45361042022705
1789383411405.3286,0.06864655017852783,-0.3628460466861725,-9.45361042022705
1789383411420.9958,0.06864655017852783,-0.32361945509910583,-9.45361042022705
1789383411436.662,0.06864655017852783,-0.32361945509910583,-9.473223686218262
1789383411452.3293,0.06864655017852783,-0.34323275089263916,-9.473223686218262
1789383411467.9949,0.06864655017852783,-0.32361945509910583,-9.43399715423584
1789383411483.6592,0.06864655017852783,-0.32361945509910583,-9.45361042022705
1789383411499.3264,0.06864655017852783,-0.32361945509910583,-9.473223686218262
1789383411514.9927,0.08825984597206116,-0.32361945509910583,-9.492836952209473
1789383411530.6611,0.08825984597206116,-0.34323275089263916,-9.45361042022705
1789383411546.3293,0.06864655017852783,-0.34323275089263916,-9.473223686218262
1789383411561.9978,0.06864655017852783,-0.32361945509910583,-9.45361042022705
1789383411577.665,0.06864655017852783,-0.32361945509910583,-9.473223686218262
1789383411593.3323,0.06864655017852783,-0.32361945509910583,-9.45361042022705
1789383411608.9998,0.08825984597206116,-0.34323275089263916,-9.473223686218262
1789383411624.667,0.06864655017852783,-0.32361945509910583,-9.45361042022705
1789383411640.3345,0.04903324693441391,-0.32361945509910583,-9.473223686218262
1789383411656.0027,0.06864655017852783,-0.34323275089263916,-9.473223686218262
1789383411671.67,0.08825984597206116,-0.32361945509910583,-9.45361042022705
1789383411687.3364,0.06864655017852783,-0.32361945509910583,-9.473223686218262
1789383411703.0027,0.06864655017852783,-0.32361945509910583,-9.45361042022705
1789383411718.672,0.06864655017852783,-0.32361945509910583,-9.45361042022705
1789383411734.3394,0.06864655017852783,-0.32361945509910583,-9.45361042022705
1789383411750.0056,0.06864655017852783,-0.32361945509910583,-9.473223686218262
1789383411765.674,0.06864655017852783,-0.32361945509910583,-9.45361042022705
1789383411781.3433,0.08825984597206116,-0.32361945509910583,-9.473223686218262
1789383411797.0117,0.06864655017852783,-0.32361945509910583,-9.45361042022705
1789383411812.679,0.08825984597206116,-0.32361945509910583,-9.45361042022705
1789383411828.3494,0.08825984597206116,-0.34323275089263916,-9.473223686218262
1789383411844.0208,0.06864655017852783,-0.32361945509910583,-9.473223686218262
1789383411859.6902,0.06864655017852783,-0.3040061295032501,-9.473223686218262
1789383411875.3574,0.04903324693441391,-0.3040061295032501,-9.45361042022705
1789383411891.0273,0.06864655017852783,-0.32361945509910583,-9.45361042022705
1789383411906.6956,0.04903324693441391,-0.34323275089263916,-9.45361042022705
1789383411922.3625,0.06864655017852783,-0.34323275089263916,-9.45361042022705
1789383411938.0305,0.06864655017852783,-0.34323275089263916,-9.45361042022705
1789383411953.6965,0.06864655017852783,-0.32361945509910583,-9.45361042022705
1789383411969.3635,0.06864655017852783,-0.32361945509910583,-9.473223686218262
1789383411985.0315,0.06864655017852783,-0.32361945509910583,-9.45361042022705
1789383412000.6985,0.06864655017852783,-0.32361945509910583,-9.45361042022705
1789383412016.3655,0.04903324693441391,-0.3040061295032501,-9.45361042022705
1789383412032.0347,0.08825984597206116,-0.32361945509910583,-9.45361042022705
1789383412047.7026,0.06864655017852783,-0.32361945509910583,-9.45361042022705
1789383412063.3726,0.06864655017852783,-0.32361945509910583,-9.45361042022705
1789383412079.0405,0.06864655017852783,-0.32361945509910583,-9.473223686218262
1789383412094.7087,0.04903324693441391,-0.34323275089263916,-9.473223686218262
1789383412110.3787,0.06864655017852783,-0.32361945509910583,-9.473223686218262
1789383412126.0466,0.06864655017852783,-0.32361945509910583,-9.473223686218262
1789383412141.7166,0.06864655017852783,-0.34323275089263916,-9.473223686218262
1789383412157.3857,0.06864655017852783,-0.32361945509910583,-9.473223686218262
1789383412173.0537,0.08825984597206116,-0.32361945509910583,-9.473223686218262
1789383412188.7217,0.06864655017852783,-0.32361945509910583,-9.473223686218262
1789383412204.3906,0.04903324693441391,-0.34323275089263916,-9.473223686218262
1789383412220.0598,0.06864655017852783,-0.32361945509910583,-9.45361042022705
1789383412235.7278,0.06864655017852783,-0.32361945509910583,-9.473223686218262
1789383412251.3948,0.06864655017852783,-0.34323275089263916,-9.45361042022705
1789383412267.0618,0.06864655017852783,-0.34323275089263916,-9.45361042022705
1789383412282.7307,0.06864655017852783,-0.32361945509910583,-9.473223686218262
1789383412298.3997,0.08825984597206116,-0.32361945509910583,-9.473223686218262
1789383412314.0688,0.06864655017852783,-0.32361945509910583,-9.473223686218262
1789383412329.7378,0.06864655017852783,-0.34323275089263916,-9.45361042022705
1789383412345.4067,0.06864655017852783,-0.32361945509910583,-9.473223686218262
1789383412361.0747,0.06864655017852783,-0.32361945509910583,-9.473223686218262
1789383412376.744,0.06864655017852783,-0.32361945509910583,-9.473223686218262
1789383412392.4128,0.06864655017852783,-0.34323275089263916,-9.473223686218262
1789383412408.0818,0.06864655017852783,-0.34323275089263916,-9.473223686218262
1789383412423.7507,0.06864655017852783,-0.34323275089263916,-9.473223686218262
1789383412439.42,0.06864655017852783,-0.32361945509910583,-9.45361042022705
1789383412455.088,0.06864655017852783,-0.32361945509910583,-9.473223686218262
1789383412470.7578,0.08825984597206116,-0.34323275089263916,-9.492836952209473
1789383412486.4268,0.06864655017852783,-0.32361945509910583,-9.473223686218262
1789383412502.0947,0.06864655017852783,-0.32361945509910583,-9.45361042022705
1789383412517.7617,0.06864655017852783,-0.34323275089263916,-9.45361042022705
1789383412533.432,0.06864655017852783,-0.3040061295032501,-9.45361042022705
1789383412549.0989,0.06864655017852783,-0.34323275089263916,-9.45361042022705
1789383412564.7668,0.06864655017852783,-0.32361945509910583,-9.473223686218262
1789383412580.4358,0.06864655017852783,-0.32361945509910583,-9.45361042022705
1789383412596.1057,0.06864655017852783,-0.34323275089263916,-9.492836952209473
1789383412611.7769,0.06864655017852783,-0.32361945509910583,-9.45361042022705
1789383412627.4458,0.06864655017852783,-0.34323275089263916,-9.473223686218262
1789383412643.1138,0.06864655017852783,-0.34323275089263916,-9.473223686218262
1789383412658.7817,0.06864655017852783,-0.32361945509910583,-9.473223686218262
1789383412674.452,0.08825984597206116,-0.32361945509910583,-9.45361042022705
1789383412690.1228,0.06864655017852783,-0.32361945509910583,-9.473223686218262
1789383412705.7917,0.06864655017852783,-0.32361945509910583,-9.473223686218262
1789383412721.462,0.06864655017852783,-0.32361945509910583,-9.45361042022705
1789383412737.1318,0.06864655017852783,-0.32361945509910583,-9.473223686218262
1789383412752.8018,0.08825984597206116,-0.32361945509910583,-9.45361042022705
1789383412768.4707,0.06864655017852783,-0.32361945509910583,-9.473223686218262
1789383412784.1418,0.06864655017852783,-0.32361945509910583,-9.473223686218262
1789383412799.8108,0.08825984597206116,-0.32361945509910583,-9.473223686218262
1789383412815.4807,0.06864655017852783,-0.32361945509910583,-9.473223686218262
1789383412831.151,0.04903324693441391,-0.32361945509910583,-9.45361042022705
1789383412846.8179,0.06864655017852783,-0.34323275089263916,-9.45361042022705
1789383412862.4868,0.06864655017852783,-0.32361945509910583,-9.45361042022705
1789383412878.1538,0.06864655017852783,-0.32361945509910583,-9.45361042022705
1789383412893.8218,0.06864655017852783,-0.34323275089263916,-9.45361042022705
1789383412909.489,0.06864655017852783,-0.34323275089263916,-9.473223686218262
1789383412925.156,0.06864655017852783,-0.32361945509910583,-9.45361042022705
1789383412940.8242,0.06864655017852783,-0.32361945509910583,-9.473223686218262
1789383412956.4932,0.06864655017852783,-0.32361945509910583,-9.473223686218262
1789383412972.1614,0.06864655017852783,-0.32361945509910583,-9.45361042022705
1789383412987.8313,0.08825984597206116,-0.32361945509910583,-9.473223686218262
1789383413003.4995,0.06864655017852783,-0.32361945509910583,-9.45361042022705
1789383413019.1694,0.08825984597206116,-0.32361945509910583,-9.492836952209473
1789383413034.8376,0.08825984597206116,-0.34323275089263916,-9.473223686218262
1789383413050.5046,0.04903324693441391,-0.3040061295032501,-9.45361042022705
1789383413066.1729,0.06864655017852783,-0.34323275089263916,-9.473223686218262
1789383413081.8428,0.06864655017852783,-0.32361945509910583,-9.45361042022705
1789383413097.51,0.06864655017852783,-0.32361945509910583,-9.473223686218262
1789383413113.178,0.06864655017852783,-0.32361945509910583,-9.45361042022705
1789383413128.8462,0.06864655017852783,-0.32361945509910583,-9.45361042022705
1789383413144.5132,0.06864655017852783,-0.32361945509910583,-9.473223686218262
1789383413160.1802,0.06864655017852783,-0.34323275089263916,-9.473223686218262
1789383413175.8474,0.06864655017852783,-0.32361945509910583,-9.473223686218262
1789383413191.5154,0.06864655017852783,-0.32361945509910583,-9.473223686218262
1789383413207.1824,0.06864655017852783,-0.32361945509910583,-9.45361042022705
1789383413222.8506,0.06864655017852783,-0.32361945509910583,-9.473223686218262
1789383413238.5176,0.06864655017852783,-0.32361945509910583,-9.473223686218262
1789383413254.1858,0.06864655017852783,-0.32361945509910583,-9.473223686218262
1789383413269.8538,0.06864655017852783,-0.34323275089263916,-9.473223686218262
1789383413285.523,0.06864655017852783,-0.32361945509910583,-9.473223686218262
1789383413301.19,0.06864655017852783,-0.32361945509910583,-9.473223686218262
1789383413316.857,0.06864655017852783,-0.32361945509910583,-9.45361042022705
1789383413332.5251,0.06864655017852783,-0.3040061295032501,-9.473223686218262
1789383413348.1912,0.08825984597206116,-0.32361945509910583,-9.473223686218262
1789383413363.8584,0.06864655017852783,-0.34323275089263916,-9.45361042022705
1789383413379.5234,0.04903324693441391,-0.32361945509910583,-9.473223686218262
1789383413395.1885,0.06864655017852783,-0.32361945509910583,-9.45361042022705
1789383413410.8545,0.06864655017852783,-0.32361945509910583,-9.473223686218262
1789383413426.5205,0.06864655017852783,-0.32361945509910583,-9.45361042022705
1789383413442.1868,0.06864655017852783,-0.32361945509910583,-9.45361042022705
1789383413457.8528,0.06864655017852783,-0.32361945509910583,-9.473223686218262
1789383413473.5198,0.08825984597206116,-0.32361945509910583,-9.45361042022705
1789383413489.187,0.06864655017852783,-0.32361945509910583,-9.45361042022705
1789383413504.853,0.06864655017852783,-0.34323275089263916,-9.473223686218262
1789383413520.518,0.06864655017852783,-0.32361945509910583,-9.45361042022705
1789383413536.183,0.06864655017852783,-0.3040061295032501,-9.473223686218262
1789383413551.849,0.06864655017852783,-0.32361945509910583,-9.473223686218262
1789383413567.5164,0.04903324693441391,-0.32361945509910583,-9.45361042022705
1789383413583.1824,0.06864655017852783,-0.32361945509910583,-9.45361042022705
1789383413598.8503,0.06864655017852783,-0.32361945509910583,-9.473223686218262
1789383413614.5176,0.08825984597206116,-0.32361945509910583,-9.45361042022705
1789383413630.1855,0.06864655017852783,-0.34323275089263916,-9.473223686218262
1789383413645.8516,0.06864655017852783,-0.32361945509910583,-9.473223686218262
1789383413661.5188,0.04903324693441391,-0.34323275089263916,-9.473223686218262
1789383413677.1868,0.08825984597206116,-0.34323275089263916,-9.473223686218262
1789383413692.8538,0.06864655017852783,-0.32361945509910583,-9.45361042022705
1789383413708.522,0.06864655017852783,-0.32361945509910583,-9.492836952209473
1789383413724.19,0.04903324693441391,-0.3040061295032501,-9.473223686218262
1789383413739.856,0.06864655017852783,-0.32361945509910583,-9.45361042022705
1789383413755.5222,0.08825984597206116,-0.32361945509910583,-9.473223686218262
1789383413771.1882,0.06864655017852783,-0.32361945509910583,-9.473223686218262
1789383413786.8552,0.06864655017852783,-0.34323275089263916,-9.45361042022705
1789383413802.5215,0.06864655017852783,-0.32361945509910583,-9.45361042022705
1789383413818.1895,0.08825984597206116,-0.32361945509910583,-9.473223686218262
1789383413833.8555,0.06864655017852783,-0.32361945509910583,-9.473223686218262
1789383413849.5205,0.06864655017852783,-0.3040061295032501,-9.45361042022705
1789383465132.6372,-0.029419949278235435,-0.411879301071167,10.149882316589355
1789383465148.3074,-0.10787314921617508,-0.4314925968647003,10.091042518615723
1789383465163.9778,-0.127486452460289,-0.3824593424797058,10.03220272064209
1789383465179.649,-0.04903324693441391,-0.40207263827323914,10.110655784606934
1789383465195.319,-0.04903324693441391,-0.5491724014282227,10.091042518615723
1789383465210.9905,-0.06864655017852783,-0.47071918845176697,10.149882316589355
1789383465226.6616,-0.08825984597206116,-0.45110589265823364,10.03220272064209
1789383465242.3328,-0.08825984597206116,-0.411879301071167,10.071429252624512
1789383465258.0051,-0.06864655017852783,-0.45110589265823364,10.169495582580566
1789383465273.6753,-0.04903324693441391,-0.47071918845176697,10.071429252624512
1789383465289.3457,-0.04903324693441391,-0.40207263827323914,10.110655784606934
1789383465305.0168,-0.08825984597206116,-0.34323275089263916,10.091042518615723
1789383465320.688,-0.08825984597206116,-0.34323275089263916,10.071429252624512
1789383465336.3574,-0.06864655017852783,-0.40207263827323914,10.091042518615723
1789383465352.0266,-0.029419949278235435,-0.45110589265823364,10.091042518615723
1789383465367.6968,-0.06864655017852783,-0.4314925968647003,10.110655784606934
1789383465383.3672,-0.08825984597206116,-0.4314925968647003,10.091042518615723
1789383465399.0383,-0.08825984597206116,-0.45110589265823364,10.071429252624512
1789383465414.7104,-0.04903324693441391,-0.5295590758323669,10.091042518615723
1789383465430.3848,-0.029419949278235435,-0.5295590758323669,10.110655784606934
1789383465446.058,-0.04903324693441391,-0.45110589265823364,10.110655784606934
1789383465461.7312,-0.10787314921617508,-0.3628460466861725,10.03220272064209
1789383465477.4045,-0.10787314921617508,-0.3628460466861725,10.091042518615723
1789383465493.078,-0.04903324693441391,-0.4314925968647003,10.110655784606934
1789383465508.752,-0.029419949278235435,-0.40207263827323914,10.091042518615723
1789383465524.4263,-0.06864655017852783,-0.3628460466861725,10.091042518615723
1789383465540.1006,-0.127486452460289,-0.411879301071167,10.012589454650879
1789383465555.775,-0.08825984597206116,-0.509945809841156,10.091042518615723
1789383465571.4502,-0.009806649759411812,-0.45110589265823364,10.169495582580566
1789383465587.1262,-0.04903324693441391,-0.34323275089263916,10.071429252624512
1789383465602.8015,-0.10787314921617508,-0.32361945509910583,10.012589454650879
1789383465618.4768,-0.10787314921617508,-0.411879301071167,10.071429252624512
1789383465634.152,-0.009806649759411812,-0.47071918845176697,10.130269050598145
1789383465649.8274,-0.0,-0.3628460466861725,10.149882316589355
1789383465665.4985,-0.08825984597206116,-0.3628460466861725,10.012589454650879
1789383465681.171,-0.18632633984088898,-0.45110589265823364,10.091042518615723
1789383465696.8442,-0.08825984597206116,-0.627625584602356,10.110655784606934
1789383465712.5173,0.009806649759411812,-0.5687856674194336,10.149882316589355
1789383465728.1897,-0.009806649759411812,-0.45110589265823364,10.091042518615723
1789383465743.8618,-0.16671304404735565,-0.3628460466861725,10.012589454650879
1789383465759.5352,-0.14709974825382233,-0.45110589265823364,10.03220272064209
1789383465775.2085,-0.009806649759411812,-0.509945809841156,10.149882316589355
1789383465790.8818,0.04903324693441391,-0.4314925968647003,10.149882316589355
1789383465806.552,-0.10787314921617508,-0.34323275089263916,10.03220272064209
1789383465822.2231,-0.2059396505355835,-0.32361945509910583,10.03220272064209
1789383465837.8965,-0.10787314921617508,-0.3824593424797058,10.071429252624512
1789383465853.5698,0.009806649759411812,-0.45110589265823364,10.169495582580566
1789383465869.24,-0.009806649759411812,-0.45110589265823364,10.169495582580566
1789383465884.9104,-0.14709974825382233,-0.40207263827323914,10.0518159866333
1789383465900.5815,-0.16671304404735565,-0.3824593424797058,10.012589454650879
1789383465916.254,-0.009806649759411812,-0.3824593424797058,10.149882316589355
1789383465931.9282,0.029419949278235435,-0.509945809841156,10.130269050598145
1789383465947.5994,-0.08825984597206116,-0.45110589265823364,10.149882316589355
1789383465963.2708,-0.16671304404735565,-0.34323275089263916,10.0518159866333
1789383465978.942,-0.127486452460289,-0.3628460466861725,10.012589454650879
1789383465994.6123,-0.009806649759411812,-0.45110589265823364,10.149882316589355
1789383466010.2834,-0.009806649759411812,-0.5687856674194336,10.130269050598145
1789383466025.9558,-0.08825984597206116,-0.411879301071167,10.130269050598145
1789383466041.6292,-0.14709974825382233,-0.4314925968647003,9.973362922668457
1789383466057.2993,-0.08825984597206116,-0.4903324842453003,10.130269050598145
1789383466072.9705,-0.009806649759411812,-0.45110589265823364,10.208722114562988
1789383466088.6396,-0.009806649759411812,-0.3824593424797058,10.03220272064209
1789383466104.3118,-0.127486452460289,-0.26477953791618347,10.110655784606934
1789383466119.9832,-0.14709974825382233,-0.3824593424797058,10.0518159866333
1789383466135.6565,-0.04903324693441391,-0.40207263827323914,10.149882316589355
1789383466151.33,-0.0,-0.45110589265823364,10.130269050598145
1789383466167.0024,-0.06864655017852783,-0.4903324842453003,10.0518159866333
1789383466182.675,-0.14709974825382233,-0.47071918845176697,10.110655784606934
1789383466198.3464,-0.08825984597206116,-0.509945809841156,10.012589454650879
1789383466214.0178,-0.009806649759411812,-0.40207263827323914,10.149882316589355
1789383466229.6902,-0.029419949278235435,-0.47071918845176697,10.110655784606934
1789383466245.3606,-0.10787314921617508,-0.40207263827323914,10.110655784606934
1789383466261.0332,-0.10787314921617508,-0.32361945509910583,10.071429252624512
1789383466276.7046,-0.06864655017852783,-0.45110589265823364,10.012589454650879
1789383466292.377,-0.009806649759411812,-0.45110589265823364,10.2283353805542
1789383466308.0496,-0.04903324693441391,-0.509945809841156,10.071429252624512
1789383466323.722,-0.10787314921617508,-0.3628460466861725,10.0518159866333
1789383466339.3943,-0.10787314921617508,-0.40207263827323914,10.012589454650879
1789383466355.066,-0.04903324693441391,-0.47071918845176697,10.110655784606934
1789383466370.7383,-0.0,-0.34323275089263916,10.208722114562988
1789383466386.4097,-0.04903324693441391,-0.32361945509910583,9.973362922668457
1789383466402.0823,-0.127486452460289,-0.3628460466861725,10.110655784606934
1789383466417.7546,-0.10787314921617508,-0.5687856674194336,10.091042518615723
1789383466433.427,-0.0,-0.4903324842453003,10.130269050598145
1789383466449.0996,-0.0,-0.3628460466861725,10.110655784606934
1789383466464.773,-0.14709974825382233,-0.4314925968647003,9.992976188659668
1789383466480.4456,-0.14709974825382233,-0.47071918845176697,10.130269050598145
1789383466496.118,-0.029419949278235435,-0.411879301071167,10.110655784606934
1789383466511.7915,0.029419949278235435,-0.3040061295032501,10.130269050598145
1789383466527.462,-0.10787314921617508,-0.3628460466861725,10.071429252624512
1789383466543.1343,-0.18632633984088898,-0.47071918845176697,10.071429252624512
1789383466558.806,-0.08825984597206116,-0.4903324842453003,10.091042518615723
1789383466574.4783,0.029419949278235435,-0.4903324842453003,10.130269050598145
1789383466590.1477,-0.029419949278235435,-0.45110589265823364,10.149882316589355
1789383466605.819,-0.16671304404735565,-0.47071918845176697,10.03220272064209
1789383466621.4897,-0.127486452460289,-0.4314925968647003,10.03220272064209
1789383466637.1602,-0.009806649759411812,-0.4314925968647003,10.110655784606934
1789383466652.8306,-0.009806649759411812,-0.5687856674194336,10.110655784606934
1789383466668.501,-0.08825984597206116,-0.5491724014282227,10.149882316589355
1789383466684.1726,-0.127486452460289,-0.411879301071167,10.012589454650879
1789383466699.845,-0.06864655017852783,-0.22555294632911682,10.071429252624512
1789383466715.5166,-0.009806649759411812,-0.3040061295032501,10.071429252624512
1789383466731.187,-0.08825984597206116,-0.4903324842453003,10.091042518615723
1789383466746.8584,-0.08825984597206116,-0.5295590758323669,10.130269050598145
1789383466762.528,-0.04903324693441391,-0.3824593424797058,10.0518159866333
1789383466778.1985,-0.04903324693441391,-0.32361945509910583,10.071429252624512
1789383466793.868,-0.10787314921617508,-0.509945809841156,10.091042518615723
1789383466809.5383,-0.08825984597206116,-0.509945809841156,10.149882316589355
1789383466825.21,-0.009806649759411812,-0.411879301071167,10.091042518615723
1789383466840.8794,-0.029419949278235435,-0.3628460466861725,10.0518159866333
1789383466856.5488,-0.10787314921617508,-0.45110589265823364,10.130269050598145
1789383466872.2205,-0.127486452460289,-0.509945809841156,10.091042518615723
1789383466887.89,-0.009806649759411812,-0.411879301071167,10.110655784606934
1789383466903.5603,-0.029419949278235435,-0.34323275089263916,10.110655784606934
1789383466919.2297,-0.10787314921617508,-0.411879301071167,10.071429252624512
1789383466934.9014,-0.127486452460289,-0.45110589265823364,10.091042518615723
1789383466950.5718,-0.04903324693441391,-0.47071918845176697,10.091042518615723
1789383466966.2424,-0.009806649759411812,-0.45110589265823364,10.110655784606934
1789383466981.9128,-0.06864655017852783,-0.5295590758323669,10.071429252624512
1789383466997.5842,-0.14709974825382233,-0.4903324842453003,10.110655784606934
1789383467013.2559,-0.06864655017852783,-0.411879301071167,10.071429252624512
1789383467028.9263,-0.029419949278235435,-0.3628460466861725,10.091042518615723
1789383467044.5957,-0.06864655017852783,-0.411879301071167,10.110655784606934
1789383467060.2644,-0.14709974825382233,-0.4903324842453003,10.0518159866333
1789383467075.9329,-0.08825984597206116,-0.4314925968647003,10.130269050598145
1789383467091.6013,-0.029419949278235435,-0.45110589265823364,10.071429252624512
1789383467107.2708,-0.04903324693441391,-0.47071918845176697,10.110655784606934
1789383467122.94,-0.08825984597206116,-0.4903324842453003,10.130269050598145
1789383467138.6091,-0.08825984597206116,-0.34323275089263916,10.071429252624512
1789383467154.2783,-0.029419949278235435,-0.2843928337097168,10.071429252624512
1789383467169.9453,-0.06864655017852783,-0.411879301071167,10.091042518615723
1789383467185.6145,-0.06864655017852783,-0.509945809841156,10.130269050598145
1789383467201.2837,-0.06864655017852783,-0.47071918845176697,10.071429252624512
1789383467216.952,-0.04903324693441391,-0.40207263827323914,10.071429252624512
1789383467232.6208,-0.06864655017852783,-0.45110589265823364,10.110655784606934
1789383467248.289,-0.08825984597206116,-0.5687856674194336,10.071429252624512
1789383467263.9583,-0.06864655017852783,-0.6080122590065002,10.110655784606934
1789383467279.6274,-0.04903324693441391,-0.5491724014282227,10.130269050598145
1789383467295.2976,-0.04903324693441391,-0.4903324842453003,10.071429252624512
1789383467310.9678,-0.08825984597206116,-0.2843928337097168,10.110655784606934
1789383467326.637,-0.06864655017852783,-0.24516624212265015,10.0518159866333
1789383467342.3071,-0.06864655017852783,-0.2843928337097168,10.071429252624512
1789383467357.975,-0.06864655017852783,-0.411879301071167,10.091042518615723
1789383467373.6453,-0.04903324693441391,-0.47071918845176697,10.110655784606934
1789383467389.3154,-0.04903324693441391,-0.40207263827323914,10.130269050598145
1789383467404.9856,-0.08825984597206116,-0.4314925968647003,10.012589454650879
1789383467420.6558,-0.127486452460289,-0.45110589265823364,10.130269050598145
1789383467436.328,-0.04903324693441391,-0.4314925968647003,10.130269050598145
1789383467451.998,-0.009806649759411812,-0.26477953791618347,10.091042518615723
1789383467467.6692,-0.06864655017852783,-0.2843928337097168,10.0518159866333
1789383467483.3394,-0.16671304404735565,-0.47071918845176697,10.03220272064209
1789383467499.0085,-0.06864655017852783,-0.5883989930152893,10.130269050598145
1789383467514.6797,0.009806649759411812,-0.5491724014282227,10.149882316589355
1789383467530.348,-0.029419949278235435,-0.4314925968647003,10.091042518615723
1789383467546.017,-0.16671304404735565,-0.45110589265823364,10.071429252624512
1789383467561.6873,-0.127486452460289,-0.4314925968647003,10.091042518615723
1789383467577.3594,-0.0,-0.411879301071167,10.110655784606934
1789383467593.0286,-0.0,-0.3824593424797058,10.130269050598145
1789383467608.6987,-0.10787314921617508,-0.40207263827323914,10.071429252624512
1789383467624.369,-0.127486452460289,-0.40207263827323914,10.071429252624512
1789383467640.0369,-0.04903324693441391,-0.40207263827323914,10.091042518615723
1789383467655.706,-0.0,-0.47071918845176697,10.130269050598145
1789383467671.3752,-0.06864655017852783,-0.509945809841156,10.149882316589355
1789383467687.0444,-0.10787314921617508,-0.45110589265823364,10.071429252624512
1789383467702.7146,-0.10787314921617508,-0.40207263827323914,10.03220272064209
1789383467718.3848,-0.029419949278235435,-0.411879301071167,10.149882316589355
1789383467734.055,-0.029419949278235435,-0.4903324842453003,10.110655784606934
1789383467749.7231,-0.06864655017852783,-0.4903324842453003,10.110655784606934
1789383467765.393,-0.127486452460289,-0.45110589265823364,10.071429252624512
1789383467781.0613,-0.06864655017852783,-0.45110589265823364,10.071429252624512
1789383467796.7305,-0.029419949278235435,-0.4314925968647003,10.130269050598145
1789383467812.3987,-0.04903324693441391,-0.45110589265823364,10.071429252624512
1789383467828.067,-0.08825984597206116,-0.3824593424797058,10.110655784606934
1789383467843.7349,-0.08825984597206116,-0.3824593424797058,10.0518159866333
1789383467859.405,-0.04903324693441391,-0.34323275089263916,10.091042518615723
1789383467875.0762,-0.029419949278235435,-0.3628460466861725,10.149882316589355
1789383467890.7463,-0.08825984597206116,-0.4314925968647003,10.071429252624512
1789383467906.4165,-0.10787314921617508,-0.5295590758323669,10.071429252624512
1789383467922.0867,-0.06864655017852783,-0.6472389101982117,10.091042518615723
1789383467937.7559,-0.009806649759411812,-0.5883989930152893,10.169495582580566
1789383467953.424,-0.06864655017852783,-0.4314925968647003,10.110655784606934
1789383467969.0933,-0.127486452460289,-0.2843928337097168,10.03220272064209
1789383467984.7625,-0.127486452460289,-0.34323275089263916,10.03220272064209
1789383468000.4316,-0.009806649759411812,-0.4314925968647003,10.149882316589355
1789383468016.1018,-0.0,-0.411879301071167,10.149882316589355
1789383468031.7698,-0.06864655017852783,-0.3628460466861725,10.0518159866333
1789383468047.441,-0.16671304404735565,-0.34323275089263916,10.0518159866333
1789383468063.111,-0.10787314921617508,-0.47071918845176697,10.071429252624512
1789383468078.7812,-0.0,-0.5491724014282227,10.169495582580566
1789383468094.4485,-0.009806649759411812,-0.4903324842453003,10.169495582580566
1789383468110.1167,-0.10787314921617508,-0.3824593424797058,10.0518159866333
1789383468125.7856,-0.14709974825382233,-0.3040061295032501,10.0518159866333
1789383468141.4548,-0.06864655017852783,-0.509945809841156,10.0518159866333
1789383468157.1248,-0.009806649759411812,-0.5687856674194336,10.208722114562988
1789383468172.795,-0.009806649759411812,-0.45110589265823364,10.110655784606934
1789383468188.4648,-0.10787314921617508,-0.32361945509910583,9.992976188659668
1789383468204.135,-0.127486452460289,-0.3628460466861725,10.091042518615723
1789383468219.8062,-0.029419949278235435,-0.509945809841156,10.110655784606934
1789383468235.476,-0.0,-0.45110589265823364,10.149882316589355
1789383468251.1453,-0.06864655017852783,-0.40207263827323914,10.091042518615723
1789383468266.8142,-0.16671304404735565,-0.4314925968647003,10.0518159866333
1789383468282.4854,-0.10787314921617508,-0.47071918845176697,10.071429252624512
1789383468298.1575,-0.0,-0.3628460466861725,10.149882316589355
1789383468313.8445,-0.0,-0.24516624212265015,10.110655784606934
1789383468329.4985,-0.127486452460289,-0.2843928337097168,10.0518159866333
1789383468345.1685,-0.16671304404735565,-0.5491724014282227,10.012589454650879
1789383468360.8406,-0.029419949278235435,-0.6080122590065002,10.189108848571777
1789383468376.5137,0.029419949278235435,-0.509945809841156,10.130269050598145
1789383468392.1838,-0.04903324693441391,-0.34323275089263916,10.0518159866333
1789383468407.8528,-0.2059396505355835,-0.3040061295032501,10.012589454650879
1789383468423.523,-0.127486452460289,-0.45110589265823364,10.03220272064209
1789383468439.1948,0.029419949278235435,-0.5295590758323669,10.169495582580566
1789383468454.865,0.009806649759411812,-0.509945809841156,10.130269050598145
1789383468470.535,-0.127486452460289,-0.32361945509910583,10.091042518615723
1789383468486.206,-0.16671304404735565,-0.16671304404735565,10.03220272064209
1789383468501.8772,-0.04903324693441391,-0.22555294632911682,10.071429252624512
1789383468517.549,0.009806649759411812,-0.4314925968647003,10.149882316589355
1789383468533.2173,-0.029419949278235435,-0.5883989930152893,10.130269050598145
1789383468548.8882,-0.10787314921617508,-0.5687856674194336,10.03220272064209
1789383468564.5583,-0.10787314921617508,-0.5687856674194336,10.03220272064209
1789383468580.2273,-0.029419949278235435,-0.5883989930152893,10.130269050598145
1789383468595.8965,-0.009806649759411812,-0.5295590758323669,10.169495582580566
1789383468611.5676,-0.08825984597206116,-0.34323275089263916,10.091042518615723
1789383468627.2395,-0.127486452460289,-0.18632633984088898,10.071429252624512
1789383468642.9116,-0.08825984597206116,-0.26477953791618347,10.03220272064209
1789383468658.5815,-0.029419949278235435,-0.47071918845176697,10.130269050598145
1789383468674.2537,-0.029419949278235435,-0.627625584602356,10.149882316589355
1789383468689.9268,-0.06864655017852783,-0.5883989930152893,10.110655784606934
1789383468705.598,-0.06864655017852783,-0.411879301071167,10.0518159866333
1789383468721.2698,-0.08825984597206116,-0.34323275089263916,10.0518159866333
1789383468736.941,-0.06864655017852783,-0.3824593424797058,10.130269050598145
1789383468752.6108,-0.04903324693441391,-0.3824593424797058,10.130269050598145
1789383468768.282,-0.04903324693441391,-0.3628460466861725,10.071429252624512
1789383468783.9521,-0.10787314921617508,-0.4903324842453003,10.0518159866333
1789383468799.624,-0.08825984597206116,-0.6080122590065002,10.149882316589355
1789383468815.2952,-0.029419949278235435,-0.5687856674194336,10.110655784606934
1789383468830.966,-0.029419949278235435,-0.34323275089263916,10.110655784606934
1789383468846.6362,-0.08825984597206116,-0.3628460466861725,10.012589454650879
1789383468862.3042,-0.127486452460289,-0.411879301071167,10.110655784606934
1789383468877.9744,-0.029419949278235435,-0.47071918845176697,10.110655784606934
1789383468893.6433,-0.009806649759411812,-0.411879301071167,10.091042518615723
1789383468909.3125,-0.04903324693441391,-0.3628460466861725,10.091042518615723
1789383468924.9814,-0.14709974825382233,-0.3824593424797058,10.0518159866333
1789383468940.6504,-0.08825984597206116,-0.45110589265823364,10.110655784606934
1789383468956.3196,-0.029419949278235435,-0.6080122590065002,10.091042518615723
1789383468971.9885,-0.009806649759411812,-0.509945809841156,10.189108848571777
1789383468987.6587,-0.06864655017852783,-0.3628460466861725,10.071429252624512
1789383469003.3286,-0.127486452460289,-0.3628460466861725,9.973362922668457
1789383469018.9988,-0.10787314921617508,-0.509945809841156,10.130269050598145
1789383469034.6687,-0.029419949278235435,-0.4903324842453003,10.169495582580566
1789383469050.338,-0.0,-0.2843928337097168,10.091042518615723
1789383469066.0078,-0.127486452460289,-0.24516624212265015,10.012589454650879
1789383469081.6768,-0.16671304404735565,-0.4314925968647003,10.091042518615723
1789383469097.345,-0.04903324693441391,-0.5295590758323669,10.169495582580566
1789383469113.015,0.029419949278235435,-0.4903324842453003,10.130269050598145
1789383469128.6821,-0.04903324693441391,-0.47071918845176697,10.110655784606934
1789383469144.351,-0.18632633984088898,-0.5687856674194336,10.0518159866333
1789383469160.0203,-0.10787314921617508,-0.4903324842453003,10.091042518615723
1789383469175.6895,0.009806649759411812,-0.4903324842453003,10.091042518615723
1789383469191.3555,-0.009806649759411812,-0.509945809841156,10.110655784606934
1789383469207.0227,-0.16671304404735565,-0.509945809841156,10.130269050598145
1789383469222.6917,-0.10787314921617508,-0.3824593424797058,10.0518159866333
1789383469238.3608,-0.029419949278235435,-0.2843928337097168,10.091042518615723
1789383469254.03,-0.029419949278235435,-0.4314925968647003,10.091042518615723
1789383469269.7002,-0.08825984597206116,-0.4903324842453003,10.169495582580566
1789383469285.37,-0.10787314921617508,-0.45110589265823364,10.071429252624512
1789383469301.0403,-0.04903324693441391,-0.3628460466861725,10.0518159866333
1789383469316.7114,-0.04903324693441391,-0.4314925968647003,10.091042518615723
1789383469332.3816,-0.08825984597206116,-0.47071918845176697,10.149882316589355
1789383469348.0508,-0.06864655017852783,-0.34323275089263916,10.071429252624512
1789383469363.7207,-0.029419949278235435,-0.26477953791618347,10.0518159866333
1789383469379.39,-0.08825984597206116,-0.40207263827323914,10.091042518615723
1789383469395.061,-0.08825984597206116,-0.6080122590065002,10.110655784606934
1789383469410.7322,-0.06864655017852783,-0.5883989930152893,10.130269050598145
1789383469426.4023,-0.009806649759411812,-0.45110589265823364,10.091042518615723
1789383469442.0732,-0.10787314921617508,-0.45110589265823364,10.03220272064209
1789383469457.7434,-0.127486452460289,-0.509945809841156,10.130269050598145
1789383469473.4146,-0.04903324693441391,-0.4314925968647003,10.110655784606934
1789383469489.0837,-0.0,-0.3628460466861725,10.0518159866333
1789383469504.7517,-0.08825984597206116,-0.45110589265823364,10.071429252624512
1789383469520.42,-0.127486452460289,-0.5883989930152893,10.091042518615723
1789383469536.089,-0.04903324693441391,-0.4903324842453003,10.110655784606934
1789383469551.759,-0.0,-0.3628460466861725,10.071429252624512
1789383469567.4263,-0.04903324693441391,-0.34323275089263916,10.091042518615723
1789383469583.0933,-0.127486452460289,-0.3824593424797058,10.091042518615723
1789383469598.7625,-0.08825984597206116,-0.3824593424797058,10.071429252624512
1789383469614.4316,-0.0,-0.34323275089263916,10.130269050598145
1789383469630.1008,-0.029419949278235435,-0.509945809841156,10.071429252624512
1789383469645.7698,-0.10787314921617508,-0.5883989930152893,10.110655784606934
1789383469661.439,-0.08825984597206116,-0.45110589265823364,10.130269050598145
1789383469677.1072,-0.04903324693441391,-0.3628460466861725,10.03220272064209
1789383469692.777,-0.04903324693441391,-0.4314925968647003,10.091042518615723
1789383469708.4473,-0.08825984597206116,-0.5687856674194336,10.130269050598145
1789383469724.1174,-0.06864655017852783,-0.4903324842453003,10.110655784606934
1789383469739.7886,-0.009806649759411812,-0.32361945509910583,10.091042518615723
1789383469755.4587,-0.06864655017852783,-0.34323275089263916,10.0518159866333
1789383469771.1277,-0.10787314921617508,-0.45110589265823364,10.110655784606934
1789383469786.7969,-0.06864655017852783,-0.5295590758323669,10.091042518615723
1789383469802.465,-0.009806649759411812,-0.509945809841156,10.130269050598145
1789383469818.134,-0.04903324693441391,-0.5295590758323669,10.091042518615723
1789383469833.8032,-0.08825984597206116,-0.5491724014282227,10.091042518615723
1789383469849.4744,-0.08825984597206116,-0.411879301071167,10.130269050598145
1789383469865.1445,-0.029419949278235435,-0.32361945509910583,10.071429252624512
1789383469880.8125,-0.06864655017852783,-0.3040061295032501,10.091042518615723
1789383469896.4807,-0.127486452460289,-0.411879301071167,10.071429252624512
1789383469912.1487,-0.08825984597206116,-0.4903324842453003,10.091042518615723
1789383469927.8188,-0.029419949278235435,-0.45110589265823364,10.110655784606934
1789383469943.488,-0.04903324693441391,-0.4314925968647003,10.110655784606934
1789383469959.156,-0.10787314921617508,-0.4314925968647003,10.091042518615723
1789383469974.8252,-0.08825984597206116,-0.4314925968647003,10.071429252624512
1789383469990.4954,-0.06864655017852783,-0.411879301071167,10.091042518615723
1789383470006.1646,-0.029419949278235435,-0.45110589265823364,10.130269050598145
1789383470021.8335,-0.06864655017852783,-0.40207263827323914,10.130269050598145
1789383470037.5027,-0.08825984597206116,-0.40207263827323914,10.0518159866333
1789383470053.1719,-0.08825984597206116,-0.4314925968647003,10.0518159866333
1789383470068.8398,-0.04903324693441391,-0.4903324842453003,10.110655784606934
1789383470084.508,-0.04903324693441391,-0.5491724014282227,10.091042518615723
1789383470100.176,-0.04903324693441391,-0.4903324842453003,10.130269050598145
1789383470115.8452,-0.08825984597206116,-0.3824593424797058,10.091042518615723
1789383470131.5132,-0.06864655017852783,-0.3040061295032501,10.071429252624512
1789383470147.1814,-0.06864655017852783,-0.34323275089263916,10.071429252624512
1789383470162.8484,-0.06864655017852783,-0.45110589265823364,10.110655784606934
1789383470178.5176,-0.06864655017852783,-0.5883989930152893,10.110655784606934
1789383470194.1855,-0.04903324693441391,-0.5491724014282227,10.130269050598145
1789383470209.8547,-0.04903324693441391,-0.4314925968647003,10.091042518615723
1789383470225.5217,-0.08825984597206116,-0.32361945509910583,10.071429252624512
1789383470241.192,-0.08825984597206116,-0.3628460466861725,10.0518159866333
1789383470256.8608,-0.08825984597206116,-0.4903324842453003,10.091042518615723
1789383470272.531,-0.029419949278235435,-0.5883989930152893,10.149882316589355
1789383470288.2012,-0.04903324693441391,-0.509945809841156,10.110655784606934
1789383470303.87,-0.06864655017852783,-0.32361945509910583,10.110655784606934
1789383470319.5413,-0.08825984597206116,-0.3040061295032501,10.012589454650879
1789383470335.2112,-0.08825984597206116,-0.47071918845176697,10.091042518615723
1789383470350.8823,-0.04903324693441391,-0.6080122590065002,10.149882316589355
1789383470366.5544,-0.0,-0.4903324842453003,10.169495582580566
1789383470382.2246,-0.06864655017852783,-0.3040061295032501,10.071429252624512
1789383470397.8945,-0.16671304404735565,-0.2843928337097168,10.03220272064209
1789383470413.5657,-0.10787314921617508,-0.40207263827323914,10.110655784606934
1789383470429.2349,-0.009806649759411812,-0.509945809841156,10.130269050598145
1789383470444.9038,-0.009806649759411812,-0.5883989930152893,10.130269050598145
1789383470460.573,-0.10787314921617508,-0.5883989930152893,10.110655784606934
1789383470476.241,-0.10787314921617508,-0.4903324842453003,10.071429252624512
1789383470491.912,-0.04903324693441391,-0.3040061295032501,10.091042518615723
1789383470507.581,-0.04903324693441391,-0.3040061295032501,10.0518159866333
1789383470523.2522,-0.06864655017852783,-0.40207263827323914,10.110655784606934
1789383470538.9233,-0.08825984597206116,-0.4314925968647003,10.091042518615723
1789383470554.5933,-0.04903324693441391,-0.3824593424797058,10.071429252624512
1789383470570.2634,-0.04903324693441391,-0.40207263827323914,10.091042518615723
1789383470585.9355,-0.08825984597206116,-0.47071918845176697,10.091042518615723
1789383470601.6077,-0.10787314921617508,-0.4314925968647003,10.110655784606934
1789383470617.2786,-0.04903324693441391,-0.4314925968647003,10.0518159866333
1789383470632.9487,-0.04903324693441391,-0.411879301071167,10.110655784606934
1789383470648.618,-0.06864655017852783,-0.47071918845176697,10.110655784606934
1789383470664.2878,-0.08825984597206116,-0.45110589265823364,10.110655784606934
1789383470679.957,-0.06864655017852783,-0.47071918845176697,10.071429252624512
1789383470695.626,-0.06864655017852783,-0.509945809841156,10.130269050598145
1789383470711.2961,-0.04903324693441391,-0.47071918845176697,10.130269050598145
1789383470726.965,-0.04903324693441391,-0.4314925968647003,10.0518159866333
1789383470742.6362,-0.08825984597206116,-0.40207263827323914,10.091042518615723
1789383470758.3074,-0.08825984597206116,-0.411879301071167,10.091042518615723
1789383470773.9773,-0.04903324693441391,-0.45110589265823364,10.0518159866333
1789383470789.6484,-0.04903324693441391,-0.3824593424797058,10.169495582580566
1789383470805.3176,-0.08825984597206116,-0.411879301071167,10.0518159866333
1789383470820.9875,-0.10787314921617508,-0.45110589265823364,10.091042518615723
1789383470836.6567,-0.08825984597206116,-0.47071918845176697,10.130269050598145
1789383470852.3257,-0.04903324693441391,-0.47071918845176697,10.091042518615723
1789383470867.9958,-0.04903324693441391,-0.45110589265823364,10.110655784606934
1789383470883.666,-0.08825984597206116,-0.5295590758323669,10.071429252624512
1789383470899.336,-0.08825984597206116,-0.4314925968647003,10.110655784606934
1789383470915.008,-0.029419949278235435,-0.3824593424797058,10.071429252624512
1789383470930.6772,-0.04903324693441391,-0.3824593424797058,10.110655784606934
1789383470946.3452,-0.08825984597206116,-0.4314925968647003,10.091042518615723
1789383470962.0144,-0.08825984597206116,-0.45110589265823364,10.0518159866333
1789383470977.6824,-0.029419949278235435,-0.3628460466861725,10.091042518615723
1789383470993.3525,-0.04903324693441391,-0.4314925968647003,10.071429252624512
1789383471009.0205,-0.06864655017852783,-0.45110589265823364,10.149882316589355
1789383471024.6907,-0.06864655017852783,-0.45110589265823364,10.091042518615723
1789383471040.3606,-0.04903324693441391,-0.3824593424797058,10.0518159866333
1789383471056.0298,-0.04903324693441391,-0.47071918845176697,10.091042518615723
1789383471071.6987,-0.08825984597206116,-0.6472389101982117,10.091042518615723
1789383471087.368,-0.029419949278235435,-0.5687856674194336,10.189108848571777
1789383471103.0369,-0.04903324693441391,-0.3824593424797058,10.0518159866333
1789383471118.706,-0.08825984597206116,-0.3040061295032501,10.03220272064209
1789383471134.375,-0.127486452460289,-0.45110589265823364,10.071429252624512
1789383471150.043,-0.04903324693441391,-0.509945809841156,10.130269050598145
1789383471165.713,-0.009806649759411812,-0.3824593424797058,10.130269050598145
1789383471181.382,-0.04903324693441391,-0.40207263827323914,9.992976188659668
1789383471197.054,-0.127486452460289,-0.4903324842453003,10.110655784606934
1789383471212.724,-0.08825984597206116,-0.4903324842453003,10.091042518615723
1789383471228.396,-0.0,-0.3628460466861725,10.091042518615723
1789383471244.066,-0.029419949278235435,-0.3040061295032501,10.110655784606934
1789383471259.738,-0.14709974825382233,-0.4903324842453003,10.012589454650879
1789383471275.408,-0.10787314921617508,-0.5295590758323669,10.149882316589355
1789383471291.079,-0.0,-0.45110589265823364,10.091042518615723
1789383471306.75,-0.029419949278235435,-0.411879301071167,10.071429252624512
1789383471322.4211,-0.127486452460289,-0.47071918845176697,10.0518159866333
1789383471338.092,-0.127486452460289,-0.5883989930152893,10.071429252624512
1789383471353.7642,-0.0,-0.5295590758323669,10.130269050598145
1789383471369.437,-0.0,-0.411879301071167,10.091042518615723
1789383471385.1091,-0.127486452460289,-0.34323275089263916,10.071429252624512
1789383471400.78,-0.16671304404735565,-0.3824593424797058,10.0518159866333
1789383471416.4521,-0.04903324693441391,-0.4314925968647003,10.091042518615723
1789383471432.123,0.029419949278235435,-0.47071918845176697,10.130269050598145
1789383471447.791,-0.04903324693441391,-0.5295590758323669,10.091042518615723
1789383471463.4612,-0.16671304404735565,-0.509945809841156,10.071429252624512
1789383471479.132,-0.10787314921617508,-0.411879301071167,10.071429252624512
1789383471494.8032,-0.009806649759411812,-0.40207263827323914,10.071429252624512
1789383471510.4722,-0.009806649759411812,-0.411879301071167,10.130269050598145
1789383471526.141,-0.127486452460289,-0.411879301071167,10.091042518615723
1789383471541.809,-0.127486452460289,-0.411879301071167,10.0518159866333
1789383471557.477,-0.04903324693441391,-0.40207263827323914,10.091042518615723
1789383471573.1462,-0.009806649759411812,-0.4903324842453003,10.091042518615723
1789383471588.8152,-0.04903324693441391,-0.5295590758323669,10.110655784606934
1789383471604.4832,-0.08825984597206116,-0.4314925968647003,10.110655784606934
1789383471620.153,-0.08825984597206116,-0.411879301071167,10.012589454650879
1789383471635.8223,-0.04903324693441391,-0.411879301071167,10.130269050598145
1789383471651.4912,-0.04903324693441391,-0.5295590758323669,10.110655784606934
1789383471667.1592,-0.04903324693441391,-0.47071918845176697,10.091042518615723
1789383471682.8271,-0.08825984597206116,-0.47071918845176697,10.0518159866333
1789383471698.496,-0.06864655017852783,-0.45110589265823364,10.110655784606934
1789383471714.164,-0.04903324693441391,-0.509945809841156,10.091042518615723
1789383471729.8333,-0.04903324693441391,-0.47071918845176697,10.110655784606934
1789383471745.5022,-0.06864655017852783,-0.4314925968647003,10.071429252624512
1789383471761.1702,-0.08825984597206116,-0.3824593424797058,10.071429252624512
1789383471776.8381,-0.06864655017852783,-0.32361945509910583,10.130269050598145
1789383471792.5042,-0.04903324693441391,-0.411879301071167,10.091042518615723
1789383471808.172,-0.04903324693441391,-0.47071918845176697,10.110655784606934
1789383471823.84,-0.08825984597206116,-0.47071918845176697,10.110655784606934
1789383471839.5103,-0.04903324693441391,-0.411879301071167,10.071429252624512
1789383471855.1802,-0.04903324693441391,-0.34323275089263916,10.091042518615723
1789383471870.8481,-0.08825984597206116,-0.47071918845176697,10.071429252624512
1789383471886.517,-0.06864655017852783,-0.5687856674194336,10.110655784606934
1789383471902.1863,-0.04903324693441391,-0.5491724014282227,10.130269050598145
1789383471917.8542,-0.029419949278235435,-0.4314925968647003,10.110655784606934
1789383471933.5232,-0.08825984597206116,-0.4314925968647003,10.012589454650879
1789383471949.1921,-0.10787314921617508,-0.45110589265823364,10.110655784606934
1789383471964.8623,-0.04903324693441391,-0.509945809841156,10.091042518615723
1789383471980.5312,-0.009806649759411812,-0.411879301071167,10.091042518615723
1789383471996.2012,-0.06864655017852783,-0.40207263827323914,10.110655784606934
1789383472011.8691,-0.10787314921617508,-0.45110589265823364,10.071429252624512
1789383472027.5393,-0.06864655017852783,-0.411879301071167,10.130269050598145
1789383472043.2092,-0.009806649759411812,-0.4903324842453003,10.071429252624512
1789383472058.8801,-0.029419949278235435,-0.4314925968647003,10.130269050598145
1789383472074.5493,-0.08825984597206116,-0.411879301071167,10.071429252624512
1789383472090.2192,-0.08825984597206116,-0.411879301071167,10.03220272064209
1789383472105.8892,-0.06864655017852783,-0.47071918845176697,10.110655784606934
1789383472121.5571,-0.04903324693441391,-0.5687856674194336,10.130269050598145
1789383472137.2283,-0.04903324693441391,-0.4314925968647003,10.130269050598145
1789383472152.8982,-0.10787314921617508,-0.3824593424797058,9.992976188659668
1789383472168.5703,-0.08825984597206116,-0.3824593424797058,10.091042518615723
1789383472184.2412,-0.06864655017852783,-0.45110589265823364,10.091042518615723
1789383472199.912,-0.029419949278235435,-0.45110589265823364,10.091042518615723
1789383472215.5823,-0.06864655017852783,-0.40207263827323914,10.091042518615723
1789383472231.2522,-0.127486452460289,-0.45110589265823364,10.03220272064209
1789383472246.924,-0.08825984597206116,-0.47071918845176697,10.130269050598145
1789383472262.5942,-0.029419949278235435,-0.5687856674194336,10.071429252624512
1789383472278.266,-0.009806649759411812,-0.509945809841156,10.149882316589355
1789383472293.937,-0.06864655017852783,-0.47071918845176697,10.071429252624512
1789383472309.6082,-0.10787314921617508,-0.3628460466861725,10.091042518615723
1789383472325.278,-0.08825984597206116,-0.32361945509910583,10.071429252624512
1789383472340.949,-0.029419949278235435,-0.3824593424797058,10.091042518615723
1789383472356.6182,-0.04903324693441391,-0.4314925968647003,10.130269050598145
1789383472372.288,-0.08825984597206116,-0.4903324842453003,10.091042518615723
1789383472387.957,-0.06864655017852783,-0.4314925968647003,10.091042518615723
1789383472403.627,-0.06864655017852783,-0.411879301071167,10.091042518615723
1789383472419.296,-0.04903324693441391,-0.4314925968647003,10.091042518615723
1789383472434.966,-0.08825984597206116,-0.4903324842453003,10.071429252624512
1789383472450.637,-0.04903324693441391,-0.509945809841156,10.110655784606934
1789383472466.309,-0.04903324693441391,-0.47071918845176697,10.110655784606934
1789383472481.979,-0.04903324693441391,-0.411879301071167,10.091042518615723
1789383472497.649,-0.10787314921617508,-0.32361945509910583,10.110655784606934
1789383472513.321,-0.08825984597206116,-0.40207263827323914,10.0518159866333
1789383472528.992,-0.04903324693441391,-0.509945809841156,10.110655784606934
1789383472544.661,-0.009806649759411812,-0.5687856674194336,10.189108848571777
1789383472560.3318,-0.06864655017852783,-0.45110589265823364,10.071429252624512
1789383472576.003,-0.08825984597206116,-0.3628460466861725,10.0518159866333
1789383472591.6729,-0.10787314921617508,-0.34323275089263916,10.091042518615723
1789383472607.3428,-0.06864655017852783,-0.3824593424797058,10.110655784606934
1789383472623.0117,-0.04903324693441391,-0.45110589265823364,10.091042518615723
1789383472638.682,-0.06864655017852783,-0.5883989930152893,10.071429252624512
1789383472654.3518,-0.06864655017852783,-0.6080122590065002,10.149882316589355
1789383472670.0227,-0.04903324693441391,-0.4314925968647003,10.130269050598145
1789383472685.6938,-0.04903324693441391,-0.32361945509910583,10.012589454650879
1789383472701.3638,-0.08825984597206116,-0.32361945509910583,10.130269050598145
1789383472717.0347,-0.10787314921617508,-0.4903324842453003,10.071429252624512
1789383472732.7046,-0.029419949278235435,-0.509945809841156,10.110655784606934
1789383472748.3748,-0.029419949278235435,-0.411879301071167,10.091042518615723
1789383472764.0437,-0.06864655017852783,-0.411879301071167,10.03220272064209
1789383472779.7126,-0.10787314921617508,-0.34323275089263916,10.130269050598145
1789383472795.3806,-0.04903324693441391,-0.4314925968647003,9.992976188659668
1789383472811.0496,-0.04903324693441391,-0.5295590758323669,10.149882316589355
1789383472826.7175,-0.029419949278235435,-0.627625584602356,10.149882316589355
1789383472842.3855,-0.06864655017852783,-0.4903324842453003,10.071429252624512
1789383472858.0544,-0.06864655017852783,-0.3040061295032501,10.110655784606934
1789383472873.7246,-0.10787314921617508,-0.3824593424797058,10.012589454650879
1789383472889.3955,-0.08825984597206116,-0.4903324842453003,10.130269050598145
1789383472905.0654,-0.04903324693441391,-0.5883989930152893,10.130269050598145
1789383472920.7334,-0.029419949278235435,-0.4903324842453003,10.091042518615723
1789383472936.4014,-0.06864655017852783,-0.40207263827323914,10.0518159866333
1789383472952.0703,-0.127486452460289,-0.4903324842453003,10.091042518615723
1789383472967.7395,-0.06864655017852783,-0.4903324842453003,10.149882316589355
1789383472983.4094,-0.029419949278235435,-0.5295590758323669,10.071429252624512
1789383472999.0793,-0.04903324693441391,-0.40207263827323914,10.149882316589355
1789383473014.7483,-0.10787314921617508,-0.3824593424797058,10.0518159866333
1789383473030.4172,-0.08825984597206116,-0.3628460466861725,10.0518159866333
1789383473046.0874,-0.04903324693441391,-0.32361945509910583,10.091042518615723
1789383473061.7573,-0.029419949278235435,-0.411879301071167,10.091042518615723
1789383473077.4263,-0.04903324693441391,-0.4314925968647003,10.091042518615723
1789383473093.0962,-0.08825984597206116,-0.5491724014282227,10.0518159866333
1789383473108.766,-0.06864655017852783,-0.4903324842453003,10.130269050598145
1789383473124.4373,-0.04903324693441391,-0.411879301071167,10.091042518615723
1789383473140.1064,-0.08825984597206116,-0.45110589265823364,10.012589454650879
1789383473155.7744,-0.08825984597206116,-0.5491724014282227,10.149882316589355
1789383473171.4446,-0.06864655017852783,-0.6080122590065002,10.091042518615723
1789383473187.1138,-0.029419949278235435,-0.3824593424797058,10.110655784606934
1789383473202.7844,-0.06864655017852783,-0.3040061295032501,10.0518159866333
1789383473218.4536,-0.127486452460289,-0.4314925968647003,10.012589454650879
1789383473234.123,-0.06864655017852783,-0.509945809841156,10.189108848571777
1789383473249.7925,-0.0,-0.45110589265823364,10.071429252624512
1789383473265.461,-0.04903324693441391,-0.32361945509910583,10.110655784606934
1789383473281.1313,-0.16671304404735565,-0.47071918845176697,10.012589454650879
1789383473296.7998,-0.127486452460289,-0.5883989930152893,10.091042518615723
1789383473312.4702,0.009806649759411812,-0.509945809841156,10.149882316589355
1789383473328.1387,-0.0,-0.4314925968647003,10.071429252624512
1789383473343.809,-0.10787314921617508,-0.3824593424797058,10.110655784606934
1789383473359.4775,-0.2059396505355835,-0.4903324842453003,9.992976188659668
1789383473375.149,-0.04903324693441391,-0.4314925968647003,10.130269050598145
1789383473390.8206,0.029419949278235435,-0.47071918845176697,10.110655784606934
1789383473406.4878,-0.04903324693441391,-0.4903324842453003,10.110655784606934
1789383473422.1553,-0.16671304404735565,-0.40207263827323914,10.071429252624512
1789383473437.8247,-0.08825984597206116,-0.3628460466861725,10.012589454650879
1789383473453.4941,-0.0,-0.32361945509910583,10.149882316589355
1789383473469.1636,-0.029419949278235435,-0.5491724014282227,10.091042518615723
1789383473484.832,-0.10787314921617508,-0.6080122590065002,10.130269050598145
1789383473500.5015,-0.08825984597206116,-0.509945809841156,10.071429252624512
1789383473516.1719,-0.029419949278235435,-0.3824593424797058,10.03220272064209
1789383473531.8435,-0.04903324693441391,-0.411879301071167,10.071429252624512
1789383473547.515,-0.10787314921617508,-0.509945809841156,10.110655784606934
1789383473563.1863,-0.10787314921617508,-0.45110589265823364,10.091042518615723
1789383473578.8557,-0.009806649759411812,-0.3040061295032501,10.091042518615723
1789383473594.5273,-0.04903324693441391,-0.2843928337097168,10.091042518615723
1789383473610.1987,-0.127486452460289,-0.411879301071167,10.071429252624512
1789383473625.8691,-0.10787314921617508,-0.3824593424797058,10.130269050598145
1789383473641.5376,-0.029419949278235435,-0.411879301071167,10.0518159866333
1789383473657.207,-0.04903324693441391,-0.509945809841156,10.091042518615723
1789383473672.8774,-0.08825984597206116,-0.627625584602356,10.130269050598145
1789383473688.548,-0.08825984597206116,-0.5883989930152893,10.071429252624512
1789383473704.2185,-0.029419949278235435,-0.34323275089263916,10.110655784606934
1789383473719.888,-0.04903324693441391,-0.4314925968647003,10.012589454650879
1789383473735.5564,-0.10787314921617508,-0.509945809841156,10.149882316589355
1789383473751.2258,-0.06864655017852783,-0.45110589265823364,10.149882316589355
1789383473766.8953,-0.029419949278235435,-0.3040061295032501,10.03220272064209
1789383473782.5637,-0.06864655017852783,-0.3824593424797058,10.091042518615723
1789383473798.2332,-0.127486452460289,-0.6668521761894226,10.071429252624512
1789383473813.9028,-0.04903324693441391,-0.5687856674194336,10.189108848571777
1789383473829.5742,-0.0,-0.3040061295032501,10.091042518615723
1789383473845.2417,-0.06864655017852783,-0.2843928337097168,9.992976188659668
1789383473860.9092,-0.16671304404735565,-0.45110589265823364,10.130269050598145
1789383473876.5776,-0.08825984597206116,-0.6668521761894226,10.071429252624512
1789383473892.247,0.04903324693441391,-0.5883989930152893,10.149882316589355
1789383473907.9136,-0.029419949278235435,-0.509945809841156,10.091042518615723
1789383473923.582,-0.16671304404735565,-0.509945809841156,10.03220272064209
1789383473939.2505,-0.14709974825382233,-0.411879301071167,10.091042518615723
1789383473954.92,-0.009806649759411812,-0.411879301071167,10.071429252624512
1789383473970.5884,0.009806649759411812,-0.40207263827323914,10.169495582580566
1789383473986.257,-0.10787314921617508,-0.4903324842453003,10.071429252624512
1789383474001.9246,-0.14709974825382233,-0.40207263827323914,10.071429252624512
1789383474017.593,-0.06864655017852783,-0.3040061295032501,10.110655784606934
1789383474033.2625,-0.009806649759411812,-0.411879301071167,10.071429252624512
1789383474048.932,-0.04903324693441391,-0.4314925968647003,10.169495582580566
1789383474064.6003,-0.10787314921617508,-0.5295590758323669,10.03220272064209
1789383474080.27,-0.08825984597206116,-0.4314925968647003,10.091042518615723
1789383474095.9375,-0.04903324693441391,-0.4903324842453003,10.110655784606934
1789383474111.606,-0.04903324693441391,-0.47071918845176697,10.110655784606934
1789383474127.2754,-0.08825984597206116,-0.47071918845176697,10.110655784606934
1789383474142.9448,-0.08825984597206116,-0.45110589265823364,10.0518159866333
1789383474158.6145,-0.04903324693441391,-0.40207263827323914,10.130269050598145
1789383474174.283,-0.029419949278235435,-0.4314925968647003,10.091042518615723
1789383474189.952,-0.04903324693441391,-0.4314925968647003,10.091042518615723
1789383474205.6208,-0.06864655017852783,-0.4314925968647003,10.071429252624512
1789383474221.2886,-0.10787314921617508,-0.40207263827323914,10.110655784606934
1789383474236.9585,-0.04903324693441391,-0.3628460466861725,10.071429252624512
1789383474252.6262,-0.04903324693441391,-0.34323275089263916,10.071429252624512
1789383474268.294,-0.04903324693441391,-0.3824593424797058,10.130269050598145
1789383474283.9639,-0.08825984597206116,-0.4314925968647003,10.0518159866333
1789383474299.6326,-0.06864655017852783,-0.5295590758323669,10.071429252624512
1789383474315.3015,-0.04903324693441391,-0.4903324842453003,10.130269050598145
1789383474330.9692,-0.029419949278235435,-0.4314925968647003,10.071429252624512
1789383474346.637,-0.08825984597206116,-0.411879301071167,10.091042518615723
1789383474362.304,-0.10787314921617508,-0.5295590758323669,10.0518159866333
1789383474377.9717,-0.06864655017852783,-0.5883989930152893,10.149882316589355
1789383474393.6414,-0.029419949278235435,-0.4903324842453003,10.130269050598145
1789383474409.3113,-0.04903324693441391,-0.40207263827323914,10.0518159866333
1789383474424.98,-0.10787314921617508,-0.411879301071167,10.0518159866333
1789383474440.649,-0.10787314921617508,-0.45110589265823364,10.091042518615723
1789383474456.3167,-0.029419949278235435,-0.3824593424797058,10.130269050598145
1789383474471.9854,-0.029419949278235435,-0.411879301071167,10.0518159866333
1789383474487.6533,-0.10787314921617508,-0.3824593424797058,10.130269050598145
1789383474503.323,-0.127486452460289,-0.40207263827323914,10.071429252624512
1789383474518.9927,-0.04903324693441391,-0.40207263827323914,10.071429252624512
1789383474534.6606,-0.029419949278235435,-0.4314925968647003,10.110655784606934
1789383474550.3303,-0.08825984597206116,-0.509945809841156,10.091042518615723
1789383474565.999,-0.10787314921617508,-0.47071918845176697,10.091042518615723
1789383474581.669,-0.06864655017852783,-0.47071918845176697,10.0518159866333
1789383474597.3376,-0.04903324693441391,-0.45110589265823364,10.130269050598145
1789383474613.0034,-0.04903324693441391,-0.47071918845176697,10.130269050598145
1789383474628.6702,-0.08825984597206116,-0.45110589265823364,10.0518159866333
1789383474644.339,-0.08825984597206116,-0.411879301071167,10.091042518615723
1789383474660.0088,-0.04903324693441391,-0.3628460466861725,10.110655784606934
1789383474675.6785,-0.04903324693441391,-0.3824593424797058,10.0518159866333
1789383474691.3474,-0.08825984597206116,-0.509945809841156,10.071429252624512
1789383474707.018,-0.08825984597206116,-0.6472389101982117,10.149882316589355
1789383474722.6877,-0.029419949278235435,-0.5687856674194336,10.149882316589355
1789383474738.3567,-0.029419949278235435,-0.411879301071167,10.071429252624512
1789383474754.0264,-0.10787314921617508,-0.34323275089263916,10.071429252624512
1789383474769.696,-0.127486452460289,-0.34323275089263916,10.071429252624512
1789383474785.365,-0.04903324693441391,-0.32361945509910583,10.091042518615723
1789383474801.0356,-0.009806649759411812,-0.3628460466861725,10.091042518615723
1789383474816.7043,-0.06864655017852783,-0.47071918845176697,10.071429252624512
1789383474832.3762,-0.127486452460289,-0.4903324842453003,10.130269050598145
1789383474848.046,-0.06864655017852783,-0.4903324842453003,10.071429252624512
1789383474863.7188,-0.029419949278235435,-0.45110589265823364,10.130269050598145
1789383474879.3894,-0.04903324693441391,-0.509945809841156,10.110655784606934
1789383474895.06,-0.08825984597206116,-0.47071918845176697,10.091042518615723
1789383474910.731,-0.06864655017852783,-0.34323275089263916,10.071429252624512
1789383474926.4006,-0.04903324693441391,-0.34323275089263916,10.03220272064209
1789383474942.0703,-0.06864655017852783,-0.4314925968647003,10.130269050598145
1789383474957.7402,-0.08825984597206116,-0.5687856674194336,10.091042518615723
1789383474973.4119,-0.06864655017852783,-0.5883989930152893,10.071429252624512
1789383474989.0837,-0.029419949278235435,-0.5295590758323669,10.110655784606934
1789383475004.7544,-0.04903324693441391,-0.45110589265823364,10.091042518615723
1789383475020.425,-0.06864655017852783,-0.32361945509910583,10.130269050598145
1789383475036.0928,-0.08825984597206116,-0.2843928337097168,10.03220272064209
1789383475051.7605,-0.06864655017852783,-0.3824593424797058,10.071429252624512
1789383475067.4292,-0.04903324693441391,-0.47071918845176697,10.149882316589355
1789383475083.0981,-0.029419949278235435,-0.45110589265823364,10.130269050598145
1789383475098.7659,-0.06864655017852783,-0.411879301071167,10.071429252624512
1789383475114.4336,-0.127486452460289,-0.47071918845176697,10.071429252624512
1789383475130.1023,-0.08825984597206116,-0.5883989930152893,10.071429252624512
1789383475145.771,-0.029419949278235435,-0.5295590758323669,10.149882316589355
1789383475161.4397,-0.0,-0.40207263827323914,10.130269050598145
1789383475177.1094,-0.10787314921617508,-0.40207263827323914,9.992976188659668
1789383475192.7793,-0.127486452460289,-0.4314925968647003,10.091042518615723
1789383475208.4482,-0.06864655017852783,-0.509945809841156,10.091042518615723
1789383475224.1182,-0.0,-0.411879301071167,10.149882316589355
1789383475239.7861,-0.04903324693441391,-0.40207263827323914,10.091042518615723
1789383475255.455,-0.127486452460289,-0.411879301071167,10.091042518615723
1789383475271.125,-0.10787314921617508,-0.47071918845176697,10.0518159866333
1789383475286.796,-0.009806649759411812,-0.5491724014282227,10.110655784606934
1789383475302.4648,-0.009806649759411812,-0.5883989930152893,10.149882316589355
1789383475318.1348,-0.08825984597206116,-0.5491724014282227,10.110655784606934
1789383475333.8057,-0.10787314921617508,-0.411879301071167,10.0518159866333
1789383475349.4756,-0.06864655017852783,-0.40207263827323914,10.0518159866333
1789383475365.1465,-0.029419949278235435,-0.47071918845176697,10.149882316589355
1789383475380.8167,-0.029419949278235435,-0.47071918845176697,10.149882316589355
1789383475396.4866,-0.08825984597206116,-0.3824593424797058,10.091042518615723
1789383475412.1565,-0.08825984597206116,-0.3824593424797058,10.012589454650879
1789383475427.8223,-0.06864655017852783,-0.509945809841156,10.110655784606934
1789383475443.4912,-0.029419949278235435,-0.5295590758323669,10.169495582580566
1789383475459.1611,-0.029419949278235435,-0.3824593424797058,10.091042518615723
1789383475474.831,-0.08825984597206116,-0.3040061295032501,10.03220272064209
1789383475490.5012,-0.14709974825382233,-0.3824593424797058,10.0518159866333
1789383475506.17,-0.06864655017852783,-0.509945809841156,10.130269050598145
1789383475521.8389,-0.0,-0.47071918845176697,10.149882316589355
1789383475537.5078,-0.029419949278235435,-0.47071918845176697,10.0518159866333
1789383475553.1768,-0.14709974825382233,-0.509945809841156,10.0518159866333
1789383475568.848,-0.127486452460289,-0.5295590758323669,10.091042518615723
1789383475584.5188,-0.0,-0.411879301071167,10.110655784606934
1789383475600.1877,-0.009806649759411812,-0.34323275089263916,10.091042518615723
1789383475615.8577,-0.127486452460289,-0.3824593424797058,10.03220272064209
1789383475631.5276,-0.127486452460289,-0.47071918845176697,10.091042518615723
1789383475647.1965,-0.029419949278235435,-0.47071918845176697,10.130269050598145
1789383475662.8674,-0.0,-0.45110589265823364,10.110655784606934
1789383475678.5364,-0.08825984597206116,-0.4314925968647003,10.110655784606934
1789383475694.2053,-0.127486452460289,-0.4314925968647003,10.0518159866333
1789383475709.8762,-0.08825984597206116,-0.411879301071167,10.0518159866333
1789383475725.5461,-0.009806649759411812,-0.4903324842453003,10.149882316589355
1789383475741.217,-0.04903324693441391,-0.5295590758323669,10.149882316589355
1789383475756.886,-0.10787314921617508,-0.45110589265823364,10.071429252624512
1789383475772.557,-0.10787314921617508,-0.3628460466861725,10.03220272064209
1789383475788.2278,-0.04903324693441391,-0.4903324842453003,10.091042518615723
1789383475803.8987,-0.029419949278235435,-0.5687856674194336,10.169495582580566
1789383475819.5676,-0.04903324693441391,-0.4903324842453003,10.110655784606934
1789383475835.2375,-0.10787314921617508,-0.3628460466861725,10.0518159866333
1789383475850.9084,-0.10787314921617508,-0.32361945509910583,10.091042518615723
1789383475866.5793,-0.06864655017852783,-0.4314925968647003,10.091042518615723
1789383475882.2495,-0.04903324693441391,-0.5295590758323669,10.091042518615723
1789383475897.9194,-0.04903324693441391,-0.5687856674194336,10.130269050598145
1789383475913.5894,-0.08825984597206116,-0.6472389101982117,10.071429252624512
1789383475929.2603,-0.06864655017852783,-0.4903324842453003,10.130269050598145
1789383475944.9312,-0.04903324693441391,-0.3628460466861725,10.0518159866333
1789383475960.601,-0.06864655017852783,-0.3040061295032501,10.071429252624512
1789383475976.27,-0.08825984597206116,-0.411879301071167,10.110655784606934
1789383475991.941,-0.06864655017852783,-0.4903324842453003,10.071429252624512
1789383476007.6128,-0.029419949278235435,-0.4314925968647003,10.130269050598145
1789383476023.2827,-0.04903324693441391,-0.411879301071167,10.071429252624512
1789383476038.9526,-0.10787314921617508,-0.4314925968647003,10.091042518615723
1789383476054.6235,-0.10787314921617508,-0.509945809841156,10.071429252624512
1789383476070.2944,-0.029419949278235435,-0.5491724014282227,10.091042518615723
1789383476085.9644,-0.029419949278235435,-0.4903324842453003,10.149882316589355
1789383476101.6343,-0.10787314921617508,-0.3628460466861725,10.071429252624512
1789383476117.3052,-0.10787314921617508,-0.26477953791618347,10.071429252624512
1789383476132.974,-0.10787314921617508,-0.3824593424797058,10.0518159866333
1789383476148.644,-0.029419949278235435,-0.5295590758323669,10.149882316589355
1789383476164.311,-0.029419949278235435,-0.5491724014282227,10.149882316589355
1789383476179.98,-0.06864655017852783,-0.509945809841156,10.03220272064209
1789383476195.649,-0.10787314921617508,-0.45110589265823364,10.110655784606934
1789383476211.3179,-0.06864655017852783,-0.4314925968647003,10.130269050598145
1789383476226.9878,-0.029419949278235435,-0.34323275089263916,10.110655784606934
1789383476242.657,-0.04903324693441391,-0.411879301071167,10.071429252624512
1789383476258.327,-0.10787314921617508,-0.509945809841156,10.091042518615723
1789383476273.9968,-0.08825984597206116,-0.4903324842453003,10.130269050598145
1789383476289.667,-0.029419949278235435,-0.40207263827323914,10.091042518615723
1789383476305.336,-0.04903324693441391,-0.45110589265823364,10.071429252624512
1789383476321.004,-0.127486452460289,-0.5687856674194336,10.130269050598145
1789383476336.6738,-0.06864655017852783,-0.5295590758323669,10.130269050598145
1789383476352.3418,-0.009806649759411812,-0.40207263827323914,10.0518159866333
1789383476368.0098,-0.04903324693441391,-0.40207263827323914,10.091042518615723
1789383476383.68,-0.10787314921617508,-0.4903324842453003,10.091042518615723
1789383476399.3499,-0.08825984597206116,-0.4314925968647003,10.130269050598145
1789383476415.0198,-0.029419949278235435,-0.3824593424797058,10.071429252624512
1789383476430.69,-0.06864655017852783,-0.3824593424797058,10.091042518615723
1789383476446.3608,-0.10787314921617508,-0.47071918845176697,10.110655784606934
1789383476462.0308,-0.06864655017852783,-0.47071918845176697,10.091042518615723
1789383476477.701,-0.029419949278235435,-0.4903324842453003,10.091042518615723
1789383476493.3699,-0.06864655017852783,-0.5883989930152893,10.091042518615723
1789383476509.0398,-0.08825984597206116,-0.5687856674194336,10.130269050598145
1789383476524.7087,-0.06864655017852783,-0.4903324842453003,10.0518159866333
1789383476540.379,-0.06864655017852783,-0.3824593424797058,10.091042518615723
1789383476556.0479,-0.06864655017852783,-0.4314925968647003,10.110655784606934
1789383476571.7168,-0.08825984597206116,-0.411879301071167,10.091042518615723
1789383476587.3848,-0.04903324693441391,-0.3628460466861725,10.110655784606934
1789383476603.0537,-0.06864655017852783,-0.3628460466861725,10.0518159866333
1789383476618.7217,-0.08825984597206116,-0.45110589265823364,10.110655784606934
1789383476634.39,-0.08825984597206116,-0.4903324842453003,10.071429252624512
1789383476650.0579,-0.04903324693441391,-0.4314925968647003,10.110655784606934
1789383476665.7268,-0.029419949278235435,-0.3824593424797058,10.110655784606934
1789383476681.3967,-0.06864655017852783,-0.411879301071167,10.091042518615723
1789383476697.0679,-0.08825984597206116,-0.45110589265823364,10.110655784606934
1789383476712.7378,-0.06864655017852783,-0.3824593424797058,10.130269050598145
1789383476728.4058,-0.029419949278235435,-0.3824593424797058,10.0518159866333
1789383476744.0747,-0.08825984597206116,-0.509945809841156,10.071429252624512
1789383476759.7446,-0.10787314921617508,-0.5491724014282227,10.130269050598145
1789383476775.4148,-0.029419949278235435,-0.5295590758323669,10.0518159866333
1789383476791.0847,-0.029419949278235435,-0.4314925968647003,10.110655784606934
1789383476806.7527,-0.08825984597206116,-0.509945809841156,10.0518159866333
1789383476822.4226,-0.10787314921617508,-0.4903324842453003,10.130269050598145
1789383476838.0928,-0.029419949278235435,-0.4314925968647003,10.091042518615723
1789383476853.7627,-0.04903324693441391,-0.411879301071167,10.0518159866333
1789383476869.4346,-0.08825984597206116,-0.4314925968647003,10.130269050598145
1789383476885.1057,-0.08825984597206116,-0.4903324842453003,10.0518159866333
1789383476900.7756,-0.029419949278235435,-0.45110589265823364,10.130269050598145
1789383476916.4456,-0.029419949278235435,-0.45110589265823364,10.110655784606934
1789383476932.1157,-0.06864655017852783,-0.45110589265823364,10.091042518615723
1789383476947.7847,-0.08825984597206116,-0.40207263827323914,10.091042518615723
1789383476963.4536,-0.04903324693441391,-0.411879301071167,10.0518159866333
1789383476979.1226,-0.06864655017852783,-0.45110589265823364,10.130269050598145
1789383476994.7915,-0.06864655017852783,-0.509945809841156,10.110655784606934
1789383477010.4595,-0.06864655017852783,-0.45110589265823364,10.091042518615723
1789383477026.1274,-0.04903324693441391,-0.3628460466861725,10.110655784606934
1789383477041.7966,-0.08825984597206116,-0.3628460466861725,10.071429252624512
1789383477057.4656,-0.06864655017852783,-0.45110589265823364,10.071429252624512
1789383477073.1345,-0.06864655017852783,-0.5491724014282227,10.091042518615723
1789383477088.8044,-0.029419949278235435,-0.6080122590065002,10.130269050598145
1789383477104.4724,-0.04903324693441391,-0.5687856674194336,10.091042518615723
1789383477120.1414,-0.06864655017852783,-0.45110589265823364,10.149882316589355
1789383477135.8093,-0.10787314921617508,-0.40207263827323914,10.012589454650879
1789383477151.4785,-0.04903324693441391,-0.32361945509910583,10.130269050598145
1789383477167.1475,-0.04903324693441391,-0.411879301071167,10.0518159866333
1789383477182.8164,-0.06864655017852783,-0.45110589265823364,10.149882316589355
1789383477198.4866,-0.06864655017852783,-0.5295590758323669,10.091042518615723
1789383477214.1567,-0.06864655017852783,-0.5295590758323669,10.071429252624512
1789383477229.825,-0.06864655017852783,-0.4314925968647003,10.149882316589355
1789383477245.4944,-0.06864655017852783,-0.4314925968647003,10.0518159866333
1789383477261.1626,-0.06864655017852783,-0.3824593424797058,10.110655784606934
1789383477276.8308,-0.08825984597206116,-0.3824593424797058,10.091042518615723
1789383477292.499,-0.06864655017852783,-0.40207263827323914,10.071429252624512
1789383477308.1682,-0.04903324693441391,-0.411879301071167,10.130269050598145
1789383477323.8376,-0.04903324693441391,-0.47071918845176697,10.071429252624512
1789383477339.5059,-0.08825984597206116,-0.5295590758323669,10.071429252624512
1789383477355.175,-0.06864655017852783,-0.5491724014282227,10.130269050598145
1789383477370.8442,-0.06864655017852783,-0.4903324842453003,10.091042518615723
1789383477386.5137,-0.04903324693441391,-0.411879301071167,10.071429252624512
1789383477402.1829,-0.10787314921617508,-0.45110589265823364,10.0518159866333
1789383477417.851,-0.06864655017852783,-0.47071918845176697,10.130269050598145
1789383477433.5215,-0.029419949278235435,-0.47071918845176697,10.091042518615723
1789383477449.1917,-0.029419949278235435,-0.40207263827323914,10.130269050598145
1789383477464.8618,-0.10787314921617508,-0.411879301071167,10.0518159866333
1789383477480.5322,-0.10787314921617508,-0.4903324842453003,10.0518159866333
1789383477496.2004,-0.04903324693441391,-0.509945809841156,10.110655784606934
1789383477511.8718,-0.0,-0.5491724014282227,10.110655784606934
1789383477527.54,-0.06864655017852783,-0.411879301071167,10.091042518615723
1789383477543.2083,-0.14709974825382233,-0.3824593424797058,10.03220272064209
1789383477558.8784,-0.08825984597206116,-0.3628460466861725,10.071429252624512
1789383477574.5479,-0.009806649759411812,-0.40207263827323914,10.130269050598145
1789383477590.217,-0.029419949278235435,-0.509945809841156,10.071429252624512
1789383477605.8843,-0.08825984597206116,-0.5491724014282227,10.110655784606934
1789383477621.5525,-0.10787314921617508,-0.509945809841156,10.091042518615723
1789383477637.221,-0.04903324693441391,-0.4903324842453003,10.0518159866333
1789383477652.8901,-0.009806649759411812,-0.47071918845176697,10.130269050598145
1789383477668.5583,-0.06864655017852783,-0.509945809841156,10.091042518615723
1789383477684.2266,-0.08825984597206116,-0.3824593424797058,10.091042518615723
1789383477699.896,-0.04903324693441391,-0.34323275089263916,10.03220272064209
1789383477715.5642,-0.06864655017852783,-0.5491724014282227,10.071429252624512
1789383477731.2334,-0.06864655017852783,-0.6472389101982117,10.208722114562988
1789383477746.9019,-0.04903324693441391,-0.5687856674194336,10.071429252624512
1789383477762.571,-0.029419949278235435,-0.34323275089263916,10.0518159866333
1789383477778.2402,-0.08825984597206116,-0.40207263827323914,10.0518159866333
1789383477793.9087,-0.08825984597206116,-0.5295590758323669,10.091042518615723
1789383477809.5789,-0.009806649759411812,-0.4903324842453003,10.149882316589355
1789383477825.249,-0.0,-0.34323275089263916,10.110655784606934
1789383477840.9175,-0.08825984597206116,-0.32361945509910583,10.0518159866333
1789383477856.5867,-0.127486452460289,-0.45110589265823364,10.071429252624512
1789383477872.2559,-0.04903324693441391,-0.47071918845176697,10.149882316589355
1789383477887.9233,-0.0,-0.45110589265823364,10.110655784606934
1789383477903.5916,-0.04903324693441391,-0.411879301071167,10.149882316589355
1789383477919.2598,-0.14709974825382233,-0.4314925968647003,10.0518159866333
1789383477934.9302,-0.08825984597206116,-0.4314925968647003,10.071429252624512
1789383477950.6003,-0.009806649759411812,-0.5295590758323669,10.091042518615723
1789383477966.2695,-0.029419949278235435,-0.6080122590065002,10.149882316589355
1789383477981.939,-0.10787314921617508,-0.509945809841156,10.110655784606934
1789383477997.6062,-0.127486452460289,-0.47071918845176697,9.973362922668457
1789383478013.2754,-0.04903324693441391,-0.45110589265823364,10.110655784606934
1789383478028.9429,-0.029419949278235435,-0.627625584602356,10.091042518615723
1789383478044.611,-0.04903324693441391,-0.6080122590065002,10.130269050598145
1789383478060.2793,-0.10787314921617508,-0.411879301071167,10.071429252624512
1789383478075.9497,-0.06864655017852783,-0.16671304404735565,10.110655784606934
1789383478091.619,-0.06864655017852783,-0.2843928337097168,9.973362922668457
1789383478107.288,-0.06864655017852783,-0.4314925968647003,10.169495582580566
1789383478122.9575,-0.04903324693441391,-0.509945809841156,10.110655784606934
1789383478138.6277,-0.029419949278235435,-0.45110589265823364,10.071429252624512
1789383478154.297,-0.08825984597206116,-0.5295590758323669,10.071429252624512
1789383478169.9644,-0.10787314921617508,-0.6080122590065002,10.110655784606934
1789383478185.6326,-0.04903324693441391,-0.45110589265823364,10.130269050598145
1789383478201.3005,-0.009806649759411812,-0.32361945509910583,10.03220272064209
1789383478216.9685,-0.08825984597206116,-0.32361945509910583,10.110655784606934
1789383478232.6375,-0.14709974825382233,-0.509945809841156,10.071429252624512
1789383478248.3064,-0.04903324693441391,-0.45110589265823364,10.130269050598145
1789383478263.9753,-0.009806649759411812,-0.411879301071167,10.091042518615723
1789383478279.6433,-0.06864655017852783,-0.47071918845176697,10.091042518615723
1789383478295.3123,-0.127486452460289,-0.4903324842453003,10.130269050598145
1789383478310.9802,-0.08825984597206116,-0.4314925968647003,10.071429252624512
1789383478326.6482,-0.029419949278235435,-0.32361945509910583,10.071429252624512
1789383478342.3171,-0.06864655017852783,-0.509945809841156,10.0518159866333
1789383478357.986,-0.10787314921617508,-0.7060787677764893,10.110655784606934
1789383478373.654,-0.04903324693441391,-0.6668521761894226,10.169495582580566
1789383478389.3208,-0.009806649759411812,-0.40207263827323914,10.091042518615723
1789383478404.9897,-0.04903324693441391,-0.22555294632911682,10.0518159866333
1789383478420.6577,-0.14709974825382233,-0.3040061295032501,10.071429252624512
1789383478436.3257,-0.06864655017852783,-0.411879301071167,10.110655784606934
1789383478451.9946,-0.0,-0.3824593424797058,10.149882316589355
1789383478467.6636,-0.04903324693441391,-0.4903324842453003,10.0518159866333
1789383478483.3315,-0.127486452460289,-0.5883989930152893,10.110655784606934
1789383478499.0005,-0.10787314921617508,-0.5491724014282227,10.110655784606934
1789383478514.6682,-0.0,-0.3824593424797058,10.071429252624512
1789383478530.3362,-0.009806649759411812,-0.24516624212265015,10.130269050598145
1789383478546.0032,-0.127486452460289,-0.47071918845176697,10.012589454650879
1789383478561.6692,-0.127486452460289,-0.627625584602356,10.130269050598145
1789383478577.339,-0.009806649759411812,-0.6080122590065002,10.130269050598145
1789383478593.008,-0.0,-0.509945809841156,10.091042518615723
1789383478608.6758,-0.10787314921617508,-0.47071918845176697,10.091042518615723
1789383478624.3418,-0.16671304404735565,-0.45110589265823364,10.0518159866333
1789383478640.0098,-0.04903324693441391,-0.3824593424797058,10.110655784606934
1789383478655.6777,0.009806649759411812,-0.3628460466861725,10.071429252624512
1789383478671.3435,-0.04903324693441391,-0.509945809841156,10.091042518615723
1789383478687.0105,-0.14709974825382233,-0.5687856674194336,10.130269050598145
1789383478702.6775,-0.06864655017852783,-0.45110589265823364,10.091042518615723
1789383478718.3433,-0.0,-0.3628460466861725,10.071429252624512
1789383478734.0103,-0.04903324693441391,-0.411879301071167,10.091042518615723
1789383478749.6782,-0.10787314921617508,-0.5295590758323669,10.110655784606934
1789383478765.3462,-0.06864655017852783,-0.47071918845176697,10.071429252624512
1789383478781.013,-0.009806649759411812,-0.4314925968647003,10.071429252624512
1789383478796.68,-0.04903324693441391,-0.4314925968647003,10.149882316589355
1789383478812.347,-0.10787314921617508,-0.411879301071167,10.110655784606934
1789383478828.014,-0.06864655017852783,-0.32361945509910583,10.091042518615723
1789383478843.6797,-0.029419949278235435,-0.40207263827323914,10.071429252624512
1789383478859.3467,-0.06864655017852783,-0.5687856674194336,10.110655784606934
1789383478875.0137,-0.06864655017852783,-0.4903324842453003,10.169495582580566
1789383478890.6794,-0.029419949278235435,-0.32361945509910583,10.0518159866333
1789383478906.3474,-0.06864655017852783,-0.3040061295032501,10.012589454650879
1789383478922.0144,-0.127486452460289,-0.5687856674194336,10.110655784606934
1789383478937.6812,-0.06864655017852783,-0.627625584602356,10.169495582580566
1789383478953.35,0.009806649759411812,-0.47071918845176697,10.110655784606934
1789383478969.016,-0.06864655017852783,-0.45110589265823364,10.03220272064209
1789383478984.6829,-0.14709974825382233,-0.5687856674194336,10.130269050598145
1789383479000.3499,-0.08825984597206116,-0.5491724014282227,10.130269050598145
1789383479016.0159,0.009806649759411812,-0.3628460466861725,10.110655784606934
1789383479031.6816,-0.029419949278235435,-0.3040061295032501,10.0518159866333
1789383479047.3496,-0.14709974825382233,-0.40207263827323914,10.071429252624512
1789383479063.0176,-0.10787314921617508,-0.4903324842453003,10.071429252624512
1789383479078.6865,-0.0,-0.45110589265823364,10.110655784606934
1789383479094.3503,-0.009806649759411812,-0.45110589265823364,10.130269050598145
1789383479110.0173,-0.10787314921617508,-0.3824593424797058,10.091042518615723
1789383479125.685,-0.14709974825382233,-0.411879301071167,10.0518159866333
1789383479141.354,-0.04903324693441391,-0.509945809841156,10.0518159866333
1789383479157.022,-0.009806649759411812,-0.6472389101982117,10.169495582580566
1789383479172.689,-0.04903324693441391,-0.6080122590065002,10.130269050598145
1789383479188.3538,-0.06864655017852783,-0.34323275089263916,10.091042518615723
1789383479204.0188,-0.10787314921617508,-0.40207263827323914,9.953749656677246
1789383479219.6846,-0.06864655017852783,-0.5295590758323669,10.149882316589355
1789383479235.3503,-0.029419949278235435,-0.5883989930152893,10.169495582580566
1789383479251.015,-0.009806649759411812,-0.47071918845176697,10.0518159866333
1789383479266.6829,-0.10787314921617508,-0.34323275089263916,10.110655784606934
1789383479282.3496,-0.14709974825382233,-0.47071918845176697,10.0518159866333
1789383479298.0164,-0.029419949278235435,-0.4903324842453003,10.130269050598145
1789383479313.685,0.009806649759411812,-0.3824593424797058,10.130269050598145
1789383479329.3518,-0.04903324693441391,-0.3040061295032501,10.071429252624512
1789383479345.0186,-0.16671304404735565,-0.3824593424797058,10.03220272064209
1789383479360.6853,-0.10787314921617508,-0.5687856674194336,10.071429252624512
1789383479376.352,0.009806649759411812,-0.5295590758323669,10.208722114562988
1789383479392.0159,-0.0,-0.47071918845176697,10.091042518615723
1789383479407.6816,-0.127486452460289,-0.411879301071167,10.0518159866333
1789383479423.3464,-0.16671304404735565,-0.45110589265823364,10.0518159866333
1789383479439.0142,-0.029419949278235435,-0.509945809841156,10.110655784606934
1789383479454.682,0.029419949278235435,-0.4314925968647003,10.149882316589355
1789383479470.3486,-0.08825984597206116,-0.47071918845176697,10.071429252624512
1789383479486.0144,-0.16671304404735565,-0.411879301071167,10.071429252624512
1789383479501.6802,-0.08825984597206116,-0.45110589265823364,10.03220272064209
1789383479517.346,-0.0,-0.47071918845176697,10.169495582580566
1789383479533.0127,-0.029419949278235435,-0.509945809841156,10.110655784606934
1789383479548.6794,-0.10787314921617508,-0.4314925968647003,10.0518159866333
1789383479564.3462,-0.10787314921617508,-0.3824593424797058,10.071429252624512
1789383479580.013,-0.06864655017852783,-0.5295590758323669,10.03220272064209
1789383479595.6797,-0.009806649759411812,-0.5687856674194336,10.208722114562988
1789383479611.3464,-0.009806649759411812,-0.5687856674194336,10.071429252624512
1789383479627.0142,-0.08825984597206116,-0.411879301071167,10.03220272064209
1789383479642.681,-0.10787314921617508,-0.45110589265823364,10.071429252624512
1789383479658.3486,-0.06864655017852783,-0.47071918845176697,10.110655784606934
1789383479674.0173,0.009806649759411812,-0.3824593424797058,10.149882316589355
1789383479689.683,-0.04903324693441391,-0.3628460466861725,10.0518159866333
1789383479705.3496,-0.127486452460289,-0.45110589265823364,10.091042518615723
1789383479721.0164,-0.10787314921617508,-0.509945809841156,10.071429252624512
1789383479736.683,-0.009806649759411812,-0.509945809841156,10.130269050598145
1789383479752.3489,-0.009806649759411812,-0.47071918845176697,10.130269050598145
1789383479768.0146,-0.08825984597206116,-0.4903324842453003,10.071429252624512
1789383479783.6824,-0.127486452460289,-0.4314925968647003,10.091042518615723
1789383479799.35,-0.04903324693441391,-0.4314925968647003,10.071429252624512
1789383479815.0178,-0.009806649759411812,-0.45110589265823364,10.130269050598145
1789383479830.6865,-0.06864655017852783,-0.509945809841156,10.110655784606934
1789383479846.3542,-0.10787314921617508,-0.509945809841156,10.03220272064209
1789383479862.02,-0.06864655017852783,-0.45110589265823364,10.071429252624512
1789383479877.6855,-0.029419949278235435,-0.4903324842453003,10.091042518615723
1789383479893.3513,-0.04903324693441391,-0.4903324842453003,10.149882316589355
1789383479909.017,-0.08825984597206116,-0.4903324842453003,10.03220272064209
1789383479924.6838,-0.08825984597206116,-0.40207263827323914,10.091042518615723
1789383479940.3494,-0.04903324693441391,-0.45110589265823364,10.091042518615723
1789383479956.0151,-0.04903324693441391,-0.4903324842453003,10.091042518615723
1789383479971.681,-0.06864655017852783,-0.411879301071167,10.149882316589355
1789383479987.3467,-0.06864655017852783,-0.40207263827323914,10.012589454650879
1789383480003.0132,-0.06864655017852783,-0.40207263827323914,10.110655784606934
1789383480018.68,-0.06864655017852783,-0.5491724014282227,10.071429252624512
1789383480034.3467,-0.029419949278235435,-0.5491724014282227,10.130269050598145
1789383480050.0134,-0.04903324693441391,-0.4903324842453003,10.091042518615723
1789383480065.6802,-0.08825984597206116,-0.47071918845176697,10.071429252624512
1789383480081.3457,-0.08825984597206116,-0.45110589265823364,10.110655784606934
1789383480097.0134,-0.04903324693441391,-0.4903324842453003,10.0518159866333
1789383480112.6802,-0.029419949278235435,-0.47071918845176697,10.130269050598145
1789383480128.345,-0.06864655017852783,-0.47071918845176697,10.091042518615723
1789383480144.0125,-0.08825984597206116,-0.4314925968647003,10.0518159866333
1789383480159.6802,-0.04903324693441391,-0.4314925968647003,10.130269050598145
1789383480175.347,-0.029419949278235435,-0.4314925968647003,10.091042518615723
1789383480191.0127,-0.06864655017852783,-0.4314925968647003,10.091042518615723
1789383480206.6797,-0.10787314921617508,-0.5295590758323669,10.0518159866333
1789383480222.3477,-0.06864655017852783,-0.5883989930152893,10.110655784606934
1789383480238.015,-0.009806649759411812,-0.5491724014282227,10.110655784606934
1789383480253.682,-0.029419949278235435,-0.411879301071167,10.110655784606934
1789383480269.349,-0.10787314921617508,-0.34323275089263916,10.03220272064209
1789383480285.0142,-0.08825984597206116,-0.40207263827323914,10.071429252624512
1789383480300.6814,-0.04903324693441391,-0.47071918845176697,10.130269050598145
1789383480316.3494,-0.029419949278235435,-0.4903324842453003,10.130269050598145
1789383480332.0156,-0.04903324693441391,-0.45110589265823364,10.071429252624512
1789383480347.6846,-0.10787314921617508,-0.4314925968647003,10.071429252624512
1789383480363.3518,-0.08825984597206116,-0.4314925968647003,10.091042518615723
1789383480379.0188,-0.009806649759411812,-0.4314925968647003,10.110655784606934
1789383480394.686,-0.029419949278235435,-0.4903324842453003,10.110655784606934
1789383480410.353,-0.08825984597206116,-0.509945809841156,10.071429252624512
1789383480426.0203,-0.10787314921617508,-0.4903324842453003,10.0518159866333
1789383480441.6885,-0.04903324693441391,-0.4314925968647003,10.110655784606934
1789383480457.3555,-0.029419949278235435,-0.4314925968647003,10.091042518615723
1789383480473.0217,-0.06864655017852783,-0.47071918845176697,10.091042518615723
1789383480488.6887,-0.10787314921617508,-0.5491724014282227,10.071429252624512
1789383480504.357,-0.06864655017852783,-0.5295590758323669,10.071429252624512
1789383480520.026,-0.029419949278235435,-0.45110589265823364,10.130269050598145
1789383480535.694,-0.04903324693441391,-0.45110589265823364,10.0518159866333
1789383480551.3623,-0.127486452460289,-0.4903324842453003,10.091042518615723
1789383480567.0293,-0.08825984597206116,-0.4903324842453003,10.071429252624512
1789383480582.6956,-0.029419949278235435,-0.411879301071167,10.110655784606934
1789383480598.3625,-0.009806649759411812,-0.34323275089263916,10.110655784606934
1789383480614.0308,-0.08825984597206116,-0.3628460466861725,10.0518159866333
1789383480629.6978,-0.127486452460289,-0.4314925968647003,10.0518159866333
1789383480645.365,-0.04903324693441391,-0.4903324842453003,10.130269050598145
1789383480661.033,-0.0,-0.47071918845176697,10.149882316589355
1789383480676.7002,-0.04903324693441391,-0.411879301071167,10.071429252624512
1789383480692.3672,-0.14709974825382233,-0.3628460466861725,10.0518159866333
1789383480708.0354,-0.10787314921617508,-0.45110589265823364,10.071429252624512
1789383480723.7036,-0.009806649759411812,-0.5295590758323669,10.091042518615723
1789383480739.3706,-0.009806649759411812,-0.627625584602356,10.149882316589355
1789383480755.0369,-0.08825984597206116,-0.5491724014282227,10.071429252624512
1789383480770.703,-0.10787314921617508,-0.3628460466861725,10.091042518615723
1789383480786.3699,-0.06864655017852783,-0.32361945509910583,10.0518159866333
