1789383465120.3247,-0.006981316953897476,-0.005235987715423107,0.0
1789383465125.3276,-0.005235987715423107,-0.001745329238474369,-0.012217304669320583
1789383465130.3313,0.0,0.003490658476948738,-0.019198622554540634
1789383465135.335,0.006981316953897476,0.001745329238474369,-0.02617993950843811
1789383465140.338,0.01745329238474369,0.005235987715423107,-0.0296705961227417
1789383465145.3416,0.01745329238474369,0.008726646192371845,-0.024434609338641167
1789383465150.3442,0.015707962214946747,0.0,-0.01745329238474369
1789383465155.3481,0.001745329238474369,-0.001745329238474369,-0.006981316953897476
1789383465160.3518,-0.003490658476948738,-0.006981316953897476,-0.003490658476948738
1789383465165.3545,-0.013962633907794952,-0.003490658476948738,0.0
1789383465170.3584,-0.019198622554540634,-0.003490658476948738,0.0
1789383465175.361,-0.019198622554540634,-0.012217304669320583,0.003490658476948738
1789383465180.365,-0.024434609338641167,-0.005235987715423107,0.005235987715423107
1789383465185.3687,-0.024434609338641167,-0.003490658476948738,0.005235987715423107
1789383465190.3713,-0.02094395086169243,-0.003490658476948738,0.0
1789383465195.3752,-0.015707962214946747,-0.010471975430846214,0.0
1789383465200.378,-0.001745329238474369,-0.003490658476948738,-0.005235987715423107
1789383465205.3816,0.012217304669320583,0.0,-0.012217304669320583
1789383465210.3845,0.027925267815589905,0.001745329238474369,-0.006981316953897476
1789383465215.3882,0.03316125646233559,0.003490658476948738,-0.006981316953897476
1789383465220.3918,0.03316125646233559,0.005235987715423107,0.0
1789383465225.3948,0.022689279168844223,0.006981316953897476,0.0
1789383465230.3984,0.008726646192371845,0.0,0.0
1789383465235.4011,-0.001745329238474369,-0.006981316953897476,-0.001745329238474369
1789383465240.405,-0.015707962214946747,-0.006981316953897476,0.001745329238474369
1789383465245.4087,-0.01745329238474369,-0.003490658476948738,0.005235987715423107
1789383465250.4114,-0.013962633907794952,-0.005235987715423107,0.008726646192371845
1789383465255.4153,-0.001745329238474369,-0.003490658476948738,0.008726646192371845
1789383465260.418,0.001745329238474369,-0.005235987715423107,0.008726646192371845
1789383465265.4216,0.006981316953897476,-0.005235987715423107,0.003490658476948738
1789383465270.4255,0.015707962214946747,0.0,0.001745329238474369
1789383465275.4282,0.012217304669320583,0.0,-0.005235987715423107
1789383465280.4321,0.022689279168844223,0.0,-0.006981316953897476
1789383465285.4348,0.01745329238474369,0.0,-0.006981316953897476
1789383465290.4385,0.024434609338641167,0.001745329238474369,-0.012217304669320583
1789383465295.4424,0.02094395086169243,-0.003490658476948738,-0.012217304669320583
1789383465300.445,0.015707962214946747,0.005235987715423107,-0.010471975430846214
1789383465305.4487,0.006981316953897476,-0.001745329238474369,-0.008726646192371845
1789383465310.4517,0.003490658476948738,0.0,0.0
1789383465315.4553,-0.008726646192371845,-0.001745329238474369,0.003490658476948738
1789383465320.458,-0.013962633907794952,-0.003490658476948738,0.008726646192371845
1789383465325.462,-0.019198622554540634,-0.008726646192371845,0.01745329238474369
1789383465330.4656,-0.02094395086169243,-0.006981316953897476,0.01745329238474369
1789383465335.4683,-0.02094395086169243,-0.005235987715423107,0.010471975430846214
1789383465340.4722,-0.01745329238474369,-0.005235987715423107,0.008726646192371845
1789383465345.4749,-0.01745329238474369,-0.005235987715423107,0.006981316953897476
1789383465350.4788,-0.006981316953897476,0.0,0.0
1789383465355.4824,-0.001745329238474369,0.0,-0.003490658476948738
1789383465360.485,0.001745329238474369,0.0,-0.001745329238474369
1789383465365.489,0.006981316953897476,0.0,-0.010471975430846214
1789383465370.4917,0.008726646192371845,-0.001745329238474369,-0.013962633907794952
1789383465375.4954,0.006981316953897476,0.001745329238474369,-0.012217304669320583
1789383465380.4983,0.003490658476948738,-0.001745329238474369,-0.012217304669320583
1789383465385.502,-0.001745329238474369,0.001745329238474369,-0.008726646192371845
1789383465390.5056,-0.005235987715423107,-0.005235987715423107,-0.005235987715423107
1789383465395.5085,-0.010471975430846214,-0.006981316953897476,0.0
1789383465400.5122,-0.012217304669320583,-0.003490658476948738,0.0
1789383465405.515,-0.024434609338641167,-0.012217304669320583,-0.005235987715423107
1789383465410.5188,-0.022689279168844223,-0.005235987715423107,0.003490658476948738
1789383465415.5215,-0.015707962214946747,-0.005235987715423107,-0.003490658476948738
1789383465420.5254,-0.006981316953897476,-0.005235987715423107,0.0
1789383465425.529,0.001745329238474369,0.001745329238474369,-0.008726646192371845
1789383465430.5317,0.02094395086169243,0.0,-0.010471975430846214
1789383465435.5356,0.031415924429893494,0.0,-0.012217304669320583
1789383465440.5393,0.04014257341623306,0.0,-0.012217304669320583
1789383465445.542,0.036651913076639175,0.005235987715423107,-0.010471975430846214
1789383465450.546,0.03490658476948738,0.005235987715423107,-0.003490658476948738
1789383465455.5486,0.02094395086169243,0.001745329238474369,-0.001745329238474369
1789383465460.5522,0.006981316953897476,0.0,0.001745329238474369
1789383465465.5562,-0.0,-0.005235987715423107,0.005235987715423107
1789383465470.5588,-0.015707962214946747,-0.008726646192371845,0.012217304669320583
1789383465475.5627,-0.015707962214946747,-0.010471975430846214,0.019198622554540634
1789383465480.5654,-0.01745329238474369,-0.005235987715423107,0.01745329238474369
1789383465485.569,-0.012217304669320583,-0.013962633907794952,0.015707962214946747
1789383465490.572,-0.006981316953897476,-0.005235987715423107,0.010471975430846214
1789383465495.5757,-0.0,-0.001745329238474369,0.003490658476948738
1789383465500.5784,0.005235987715423107,0.003490658476948738,-0.003490658476948738
1789383465505.5823,0.010471975430846214,-0.001745329238474369,-0.005235987715423107
1789383465510.586,0.01745329238474369,0.001745329238474369,-0.01745329238474369
1789383465515.5886,0.01745329238474369,0.003490658476948738,-0.02094395086169243
1789383465520.5925,0.01745329238474369,0.001745329238474369,-0.024434609338641167
1789383465525.5962,0.006981316953897476,0.005235987715423107,-0.01745329238474369
1789383465530.599,0.003490658476948738,0.003490658476948738,-0.012217304669320583
1789383465535.6028,-0.008726646192371845,-0.001745329238474369,-0.008726646192371845
1789383465540.6055,-0.024434609338641167,-0.005235987715423107,0.0
1789383465545.6094,-0.03316125646233559,-0.012217304669320583,0.0
1789383465550.612,-0.03316125646233559,-0.012217304669320583,0.005235987715423107
1789383465555.6157,-0.027925267815589905,-0.012217304669320583,0.013962633907794952
1789383465560.6196,-0.006981316953897476,-0.010471975430846214,0.008726646192371845
1789383465565.6223,0.008726646192371845,0.0,0.006981316953897476
1789383465570.6262,0.024434609338641167,0.001745329238474369,0.0
1789383465575.629,0.04014257341623306,0.005235987715423107,-0.003490658476948738
1789383465580.6326,0.04188790172338486,0.005235987715423107,-0.010471975430846214
1789383465585.6365,0.03839724510908127,0.006981316953897476,-0.015707962214946747
1789383465590.6392,0.024434609338641167,0.006981316953897476,-0.015707962214946747
1789383465595.6428,0.0,0.0,-0.013962633907794952
1789383465600.6458,-0.010471975430846214,-0.001745329238474369,-0.005235987715423107
1789383465605.6494,-0.0296705961227417,-0.005235987715423107,-0.001745329238474369
1789383465610.6533,-0.03316125646233559,-0.010471975430846214,0.01745329238474369
1789383465615.656,-0.04363323003053665,-0.006981316953897476,0.01745329238474369
1789383465620.6597,-0.04188790172338486,-0.012217304669320583,0.02617993950843811
1789383465625.6626,-0.02617993950843811,-0.008726646192371845,0.02617993950843811
1789383465630.6663,-0.010471975430846214,-0.013962633907794952,0.024434609338641167
1789383465635.67,0.008726646192371845,-0.005235987715423107,0.015707962214946747
1789383465640.6729,0.02094395086169243,-0.001745329238474369,0.003490658476948738
1789383465645.6765,0.03316125646233559,0.006981316953897476,-0.008726646192371845
1789383465650.6794,0.031415924429893494,0.008726646192371845,-0.024434609338641167
1789383465655.683,0.024434609338641167,0.010471975430846214,-0.031415924429893494
1789383465660.6858,0.012217304669320583,0.003490658476948738,-0.03490658476948738
1789383465665.6897,-0.003490658476948738,0.001745329238474369,-0.02617993950843811
1789383465670.6934,-0.024434609338641167,0.0,-0.015707962214946747
1789383465675.696,-0.03316125646233559,0.0,0.0
1789383465680.7,-0.045378558337688446,-0.012217304669320583,0.006981316953897476
1789383465685.7036,-0.045378558337688446,-0.01745329238474369,0.015707962214946747
1789383465690.7065,-0.04188790172338486,-0.01745329238474369,0.022689279168844223
1789383465695.7102,-0.031415924429893494,-0.019198622554540634,0.02617993950843811
1789383465700.713,-0.012217304669320583,-0.013962633907794952,0.024434609338641167
1789383465705.7168,-0.0,-0.001745329238474369,0.012217304669320583
1789383465710.7195,0.01745329238474369,0.0,-0.005235987715423107
1789383465715.7231,0.03316125646233559,0.001745329238474369,-0.01745329238474369
1789383465720.727,0.04363323003053665,0.003490658476948738,-0.02617993950843811
1789383465725.7297,0.05235987901687622,0.015707962214946747,-0.031415924429893494
1789383465730.7336,0.04712389037013054,0.01745329238474369,-0.031415924429893494
1789383465735.7363,0.036651913076639175,0.01745329238474369,-0.024434609338641167
1789383465740.74,0.024434609338641167,0.005235987715423107,-0.01745329238474369
1789383465745.744,0.003490658476948738,0.003490658476948738,-0.005235987715423107
1789383465750.7466,-0.015707962214946747,-0.010471975430846214,0.013962633907794952
1789383465755.7505,-0.02617993950843811,-0.012217304669320583,0.024434609338641167
1789383465760.7532,-0.03316125646233559,-0.013962633907794952,0.03839724510908127
1789383465765.7568,-0.03316125646233559,-0.01745329238474369,0.031415924429893494
1789383465770.7598,-0.024434609338641167,-0.01745329238474369,0.0296705961227417
1789383465775.7634,-0.010471975430846214,-0.015707962214946747,0.012217304669320583
1789383465780.767,0.012217304669320583,-0.013962633907794952,-0.001745329238474369
1789383465785.77,0.03316125646233559,-0.001745329238474369,-0.02094395086169243
1789383465790.7737,0.04886921867728233,0.010471975430846214,-0.03316125646233559
1789383465795.7766,0.05235987901687622,0.01745329238474369,-0.045378558337688446
1789383465800.7803,0.05061454698443413,0.015707962214946747,-0.05235987901687622
1789383465805.784,0.04014257341623306,0.006981316953897476,-0.05235987901687622
1789383465810.7869,0.0296705961227417,0.005235987715423107,-0.036651913076639175
1789383465815.7905,0.013962633907794952,0.005235987715423107,-0.019198622554540634
1789383465820.7932,-0.008726646192371845,-0.001745329238474369,0.0
1789383465825.797,-0.02094395086169243,-0.005235987715423107,0.015707962214946747
1789383465830.8008,-0.03316125646233559,-0.013962633907794952,0.031415924429893494
1789383465835.8037,-0.04363323003053665,-0.022689279168844223,0.03839724510908127
1789383465840.8074,-0.045378558337688446,-0.022689279168844223,0.036651913076639175
1789383465845.81,-0.03839724510908127,-0.01745329238474369,0.0296705961227417
1789383465850.814,-0.024434609338641167,-0.010471975430846214,0.013962633907794952
1789383465855.8167,-0.006981316953897476,-0.005235987715423107,0.0
1789383465860.8206,0.012217304669320583,0.001745329238474369,-0.015707962214946747
1789383465865.8242,0.0296705961227417,0.008726646192371845,-0.02617993950843811
1789383465870.827,0.04363323003053665,0.012217304669320583,-0.036651913076639175
1789383465875.8308,0.04363323003053665,0.015707962214946747,-0.03490658476948738
1789383465880.8335,0.036651913076639175,0.012217304669320583,-0.031415924429893494
1789383465885.8372,0.01745329238474369,0.001745329238474369,-0.013962633907794952
1789383465890.841,0.0,-0.001745329238474369,-0.001745329238474369
1789383465895.8438,-0.01745329238474369,-0.006981316953897476,0.013962633907794952
1789383465900.8477,-0.031415924429893494,-0.01745329238474369,0.022689279168844223
1789383465905.8503,-0.036651913076639175,-0.013962633907794952,0.031415924429893494
1789383465910.854,-0.036651913076639175,-0.01745329238474369,0.031415924429893494
1789383465915.857,-0.0296705961227417,-0.019198622554540634,0.02617993950843811
1789383465920.8606,-0.02094395086169243,-0.010471975430846214,0.015707962214946747
1789383465925.8645,-0.013962633907794952,-0.003490658476948738,0.005235987715423107
1789383465930.8672,0.0,0.005235987715423107,-0.006981316953897476
1789383465935.8708,0.008726646192371845,0.006981316953897476,-0.015707962214946747
1789383465940.8748,0.019198622554540634,0.008726646192371845,-0.031415924429893494
1789383465945.8774,0.0296705961227417,0.008726646192371845,-0.0296705961227417
1789383465950.8813,0.036651913076639175,0.012217304669320583,-0.02617993950843811
1789383465955.884,0.036651913076639175,0.006981316953897476,-0.015707962214946747
1789383465960.8877,0.02617993950843811,0.003490658476948738,-0.005235987715423107
1789383465965.8916,0.006981316953897476,0.0,0.005235987715423107
1789383465970.8943,-0.019198622554540634,-0.010471975430846214,0.01745329238474369
1789383465975.8982,-0.03490658476948738,-0.01745329238474369,0.022689279168844223
1789383465980.901,-0.05235987901687622,-0.019198622554540634,0.024434609338641167
1789383465985.9045,-0.05235987901687622,-0.015707962214946747,0.022689279168844223
1789383465990.9075,-0.04712389037013054,-0.012217304669320583,0.019198622554540634
1789383465995.9111,-0.031415924429893494,-0.010471975430846214,0.006981316953897476
1789383466000.9138,-0.013962633907794952,-0.005235987715423107,-0.005235987715423107
1789383466005.9177,0.005235987715423107,0.0,-0.015707962214946747
1789383466010.9214,0.027925267815589905,0.003490658476948738,-0.02617993950843811
1789383466015.9243,0.03839724510908127,0.006981316953897476,-0.0296705961227417
1789383466020.928,0.04886921867728233,0.005235987715423107,-0.031415924429893494
1789383466025.932,0.04712389037013054,0.008726646192371845,-0.027925267815589905
1789383466030.9346,0.031415924429893494,0.005235987715423107,-0.02094395086169243
1789383466035.9382,0.003490658476948738,0.0,-0.013962633907794952
1789383466040.9412,-0.01745329238474369,-0.005235987715423107,-0.005235987715423107
1789383466045.9448,-0.03316125646233559,-0.012217304669320583,0.005235987715423107
1789383466050.9475,-0.04014257341623306,-0.01745329238474369,0.012217304669320583
1789383466055.9514,-0.036651913076639175,-0.010471975430846214,0.015707962214946747
1789383466060.955,-0.015707962214946747,-0.012217304669320583,0.02094395086169243
1789383466065.958,0.005235987715423107,-0.003490658476948738,0.01745329238474369
1789383466070.9617,0.024434609338641167,-0.006981316953897476,0.008726646192371845
1789383466075.9644,0.03490658476948738,0.001745329238474369,0.0
1789383466080.968,0.04014257341623306,0.005235987715423107,-0.012217304669320583
1789383466085.972,0.04188790172338486,0.008726646192371845,-0.019198622554540634
1789383466090.9746,0.03490658476948738,0.006981316953897476,-0.022689279168844223
1789383466095.9783,0.02094395086169243,0.008726646192371845,-0.027925267815589905
1789383466100.981,0.013962633907794952,0.005235987715423107,-0.02094395086169243
1789383466105.9846,0.0,0.0,-0.012217304669320583
1789383466110.9885,-0.006981316953897476,-0.001745329238474369,0.005235987715423107
1789383466115.9912,-0.02094395086169243,-0.003490658476948738,0.012217304669320583
1789383466120.995,-0.03316125646233559,-0.010471975430846214,0.022689279168844223
1789383466125.998,-0.03316125646233559,-0.015707962214946747,0.02617993950843811
1789383466131.0017,-0.031415924429893494,-0.019198622554540634,0.02094395086169243
1789383466136.0046,-0.02094395086169243,-0.013962633907794952,0.019198622554540634
1789383466141.0083,-0.012217304669320583,-0.008726646192371845,0.006981316953897476
1789383466146.0112,-0.003490658476948738,0.0,0.0
1789383466151.0151,0.003490658476948738,0.005235987715423107,-0.012217304669320583
1789383466156.0188,0.003490658476948738,0.005235987715423107,-0.024434609338641167
1789383466161.0217,0.006981316953897476,0.003490658476948738,-0.031415924429893494
1789383466166.0256,0.006981316953897476,0.001745329238474369,-0.0296705961227417
1789383466171.0293,0.008726646192371845,0.006981316953897476,-0.019198622554540634
1789383466176.0322,0.008726646192371845,0.0,-0.013962633907794952
1789383466181.036,0.010471975430846214,0.001745329238474369,-0.001745329238474369
1789383466186.0388,0.003490658476948738,-0.003490658476948738,0.008726646192371845
1789383466191.0427,-0.001745329238474369,-0.010471975430846214,0.02094395086169243
1789383466196.0454,-0.013962633907794952,-0.012217304669320583,0.022689279168844223
1789383466201.0493,-0.012217304669320583,-0.006981316953897476,0.027925267815589905
1789383466206.053,-0.010471975430846214,-0.003490658476948738,0.01745329238474369
1789383466211.056,-0.005235987715423107,-0.005235987715423107,0.005235987715423107
1789383466216.0598,0.003490658476948738,0.0,-0.001745329238474369
1789383466221.0625,0.008726646192371845,0.005235987715423107,-0.012217304669320583
1789383466226.0664,0.010471975430846214,0.008726646192371845,-0.01745329238474369
1789383466231.0703,0.01745329238474369,0.005235987715423107,-0.01745329238474369
1789383466236.073,0.01745329238474369,0.005235987715423107,-0.024434609338641167
1789383466241.077,0.022689279168844223,0.0,-0.019198622554540634
1789383466246.0806,0.024434609338641167,0.0,-0.01745329238474369
1789383466251.0835,0.02617993950843811,0.0,-0.003490658476948738
1789383466256.0874,0.01745329238474369,0.0,0.001745329238474369
1789383466261.09,0.010471975430846214,-0.001745329238474369,0.008726646192371845
1789383466266.094,-0.013962633907794952,-0.005235987715423107,0.013962633907794952
1789383466271.098,-0.03490658476948738,-0.010471975430846214,0.008726646192371845
1789383466276.1006,-0.04014257341623306,-0.012217304669320583,0.013962633907794952
1789383466281.1045,-0.04188790172338486,-0.013962633907794952,0.012217304669320583
1789383466286.1072,-0.031415924429893494,-0.010471975430846214,0.005235987715423107
1789383466291.111,-0.006981316953897476,-0.005235987715423107,0.0
1789383466296.114,0.012217304669320583,0.001745329238474369,-0.005235987715423107
1789383466301.1177,0.02617993950843811,0.001745329238474369,-0.015707962214946747
1789383466306.1216,0.03839724510908127,0.0,-0.015707962214946747
1789383466311.1243,0.036651913076639175,0.0,-0.024434609338641167
1789383466316.1282,0.03490658476948738,0.0,-0.01745329238474369
1789383466321.131,0.022689279168844223,0.001745329238474369,-0.01745329238474369
1789383466326.1348,0.008726646192371845,0.006981316953897476,-0.013962633907794952
1789383466331.1377,-0.008726646192371845,-0.005235987715423107,-0.005235987715423107
1789383466336.1416,-0.022689279168844223,-0.010471975430846214,0.0
1789383466341.1453,-0.031415924429893494,-0.010471975430846214,0.005235987715423107
1789383466346.1482,-0.031415924429893494,-0.015707962214946747,0.013962633907794952
1789383466351.1519,-0.02617993950843811,-0.015707962214946747,0.008726646192371845
1789383466356.1548,-0.012217304669320583,-0.008726646192371845,0.005235987715423107
1789383466361.1587,0.012217304669320583,-0.003490658476948738,0.003490658476948738
1789383466366.1624,0.03490658476948738,0.0,0.0
1789383466371.1653,0.04363323003053665,0.006981316953897476,-0.010471975430846214
1789383466376.1692,0.04712389037013054,0.012217304669320583,-0.01745329238474369
1789383466381.1719,0.024434609338641167,0.006981316953897476,-0.019198622554540634
1789383466386.1758,0.001745329238474369,0.003490658476948738,-0.02617993950843811
1789383466391.1797,-0.013962633907794952,0.001745329238474369,-0.022689279168844223
1789383466396.1824,-0.03316125646233559,0.0,-0.01745329238474369
1789383466401.1863,-0.04188790172338486,-0.003490658476948738,0.0
1789383466406.189,-0.04014257341623306,-0.012217304669320583,0.010471975430846214
1789383466411.1929,-0.04188790172338486,-0.010471975430846214,0.022689279168844223
1789383466416.1968,-0.031415924429893494,-0.012217304669320583,0.031415924429893494
1789383466421.1995,-0.022689279168844223,-0.012217304669320583,0.031415924429893494
1789383466426.2034,-0.001745329238474369,-0.010471975430846214,0.02617993950843811
1789383466431.2063,0.012217304669320583,-0.006981316953897476,0.012217304669320583
1789383466436.21,0.02617993950843811,-0.003490658476948738,0.001745329238474369
1789383466441.213,0.036651913076639175,0.005235987715423107,-0.015707962214946747
1789383466446.2166,0.03316125646233559,0.008726646192371845,-0.02094395086169243
1789383466451.2205,0.0296705961227417,0.015707962214946747,-0.027925267815589905
1789383466456.2234,0.008726646192371845,0.012217304669320583,-0.031415924429893494
1789383466461.227,-0.005235987715423107,0.001745329238474369,-0.022689279168844223
1789383466466.23,-0.015707962214946747,0.0,-0.013962633907794952
1789383466471.234,-0.027925267815589905,-0.005235987715423107,0.0
1789383466476.2375,-0.024434609338641167,-0.006981316953897476,0.013962633907794952
1789383466481.2405,-0.019198622554540634,-0.008726646192371845,0.03490658476948738
1789383466486.2444,-0.006981316953897476,-0.015707962214946747,0.04363323003053665
1789383466491.247,-0.0,-0.01745329238474369,0.03490658476948738
1789383466496.251,0.008726646192371845,-0.013962633907794952,0.024434609338641167
1789383466501.255,0.006981316953897476,-0.008726646192371845,0.008726646192371845
1789383466506.2576,0.013962633907794952,-0.001745329238474369,-0.006981316953897476
1789383466511.2615,0.012217304669320583,0.008726646192371845,-0.02094395086169243
1789383466516.2642,0.003490658476948738,0.013962633907794952,-0.031415924429893494
1789383466521.268,0.003490658476948738,0.010471975430846214,-0.03839724510908127
1789383466526.271,-0.010471975430846214,0.003490658476948738,-0.03839724510908127
1789383466531.2747,-0.010471975430846214,0.005235987715423107,-0.02617993950843811
1789383466536.2786,-0.015707962214946747,-0.005235987715423107,-0.012217304669320583
1789383466541.2815,-0.022689279168844223,-0.003490658476948738,0.008726646192371845
1789383466546.2852,-0.024434609338641167,-0.005235987715423107,0.02617993950843811
1789383466551.288,-0.0296705961227417,-0.012217304669320583,0.03490658476948738
1789383466556.292,-0.022689279168844223,-0.022689279168844223,0.036651913076639175
1789383466561.2957,-0.024434609338641167,-0.019198622554540634,0.03490658476948738
1789383466566.2986,-0.022689279168844223,-0.015707962214946747,0.019198622554540634
1789383466571.3025,-0.01745329238474369,-0.010471975430846214,0.013962633907794952
1789383466576.3052,-0.005235987715423107,-0.001745329238474369,-0.003490658476948738
1789383466581.309,0.003490658476948738,0.005235987715423107,-0.031415924429893494
1789383466586.313,0.013962633907794952,0.008726646192371845,-0.03839724510908127
1789383466591.3157,0.024434609338641167,0.006981316953897476,-0.04363323003053665
1789383466596.3196,0.024434609338641167,0.012217304669320583,-0.04188790172338486
1789383466601.3223,0.024434609338641167,0.006981316953897476,-0.027925267815589905
1789383466606.3262,0.013962633907794952,0.005235987715423107,-0.015707962214946747
1789383466611.329,0.0,-0.001745329238474369,-0.001745329238474369
1789383466616.3328,-0.001745329238474369,-0.012217304669320583,0.010471975430846214
1789383466621.3367,-0.013962633907794952,-0.013962633907794952,0.02094395086169243
1789383466626.3396,-0.02094395086169243,-0.015707962214946747,0.031415924429893494
1789383466631.3433,-0.024434609338641167,-0.012217304669320583,0.03316125646233559
1789383466636.3472,-0.024434609338641167,-0.008726646192371845,0.02094395086169243
1789383466641.35,-0.02094395086169243,-0.008726646192371845,0.010471975430846214
1789383466646.3528,-0.02094395086169243,-0.006981316953897476,-0.001745329238474369
1789383466651.3567,-0.005235987715423107,-0.006981316953897476,-0.010471975430846214
1789383466656.3606,0.003490658476948738,0.003490658476948738,-0.02617993950843811
1789383466661.3633,0.01745329238474369,0.005235987715423107,-0.019198622554540634
1789383466666.3672,0.036651913076639175,0.008726646192371845,-0.024434609338641167
1789383466671.371,0.04712389037013054,0.0,-0.02094395086169243
1789383466676.3738,0.045378558337688446,0.0,-0.012217304669320583
1789383466681.3777,0.04188790172338486,-0.005235987715423107,-0.001745329238474369
1789383466686.3806,0.03490658476948738,-0.006981316953897476,0.005235987715423107
1789383466691.3843,0.019198622554540634,-0.005235987715423107,0.008726646192371845
1789383466696.3882,0.006981316953897476,-0.005235987715423107,0.010471975430846214
1789383466701.391,-0.001745329238474369,-0.008726646192371845,0.005235987715423107
1789383466706.3948,-0.013962633907794952,-0.010471975430846214,0.0
1789383466711.3977,-0.027925267815589905,-0.001745329238474369,-0.003490658476948738
1789383466716.4016,-0.02617993950843811,0.0,-0.005235987715423107
1789383466721.4053,-0.031415924429893494,-0.001745329238474369,-0.015707962214946747
1789383466726.4082,-0.0296705961227417,0.0,-0.015707962214946747
1789383466731.412,-0.022689279168844223,-0.001745329238474369,-0.015707962214946747
1789383466736.4148,-0.003490658476948738,0.0,-0.006981316953897476
1789383466741.4187,0.010471975430846214,0.0,-0.003490658476948738
1789383466746.4214,0.022689279168844223,0.001745329238474369,0.001745329238474369
1789383466751.4253,0.027925267815589905,-0.003490658476948738,0.005235987715423107
1789383466756.4292,0.02617993950843811,0.0,0.001745329238474369
1789383466761.432,0.019198622554540634,-0.008726646192371845,-0.0
1789383466766.4358,0.008726646192371845,-0.006981316953897476,-0.0
1789383466771.4387,0.0,0.0,0.0
1789383466776.4424,-0.013962633907794952,-0.003490658476948738,-0.006981316953897476
1789383466781.4453,-0.01745329238474369,0.001745329238474369,-0.006981316953897476
1789383466786.4492,-0.03316125646233559,0.001745329238474369,-0.005235987715423107
1789383466791.4531,-0.0296705961227417,-0.005235987715423107,-0.005235987715423107
1789383466796.4558,-0.022689279168844223,-0.006981316953897476,0.003490658476948738
1789383466801.4597,-0.012217304669320583,-0.006981316953897476,0.008726646192371845
1789383466806.4636,0.001745329238474369,-0.003490658476948738,0.012217304669320583
1789383466811.4663,0.015707962214946747,-0.005235987715423107,0.008726646192371845
1789383466816.4702,0.024434609338641167,0.0,0.005235987715423107
1789383466821.473,0.02617993950843811,-0.001745329238474369,-0.0
1789383466826.4768,0.022689279168844223,-0.003490658476948738,-0.001745329238474369
1789383466831.4807,0.012217304669320583,0.0,-0.013962633907794952
1789383466836.4836,0.0,0.005235987715423107,-0.019198622554540634
1789383466841.4873,-0.008726646192371845,0.0,-0.022689279168844223
1789383466846.4902,-0.013962633907794952,0.001745329238474369,-0.02094395086169243
1789383466851.4941,-0.015707962214946747,-0.001745329238474369,-0.013962633907794952
1789383466856.4968,-0.015707962214946747,0.003490658476948738,-0.001745329238474369
1789383466861.5007,-0.008726646192371845,0.001745329238474369,0.003490658476948738
1789383466866.5046,-0.008726646192371845,-0.003490658476948738,0.008726646192371845
1789383466871.5073,-0.0,-0.010471975430846214,0.01745329238474369
1789383466876.5112,-0.006981316953897476,-0.010471975430846214,0.01745329238474369
1789383466881.5151,-0.0,-0.008726646192371845,0.015707962214946747
1789383466886.5178,0.006981316953897476,-0.005235987715423107,0.012217304669320583
1789383466891.5217,0.008726646192371845,0.0,0.003490658476948738
1789383466896.5247,0.008726646192371845,0.003490658476948738,-0.008726646192371845
1789383466901.5283,0.006981316953897476,0.001745329238474369,-0.02094395086169243
1789383466906.5312,0.001745329238474369,0.005235987715423107,-0.02617993950843811
1789383466911.5352,0.0,0.005235987715423107,-0.024434609338641167
1789383466916.5388,-0.008726646192371845,0.0,-0.019198622554540634
1789383466921.5417,-0.012217304669320583,0.0,-0.012217304669320583
1789383466926.5457,-0.006981316953897476,0.001745329238474369,0.0
1789383466931.5483,-0.013962633907794952,-0.005235987715423107,0.006981316953897476
1789383466936.5522,-0.015707962214946747,-0.008726646192371845,0.012217304669320583
1789383466941.5562,-0.012217304669320583,-0.012217304669320583,0.013962633907794952
1789383466946.5588,-0.012217304669320583,-0.012217304669320583,0.01745329238474369
1789383466951.5627,-0.006981316953897476,-0.001745329238474369,0.01745329238474369
1789383466956.5657,-0.006981316953897476,-0.008726646192371845,0.010471975430846214
1789383466961.5696,-0.005235987715423107,-0.005235987715423107,-0.005235987715423107
1789383466966.5723,0.0,0.0,-0.006981316953897476
1789383466971.5762,0.001745329238474369,-0.003490658476948738,-0.022689279168844223
1789383466976.58,0.001745329238474369,0.003490658476948738,-0.02094395086169243
1789383466981.5828,0.005235987715423107,0.006981316953897476,-0.019198622554540634
1789383466986.5867,0.008726646192371845,0.001745329238474369,-0.01745329238474369
1789383466991.5896,0.008726646192371845,0.001745329238474369,-0.012217304669320583
1789383466996.5933,0.012217304669320583,-0.005235987715423107,-0.003490658476948738
1789383467001.5972,0.01745329238474369,-0.010471975430846214,0.003490658476948738
1789383467006.6,0.015707962214946747,-0.006981316953897476,0.005235987715423107
1789383467011.6038,0.013962633907794952,-0.003490658476948738,0.013962633907794952
1789383467016.6077,0.006981316953897476,-0.003490658476948738,0.008726646192371845
1789383467021.6106,0.005235987715423107,-0.008726646192371845,0.003490658476948738
1789383467026.6145,0.001745329238474369,-0.005235987715423107,-0.003490658476948738
1789383467031.6172,0.0,-0.003490658476948738,-0.012217304669320583
1789383467036.621,-0.001745329238474369,0.001745329238474369,-0.013962633907794952
1789383467041.624,-0.001745329238474369,0.006981316953897476,-0.012217304669320583
1789383467046.6277,0.0,0.010471975430846214,-0.006981316953897476
1789383467051.6306,-0.008726646192371845,0.0,-0.013962633907794952
1789383467056.6345,-0.006981316953897476,-0.003490658476948738,-0.001745329238474369
1789383467061.6382,-0.008726646192371845,-0.006981316953897476,0.001745329238474369
1789383467066.641,-0.001745329238474369,-0.005235987715423107,0.010471975430846214
1789383467071.645,-0.0,-0.001745329238474369,0.015707962214946747
1789383467076.6477,-0.0,-0.005235987715423107,0.008726646192371845
1789383467081.6516,0.001745329238474369,0.0,0.008726646192371845
1789383467086.6555,-0.001745329238474369,-0.006981316953897476,0.0
1789383467091.6582,-0.001745329238474369,-0.001745329238474369,-0.003490658476948738
1789383467096.662,-0.005235987715423107,0.001745329238474369,-0.012217304669320583
1789383467101.665,-0.006981316953897476,0.0,-0.013962633907794952
1789383467106.6687,-0.001745329238474369,0.001745329238474369,-0.02094395086169243
1789383467111.6726,0.005235987715423107,0.0,-0.024434609338641167
1789383467116.6753,0.015707962214946747,0.003490658476948738,-0.01745329238474369
1789383467121.679,0.02617993950843811,0.0,-0.005235987715423107
1789383467126.6816,0.03316125646233559,0.0,-0.003490658476948738
1789383467131.6855,0.031415924429893494,0.001745329238474369,0.001745329238474369
1789383467136.6892,0.022689279168844223,-0.006981316953897476,-0.0
1789383467141.692,0.015707962214946747,-0.010471975430846214,0.005235987715423107
1789383467146.6956,0.0,0.0,0.0
1789383467151.6982,-0.010471975430846214,0.001745329238474369,0.001745329238474369
1789383467156.7021,-0.024434609338641167,0.0,-0.003490658476948738
1789383467161.7048,-0.036651913076639175,-0.001745329238474369,-0.003490658476948738
1789383467166.7085,-0.03490658476948738,-0.003490658476948738,-0.006981316953897476
1789383467171.7122,-0.03316125646233559,-0.008726646192371845,-0.006981316953897476
1789383467176.715,-0.01745329238474369,0.0,0.001745329238474369
1789383467181.7188,-0.008726646192371845,0.0,0.0
1789383467186.7214,0.0,0.001745329238474369,0.001745329238474369
1789383467191.725,0.012217304669320583,-0.005235987715423107,0.005235987715423107
1789383467196.729,0.010471975430846214,-0.005235987715423107,-0.0
1789383467201.7317,0.012217304669320583,-0.001745329238474369,-0.0
1789383467206.7354,0.006981316953897476,-0.005235987715423107,0.003490658476948738
1789383467211.738,0.0,0.0,-0.005235987715423107
1789383467216.742,-0.005235987715423107,0.0,-0.012217304669320583
1789383467221.7456,-0.008726646192371845,-0.005235987715423107,-0.01745329238474369
1789383467226.7483,-0.008726646192371845,-0.003490658476948738,-0.012217304669320583
1789383467231.752,-0.008726646192371845,0.0,-0.015707962214946747
1789383467236.7546,-0.006981316953897476,0.001745329238474369,-0.005235987715423107
1789383467241.7585,-0.008726646192371845,-0.001745329238474369,-0.003490658476948738
1789383467246.7612,-0.012217304669320583,-0.005235987715423107,-0.003490658476948738
1789383467251.765,-0.006981316953897476,-0.008726646192371845,0.003490658476948738
1789383467256.7686,-0.005235987715423107,-0.010471975430846214,0.006981316953897476
1789383467261.7715,0.005235987715423107,0.0,0.008726646192371845
1789383467266.7751,0.012217304669320583,0.0,0.008726646192371845
1789383467271.7788,0.02617993950843811,-0.005235987715423107,0.001745329238474369
1789383467276.7815,0.0296705961227417,0.0,-0.003490658476948738
1789383467281.7854,0.03490658476948738,-0.005235987715423107,-0.008726646192371845
1789383467286.788,0.031415924429893494,0.0,-0.013962633907794952
1789383467291.7917,0.036651913076639175,0.005235987715423107,-0.012217304669320583
1789383467296.7954,0.031415924429893494,0.001745329238474369,-0.013962633907794952
1789383467301.798,0.03316125646233559,0.003490658476948738,-0.012217304669320583
1789383467306.802,0.03316125646233559,0.001745329238474369,-0.012217304669320583
1789383467311.8047,0.036651913076639175,-0.001745329238474369,-0.006981316953897476
1789383467316.8083,0.03316125646233559,0.0,-0.005235987715423107
1789383467321.811,0.024434609338641167,-0.001745329238474369,-0.0
1789383467326.815,0.013962633907794952,0.0,0.005235987715423107
1789383467331.8186,-0.0,-0.003490658476948738,0.001745329238474369
1789383467336.8213,-0.012217304669320583,-0.005235987715423107,0.003490658476948738
1789383467341.825,-0.024434609338641167,-0.006981316953897476,0.005235987715423107
1789383467346.828,-0.02617993950843811,0.0,0.006981316953897476
1789383467351.8315,-0.027925267815589905,-0.001745329238474369,0.010471975430846214
1789383467356.8352,-0.02617993950843811,0.0,0.012217304669320583
1789383467361.838,-0.02094395086169243,-0.006981316953897476,0.008726646192371845
1789383467366.8418,-0.003490658476948738,-0.003490658476948738,0.006981316953897476
1789383467371.8445,0.006981316953897476,-0.005235987715423107,-0.003490658476948738
1789383467376.8481,0.01745329238474369,-0.001745329238474369,-0.003490658476948738
1789383467381.8508,0.02094395086169243,-0.005235987715423107,-0.006981316953897476
1789383467386.8545,0.02094395086169243,0.008726646192371845,-0.006981316953897476
1789383467391.8584,0.012217304669320583,0.005235987715423107,-0.019198622554540634
1789383467396.861,0.001745329238474369,0.001745329238474369,-0.02094395086169243
1789383467401.8647,-0.012217304669320583,-0.001745329238474369,-0.022689279168844223
1789383467406.8674,-0.019198622554540634,-0.005235987715423107,-0.01745329238474369
1789383467411.8713,-0.022689279168844223,-0.005235987715423107,-0.006981316953897476
1789383467416.875,-0.013962633907794952,-0.006981316953897476,-0.005235987715423107
1789383467421.8777,-0.003490658476948738,-0.008726646192371845,0.0
1789383467426.8813,0.001745329238474369,-0.010471975430846214,-0.0
1789383467431.8843,0.015707962214946747,-0.005235987715423107,0.005235987715423107
1789383467436.888,0.019198622554540634,-0.001745329238474369,0.005235987715423107
1789383467441.8916,0.024434609338641167,0.001745329238474369,0.0
1789383467446.8943,0.022689279168844223,0.0,-0.003490658476948738
1789383467451.8982,0.013962633907794952,0.001745329238474369,-0.008726646192371845
1789383467456.901,0.012217304669320583,-0.001745329238474369,-0.01745329238474369
1789383467461.9045,-0.003490658476948738,0.008726646192371845,-0.015707962214946747
1789383467466.9072,-0.013962633907794952,0.006981316953897476,-0.013962633907794952
1789383467471.9111,-0.02617993950843811,0.003490658476948738,-0.006981316953897476
1789383467476.9148,-0.03839724510908127,-0.003490658476948738,0.003490658476948738
1789383467481.9175,-0.04886921867728233,-0.005235987715423107,0.010471975430846214
1789383467486.9211,-0.04886921867728233,-0.012217304669320583,0.024434609338641167
1789383467491.925,-0.04188790172338486,-0.012217304669320583,0.03316125646233559
1789383467496.9277,-0.0296705961227417,-0.010471975430846214,0.03839724510908127
1789383467501.9314,-0.015707962214946747,-0.012217304669320583,0.031415924429893494
1789383467506.934,-0.0,-0.006981316953897476,0.02617993950843811
1789383467511.9377,0.012217304669320583,0.0,0.008726646192371845
1789383467516.9407,0.022689279168844223,0.0,-0.006981316953897476
1789383467521.9443,0.0296705961227417,0.005235987715423107,-0.022689279168844223
1789383467526.948,0.024434609338641167,0.008726646192371845,-0.03316125646233559
1789383467531.9507,0.019198622554540634,0.008726646192371845,-0.04014257341623306
1789383467536.9546,0.01745329238474369,0.010471975430846214,-0.036651913076639175
1789383467541.9573,0.010471975430846214,0.006981316953897476,-0.027925267815589905
1789383467546.961,0.005235987715423107,-0.001745329238474369,-0.015707962214946747
1789383467551.9646,0.0,-0.003490658476948738,-0.003490658476948738
1789383467556.9675,-0.005235987715423107,-0.006981316953897476,0.010471975430846214
1789383467561.9712,-0.001745329238474369,-0.008726646192371845,0.022689279168844223
1789383467566.9739,-0.005235987715423107,-0.010471975430846214,0.027925267815589905
1789383467571.9775,-0.005235987715423107,-0.012217304669320583,0.022689279168844223
1789383467576.9814,-0.005235987715423107,-0.005235987715423107,0.01745329238474369
1789383467581.9841,-0.0,-0.005235987715423107,0.006981316953897476
1789383467586.9878,0.005235987715423107,-0.003490658476948738,-0.003490658476948738
1789383467591.9905,0.008726646192371845,0.003490658476948738,-0.019198622554540634
1789383467596.9941,0.012217304669320583,0.0,-0.01745329238474369
1789383467601.998,0.01745329238474369,0.012217304669320583,-0.02094395086169243
1789383467607.0007,0.008726646192371845,0.005235987715423107,-0.022689279168844223
1789383467612.0044,0.005235987715423107,0.0,-0.015707962214946747
1789383467617.007,-0.003490658476948738,-0.003490658476948738,-0.008726646192371845
1789383467622.011,-0.008726646192371845,-0.012217304669320583,0.001745329238474369
1789383467627.0146,-0.013962633907794952,-0.005235987715423107,0.015707962214946747
1789383467632.0173,-0.01745329238474369,-0.008726646192371845,0.012217304669320583
1789383467637.021,-0.024434609338641167,-0.008726646192371845,0.010471975430846214
1789383467642.024,-0.024434609338641167,-0.008726646192371845,0.005235987715423107
1789383467647.0276,-0.022689279168844223,-0.012217304669320583,-0.005235987715423107
1789383467652.0303,-0.015707962214946747,-0.005235987715423107,-0.006981316953897476
1789383467657.034,-0.008726646192371845,0.003490658476948738,-0.015707962214946747
1789383467662.0378,0.0,0.0,-0.02094395086169243
1789383467667.0405,0.015707962214946747,0.005235987715423107,-0.022689279168844223
1789383467672.0442,0.01745329238474369,0.0,-0.02617993950843811
1789383467677.0469,0.019198622554540634,0.003490658476948738,-0.024434609338641167
1789383467682.0508,0.022689279168844223,0.005235987715423107,-0.012217304669320583
1789383467687.0544,0.015707962214946747,0.0,0.0
1789383467692.0571,0.003490658476948738,-0.001745329238474369,0.006981316953897476
1789383467697.0608,-0.008726646192371845,-0.001745329238474369,0.015707962214946747
1789383467702.0635,-0.01745329238474369,-0.006981316953897476,0.019198622554540634
1789383467707.0674,-0.02094395086169243,-0.012217304669320583,0.01745329238474369
1789383467712.071,-0.024434609338641167,-0.013962633907794952,0.015707962214946747
1789383467717.0737,-0.02094395086169243,-0.003490658476948738,0.010471975430846214
1789383467722.0776,-0.012217304669320583,0.0,0.010471975430846214
1789383467727.0803,-0.008726646192371845,-0.005235987715423107,-0.005235987715423107
1789383467732.084,0.0,0.0,-0.012217304669320583
1789383467737.0876,0.005235987715423107,-0.001745329238474369,-0.02094395086169243
1789383467742.0903,0.015707962214946747,0.003490658476948738,-0.022689279168844223
1789383467747.0942,0.019198622554540634,0.003490658476948738,-0.01745329238474369
1789383467752.097,0.02094395086169243,0.003490658476948738,-0.015707962214946747
1789383467757.1006,0.01745329238474369,0.003490658476948738,-0.012217304669320583
1789383467762.1033,0.010471975430846214,-0.001745329238474369,-0.003490658476948738
1789383467767.1072,0.001745329238474369,-0.003490658476948738,-0.001745329238474369
1789383467772.1108,-0.005235987715423107,-0.006981316953897476,0.006981316953897476
1789383467777.1135,-0.013962633907794952,-0.008726646192371845,0.006981316953897476
1789383467782.1172,-0.012217304669320583,-0.008726646192371845,0.012217304669320583
1789383467787.12,-0.008726646192371845,-0.006981316953897476,0.005235987715423107
1789383467792.1238,-0.003490658476948738,-0.008726646192371845,0.0
1789383467797.1274,0.003490658476948738,0.0,-0.005235987715423107
1789383467802.1301,0.008726646192371845,0.005235987715423107,-0.005235987715423107
1789383467807.134,0.012217304669320583,0.005235987715423107,-0.013962633907794952
1789383467812.1367,0.013962633907794952,0.005235987715423107,-0.015707962214946747
1789383467817.1404,0.01745329238474369,0.0,-0.013962633907794952
1789383467822.144,0.02094395086169243,-0.003490658476948738,-0.008726646192371845
1789383467827.147,0.01745329238474369,0.001745329238474369,-0.005235987715423107
1789383467832.1506,0.019198622554540634,0.0,0.003490658476948738
1789383467837.1533,0.006981316953897476,0.0,0.008726646192371845
1789383467842.157,-0.001745329238474369,-0.005235987715423107,0.013962633907794952
1789383467847.161,-0.006981316953897476,-0.006981316953897476,0.015707962214946747
1789383467852.1636,-0.013962633907794952,-0.012217304669320583,0.019198622554540634
1789383467857.1672,-0.02094395086169243,-0.006981316953897476,0.010471975430846214
1789383467862.17,-0.013962633907794952,-0.005235987715423107,0.005235987715423107
1789383467867.1738,-0.010471975430846214,-0.001745329238474369,0.0
1789383467872.1765,-0.005235987715423107,0.0,-0.008726646192371845
1789383467877.1802,0.0,0.001745329238474369,-0.008726646192371845
1789383467882.1838,0.003490658476948738,0.005235987715423107,-0.013962633907794952
1789383467887.1865,0.0,0.006981316953897476,-0.012217304669320583
1789383467892.1904,-0.012217304669320583,0.0,-0.012217304669320583
1789383467897.193,-0.01745329238474369,0.0,-0.003490658476948738
1789383467902.1968,-0.02094395086169243,-0.003490658476948738,0.003490658476948738
1789383467907.2004,-0.027925267815589905,-0.008726646192371845,0.008726646192371845
1789383467912.2034,-0.02617993950843811,-0.012217304669320583,0.01745329238474369
1789383467917.207,-0.022689279168844223,-0.010471975430846214,0.013962633907794952
1789383467922.2097,-0.015707962214946747,-0.005235987715423107,0.013962633907794952
1789383467927.2134,-0.0,-0.005235987715423107,0.006981316953897476
1789383467932.2173,0.010471975430846214,-0.010471975430846214,-0.0
1789383467937.22,0.0296705961227417,0.0,-0.003490658476948738
1789383467942.2236,0.04014257341623306,0.005235987715423107,-0.012217304669320583
1789383467947.2263,0.054105207324028015,0.006981316953897476,-0.013962633907794952
1789383467952.2302,0.057595863938331604,0.006981316953897476,-0.019198622554540634
1789383467957.234,0.04886921867728233,0.008726646192371845,-0.019198622554540634
1789383467962.2366,0.03839724510908127,0.0,-0.013962633907794952
1789383467967.2402,0.024434609338641167,0.0,-0.005235987715423107
1789383467972.2432,0.003490658476948738,-0.001745329238474369,-0.0
1789383467977.2468,-0.012217304669320583,-0.003490658476948738,0.012217304669320583
1789383467982.2505,-0.03316125646233559,-0.012217304669320583,0.015707962214946747
1789383467987.2532,-0.04014257341623306,-0.012217304669320583,0.024434609338641167
1789383467992.257,-0.03490658476948738,-0.013962633907794952,0.01745329238474369
1789383467997.2598,-0.031415924429893494,-0.013962633907794952,0.01745329238474369
1789383468002.2634,-0.013962633907794952,-0.001745329238474369,0.008726646192371845
1789383468007.266,0.010471975430846214,0.0,-0.005235987715423107
1789383468012.27,0.024434609338641167,0.0,-0.019198622554540634
1789383468017.2737,0.03490658476948738,0.008726646192371845,-0.02617993950843811
1789383468022.2764,0.03490658476948738,0.005235987715423107,-0.036651913076639175
1789383468027.28,0.03316125646233559,0.012217304669320583,-0.03839724510908127
1789383468032.283,0.024434609338641167,0.003490658476948738,-0.031415924429893494
1789383468037.2866,0.005235987715423107,0.003490658476948738,-0.022689279168844223
1789383468042.2903,-0.005235987715423107,0.0,-0.010471975430846214
1789383468047.293,-0.01745329238474369,0.0,0.006981316953897476
1789383468052.2969,-0.0296705961227417,-0.006981316953897476,0.01745329238474369
1789383468057.2996,-0.03316125646233559,-0.012217304669320583,0.03316125646233559
1789383468062.3032,-0.03839724510908127,-0.01745329238474369,0.03490658476948738
1789383468067.307,-0.03839724510908127,-0.01745329238474369,0.03316125646233559
1789383468072.3096,-0.031415924429893494,-0.010471975430846214,0.027925267815589905
1789383468077.3135,-0.019198622554540634,-0.008726646192371845,0.02094395086169243
1789383468082.3162,0.001745329238474369,0.0,0.006981316953897476
1789383468087.3198,0.02617993950843811,0.001745329238474369,0.0
1789383468092.3225,0.03316125646233559,0.006981316953897476,-0.012217304669320583
1789383468097.3264,0.045378558337688446,0.015707962214946747,-0.01745329238474369
1789383468102.33,0.04886921867728233,0.012217304669320583,-0.015707962214946747
1789383468107.3328,0.03490658476948738,0.006981316953897476,-0.013962633907794952
1789383468112.3364,0.02617993950843811,0.001745329238474369,-0.006981316953897476
1789383468117.339,0.008726646192371845,0.003490658476948738,-0.001745329238474369
1789383468122.343,-0.012217304669320583,-0.001745329238474369,0.005235987715423107
1789383468127.3467,-0.027925267815589905,-0.005235987715423107,0.013962633907794952
1789383468132.3494,-0.04886921867728233,-0.010471975430846214,0.01745329238474369
1789383468137.353,-0.054105207324028015,-0.015707962214946747,0.019198622554540634
1789383468142.3557,-0.05061454698443413,-0.012217304669320583,0.013962633907794952
1789383468147.3594,-0.03316125646233559,-0.012217304669320583,0.005235987715423107
1789383468152.362,-0.012217304669320583,-0.005235987715423107,-0.003490658476948738
1789383468157.3657,0.015707962214946747,-0.005235987715423107,-0.01745329238474369
1789383468162.3696,0.04363323003053665,0.005235987715423107,-0.024434609338641167
1789383468167.3723,0.06108652427792549,0.008726646192371845,-0.036651913076639175
1789383468172.376,0.06108652427792549,0.015707962214946747,-0.036651913076639175
1789383468177.3796,0.054105207324028015,0.006981316953897476,-0.03316125646233559
1789383468182.3823,0.036651913076639175,0.001745329238474369,-0.03316125646233559
1789383468187.385,0.012217304669320583,0.0,-0.024434609338641167
1789383468192.3887,-0.006981316953897476,-0.001745329238474369,-0.010471975430846214
1789383468197.3923,-0.022689279168844223,-0.003490658476948738,0.0
1789383468202.3962,-0.036651913076639175,-0.012217304669320583,0.01745329238474369
1789383468207.399,-0.04014257341623306,-0.013962633907794952,0.024434609338641167
1789383468212.4026,-0.02617993950843811,-0.012217304669320583,0.031415924429893494
1789383468217.4053,-0.022689279168844223,-0.013962633907794952,0.031415924429893494
1789383468222.409,-0.008726646192371845,-0.008726646192371845,0.019198622554540634
1789383468227.4126,0.006981316953897476,-0.005235987715423107,0.012217304669320583
1789383468232.4153,0.019198622554540634,0.0,-0.001745329238474369
1789383468237.419,0.0296705961227417,0.005235987715423107,-0.010471975430846214
1789383468242.4216,0.027925267815589905,0.003490658476948738,-0.0296705961227417
1789383468247.4255,0.03490658476948738,0.008726646192371845,-0.0296705961227417
1789383468252.4292,0.022689279168844223,0.008726646192371845,-0.031415924429893494
1789383468257.432,0.01745329238474369,0.006981316953897476,-0.024434609338641167
1789383468262.4355,0.005235987715423107,0.005235987715423107,-0.010471975430846214
1789383468267.4382,-0.012217304669320583,-0.003490658476948738,-0.006981316953897476
1789383468272.442,-0.01745329238474369,-0.008726646192371845,0.010471975430846214
1789383468277.4456,-0.01745329238474369,-0.010471975430846214,0.022689279168844223
1789383468282.4482,-0.01745329238474369,-0.010471975430846214,0.027925267815589905
1789383468287.4521,-0.006981316953897476,-0.012217304669320583,0.024434609338641167
1789383468292.4548,0.006981316953897476,-0.006981316953897476,0.012217304669320583
1789383468297.4585,0.013962633907794952,-0.005235987715423107,0.001745329238474369
1789383468302.4612,0.024434609338641167,0.0,-0.012217304669320583
1789383468307.4648,0.027925267815589905,0.006981316953897476,-0.022689279168844223
1789383468312.4675,0.0296705961227417,0.008726646192371845,-0.03316125646233559
1789383468317.4712,0.024434609338641167,0.008726646192371845,-0.031415924429893494
1789383468322.4749,0.008726646192371845,0.003490658476948738,-0.03839724510908127
1789383468327.4775,-0.008726646192371845,0.001745329238474369,-0.031415924429893494
1789383468332.4814,-0.03316125646233559,0.0,-0.013962633907794952
1789383468337.485,-0.05235987901687622,-0.006981316953897476,0.001745329238474369
1789383468342.4878,-0.06632251292467117,-0.015707962214946747,0.02094395086169243
1789383468347.4915,-0.06632251292467117,-0.015707962214946747,0.031415924429893494
1789383468352.4941,-0.054105207324028015,-0.01745329238474369,0.03490658476948738
1789383468357.4978,-0.03316125646233559,-0.019198622554540634,0.031415924429893494
1789383468362.5005,-0.0,-0.012217304669320583,0.024434609338641167
1789383468367.5042,0.019198622554540634,-0.005235987715423107,0.012217304669320583
1789383468372.5078,0.04188790172338486,0.008726646192371845,-0.005235987715423107
1789383468377.5107,0.057595863938331604,0.012217304669320583,-0.02094395086169243
1789383468382.5144,0.0593411922454834,0.005235987715423107,-0.045378558337688446
1789383468387.517,0.05235987901687622,0.015707962214946747,-0.05061454698443413
1789383468392.5208,0.04014257341623306,0.013962633907794952,-0.04363323003053665
1789383468397.5244,0.024434609338641167,0.012217304669320583,-0.03316125646233559
1789383468402.527,0.006981316953897476,0.006981316953897476,-0.01745329238474369
1789383468407.5308,-0.010471975430846214,-0.005235987715423107,-0.001745329238474369
1789383468412.5334,-0.0296705961227417,-0.01745329238474369,0.015707962214946747
1789383468417.537,-0.04188790172338486,-0.01745329238474369,0.03316125646233559
1789383468422.541,-0.04886921867728233,-0.022689279168844223,0.045378558337688446
1789383468427.5437,-0.04712389037013054,-0.024434609338641167,0.04886921867728233
1789383468432.5474,-0.04014257341623306,-0.019198622554540634,0.03839724510908127
1789383468437.55,-0.024434609338641167,-0.013962633907794952,0.024434609338641167
1789383468442.5537,-0.0,-0.008726646192371845,0.001745329238474369
1789383468447.5564,0.019198622554540634,0.001745329238474369,-0.015707962214946747
1789383468452.56,0.031415924429893494,0.008726646192371845,-0.03316125646233559
1789383468457.5637,0.05235987901687622,0.019198622554540634,-0.04188790172338486
1789383468462.5664,0.0593411922454834,0.015707962214946747,-0.04712389037013054
1789383468467.5703,0.05585053563117981,0.01745329238474369,-0.04363323003053665
1789383468472.573,0.05061454698443413,0.006981316953897476,-0.031415924429893494
1789383468477.5767,0.031415924429893494,0.001745329238474369,-0.01745329238474369
1789383468482.5803,0.015707962214946747,0.0,0.001745329238474369
1789383468487.583,-0.015707962214946747,-0.005235987715423107,0.015707962214946747
1789383468492.5867,-0.04014257341623306,-0.012217304669320583,0.02617993950843811
1789383468497.5894,-0.057595863938331604,-0.01745329238474369,0.0296705961227417
1789383468502.593,-0.06981316953897476,-0.01745329238474369,0.027925267815589905
1789383468507.5967,-0.07330382615327835,-0.013962633907794952,0.024434609338641167
1789383468512.5996,-0.06457718461751938,-0.006981316953897476,0.012217304669320583
1789383468517.6033,-0.04886921867728233,-0.003490658476948738,0.001745329238474369
1789383468522.606,-0.03316125646233559,0.001745329238474369,-0.006981316953897476
1789383468527.6096,-0.008726646192371845,0.005235987715423107,-0.013962633907794952
1789383468532.6133,0.001745329238474369,0.003490658476948738,-0.019198622554540634
1789383468537.616,0.01745329238474369,0.008726646192371845,-0.01745329238474369
1789383468542.6196,0.015707962214946747,0.006981316953897476,-0.015707962214946747
1789383468547.6223,0.012217304669320583,0.005235987715423107,-0.010471975430846214
1789383468552.626,0.0,-0.001745329238474369,-0.005235987715423107
1789383468557.6287,-0.012217304669320583,-0.008726646192371845,0.005235987715423107
1789383468562.6326,-0.022689279168844223,-0.010471975430846214,0.012217304669320583
1789383468567.6362,-0.024434609338641167,-0.010471975430846214,0.01745329238474369
1789383468572.639,-0.027925267815589905,-0.003490658476948738,0.019198622554540634
1789383468577.6426,-0.01745329238474369,-0.010471975430846214,0.005235987715423107
1789383468582.6462,0.001745329238474369,-0.005235987715423107,0.001745329238474369
1789383468587.649,0.01745329238474369,-0.003490658476948738,-0.008726646192371845
1789383468592.6526,0.03316125646233559,0.003490658476948738,-0.010471975430846214
1789383468597.6553,0.045378558337688446,0.005235987715423107,-0.01745329238474369
1789383468602.659,0.05061454698443413,0.006981316953897476,-0.022689279168844223
1789383468607.6619,0.054105207324028015,0.006981316953897476,-0.027925267815589905
1789383468612.6655,0.03839724510908127,0.0,-0.027925267815589905
1789383468617.6682,0.03316125646233559,0.003490658476948738,-0.01745329238474369
1789383468622.6719,0.019198622554540634,0.003490658476948738,-0.012217304669320583
1789383468627.6755,0.0,0.0,0.0
1789383468632.6782,-0.015707962214946747,-0.003490658476948738,0.005235987715423107
1789383468637.682,-0.0296705961227417,-0.008726646192371845,0.010471975430846214
1789383468642.6846,-0.045378558337688446,-0.006981316953897476,0.012217304669320583
1789383468647.6882,-0.054105207324028015,-0.013962633907794952,0.01745329238474369
1789383468652.6921,-0.054105207324028015,-0.008726646192371845,0.01745329238474369
1789383468657.6948,-0.04886921867728233,-0.006981316953897476,0.013962633907794952
1789383468662.6985,-0.036651913076639175,-0.006981316953897476,0.005235987715423107
1789383468667.7021,-0.0296705961227417,-0.008726646192371845,0.0
1789383468672.7048,-0.005235987715423107,0.0,-0.005235987715423107
1789383468677.7085,0.010471975430846214,0.006981316953897476,-0.008726646192371845
1789383468682.7112,0.02617993950843811,0.005235987715423107,-0.006981316953897476
1789383468687.7148,0.03490658476948738,0.0,-0.012217304669320583
1789383468692.7175,0.036651913076639175,0.0,-0.010471975430846214
1789383468697.7212,0.03490658476948738,0.0,-0.003490658476948738
1789383468702.725,0.031415924429893494,-0.001745329238474369,-0.001745329238474369
1789383468707.7278,0.01745329238474369,0.0,0.003490658476948738
1789383468712.7314,0.008726646192371845,-0.005235987715423107,0.005235987715423107
1789383468717.7341,-0.003490658476948738,-0.005235987715423107,0.006981316953897476
1789383468722.7378,-0.013962633907794952,-0.005235987715423107,0.005235987715423107
1789383468727.7405,-0.01745329238474369,-0.010471975430846214,0.006981316953897476
1789383468732.7441,-0.02094395086169243,-0.001745329238474369,0.012217304669320583
1789383468737.7478,-0.012217304669320583,-0.001745329238474369,0.010471975430846214
1789383468742.7505,-0.005235987715423107,-0.005235987715423107,0.008726646192371845
1789383468747.7542,0.003490658476948738,-0.001745329238474369,0.001745329238474369
1789383468752.758,0.013962633907794952,0.003490658476948738,0.005235987715423107
1789383468757.7607,0.008726646192371845,0.0,-0.001745329238474369
1789383468762.7644,0.001745329238474369,-0.003490658476948738,-0.001745329238474369
1789383468767.767,-0.005235987715423107,0.003490658476948738,-0.001745329238474369
1789383468772.7708,-0.022689279168844223,0.0,-0.008726646192371845
1789383468777.7734,-0.036651913076639175,-0.005235987715423107,-0.005235987715423107
1789383468782.777,-0.04014257341623306,-0.003490658476948738,-0.006981316953897476
1789383468787.7808,-0.04014257341623306,-0.003490658476948738,0.0
1789383468792.7834,-0.02617993950843811,-0.010471975430846214,0.0
1789383468797.787,-0.008726646192371845,-0.006981316953897476,0.005235987715423107
1789383468802.791,0.005235987715423107,-0.006981316953897476,0.006981316953897476
1789383468807.7937,0.013962633907794952,-0.008726646192371845,0.005235987715423107
1789383468812.7974,0.031415924429893494,-0.001745329238474369,0.003490658476948738
1789383468817.8,0.03839724510908127,0.001745329238474369,-0.003490658476948738
1789383468822.8037,0.03839724510908127,0.001745329238474369,-0.010471975430846214
1789383468827.8064,0.04014257341623306,0.0,-0.010471975430846214
1789383468832.81,0.027925267815589905,0.0,-0.01745329238474369
1789383468837.8137,0.01745329238474369,0.0,-0.019198622554540634
1789383468842.8164,0.0,0.0,-0.012217304669320583
1789383468847.82,-0.012217304669320583,0.0,-0.006981316953897476
1789383468852.8228,-0.019198622554540634,-0.005235987715423107,-0.005235987715423107
1789383468857.8267,-0.02617993950843811,-0.008726646192371845,0.006981316953897476
1789383468862.8303,-0.024434609338641167,-0.010471975430846214,0.012217304669320583
1789383468867.833,-0.015707962214946747,-0.010471975430846214,0.013962633907794952
1789383468872.8367,-0.006981316953897476,-0.010471975430846214,0.012217304669320583
1789383468877.8394,-0.0,-0.006981316953897476,0.010471975430846214
1789383468882.843,0.013962633907794952,-0.008726646192371845,0.012217304669320583
1789383468887.8467,0.015707962214946747,-0.003490658476948738,-0.0
1789383468892.8494,0.02094395086169243,0.0,-0.006981316953897476
1789383468897.853,0.024434609338641167,0.0,-0.015707962214946747
1789383468902.8557,0.019198622554540634,0.001745329238474369,-0.01745329238474369
1789383468907.8594,0.02094395086169243,0.001745329238474369,-0.015707962214946747
1789383468912.8633,0.012217304669320583,0.005235987715423107,-0.008726646192371845
1789383468917.866,0.003490658476948738,0.001745329238474369,-0.003490658476948738
1789383468922.8696,-0.005235987715423107,-0.001745329238474369,0.005235987715423107
1789383468927.8723,-0.012217304669320583,-0.005235987715423107,0.008726646192371845
1789383468932.876,-0.022689279168844223,-0.008726646192371845,0.010471975430846214
1789383468937.8787,-0.031415924429893494,-0.010471975430846214,0.01745329238474369
1789383468942.8823,-0.036651913076639175,-0.006981316953897476,0.01745329238474369
1789383468947.886,-0.03490658476948738,-0.006981316953897476,0.015707962214946747
1789383468952.8887,-0.03490658476948738,-0.005235987715423107,0.010471975430846214
1789383468957.8923,-0.022689279168844223,-0.003490658476948738,0.0
1789383468962.895,-0.003490658476948738,-0.005235987715423107,-0.005235987715423107
1789383468967.899,0.02094395086169243,0.0,-0.008726646192371845
1789383468972.9026,0.03839724510908127,0.003490658476948738,-0.015707962214946747
1789383468977.9053,0.05585053563117981,0.012217304669320583,-0.01745329238474369
1789383468982.909,0.054105207324028015,0.012217304669320583,-0.02094395086169243
1789383468987.9116,0.04363323003053665,0.005235987715423107,-0.01745329238474369
1789383468992.9153,0.01745329238474369,0.0,-0.019198622554540634
1789383468997.919,-0.006981316953897476,0.0,-0.008726646192371845
1789383469002.9216,-0.03316125646233559,-0.008726646192371845,0.0
1789383469007.9253,-0.045378558337688446,-0.012217304669320583,0.008726646192371845
1789383469012.928,-0.04886921867728233,-0.012217304669320583,0.013962633907794952
1789383469017.9316,-0.036651913076639175,-0.015707962214946747,0.024434609338641167
1789383469022.9346,-0.01745329238474369,-0.013962633907794952,0.019198622554540634
1789383469027.9382,0.010471975430846214,-0.012217304669320583,0.024434609338641167
1789383469032.942,0.027925267815589905,-0.003490658476948738,0.012217304669320583
1789383469037.9446,0.045378558337688446,-0.001745329238474369,0.001745329238474369
1789383469042.9482,0.04886921867728233,0.005235987715423107,-0.013962633907794952
1789383469047.951,0.04886921867728233,0.008726646192371845,-0.02094395086169243
1789383469052.9546,0.031415924429893494,0.008726646192371845,-0.0296705961227417
1789383469057.9573,0.01745329238474369,0.012217304669320583,-0.03316125646233559
1789383469062.961,-0.010471975430846214,0.003490658476948738,-0.0296705961227417
1789383469067.9646,-0.031415924429893494,0.0,-0.02094395086169243
1789383469072.9673,-0.04886921867728233,-0.003490658476948738,-0.003490658476948738
1789383469077.9712,-0.05061454698443413,-0.010471975430846214,0.012217304669320583
1789383469082.9749,-0.05061454698443413,-0.015707962214946747,0.027925267815589905
1789383469087.9775,-0.045378558337688446,-0.013962633907794952,0.03839724510908127
1789383469092.9812,-0.031415924429893494,-0.01745329238474369,0.04014257341623306
1789383469097.984,-0.013962633907794952,-0.010471975430846214,0.031415924429893494
1789383469102.9875,-0.003490658476948738,-0.005235987715423107,0.022689279168844223
1789383469107.9912,0.006981316953897476,-0.001745329238474369,0.005235987715423107
1789383469112.994,0.005235987715423107,0.003490658476948738,-0.012217304669320583
1789383469117.9976,0.012217304669320583,0.005235987715423107,-0.031415924429893494
1789383469123.0005,0.006981316953897476,0.005235987715423107,-0.045378558337688446
1789383469128.0042,0.003490658476948738,0.010471975430846214,-0.045378558337688446
1789383469133.0068,0.001745329238474369,0.005235987715423107,-0.036651913076639175
1789383469138.0105,-0.001745329238474369,0.006981316953897476,-0.022689279168844223
1789383469143.0142,-0.001745329238474369,0.0,-0.006981316953897476
1789383469148.017,-0.003490658476948738,-0.003490658476948738,0.0
1789383469153.0208,-0.010471975430846214,-0.012217304669320583,0.015707962214946747
1789383469158.0234,-0.003490658476948738,-0.01745329238474369,0.022689279168844223
1789383469163.027,-0.008726646192371845,-0.015707962214946747,0.02617993950843811
1789383469168.0308,-0.003490658476948738,-0.005235987715423107,0.02094395086169243
1789383469173.0334,-0.006981316953897476,-0.003490658476948738,0.012217304669320583
1789383469178.0374,-0.008726646192371845,0.0,0.0
1789383469183.041,0.0,-0.001745329238474369,-0.015707962214946747
1789383469188.0437,0.005235987715423107,0.0,-0.02617993950843811
1789383469193.0474,0.015707962214946747,0.005235987715423107,-0.027925267815589905
1789383469198.05,0.0296705961227417,0.013962633907794952,-0.022689279168844223
1789383469203.054,0.03490658476948738,0.006981316953897476,-0.012217304669320583
1789383469208.0566,0.03839724510908127,0.001745329238474369,-0.005235987715423107
1789383469213.0603,0.036651913076639175,-0.003490658476948738,0.001745329238474369
1789383469218.064,0.027925267815589905,-0.003490658476948738,0.013962633907794952
1789383469223.0667,0.019198622554540634,-0.005235987715423107,0.019198622554540634
1789383469228.0706,0.010471975430846214,-0.008726646192371845,0.024434609338641167
1789383469233.0732,-0.001745329238474369,-0.001745329238474369,0.019198622554540634
1789383469238.077,-0.019198622554540634,-0.005235987715423107,0.010471975430846214
1789383469243.0796,-0.024434609338641167,-0.005235987715423107,0.001745329238474369
1789383469248.0833,-0.02617993950843811,-0.005235987715423107,-0.005235987715423107
1789383469253.0872,-0.02094395086169243,0.0,-0.010471975430846214
1789383469258.0898,-0.013962633907794952,0.003490658476948738,-0.008726646192371845
1789383469263.0935,-0.001745329238474369,0.0,-0.015707962214946747
1789383469268.0972,0.012217304669320583,0.0,-0.010471975430846214
1789383469273.0999,0.019198622554540634,0.0,-0.008726646192371845
1789383469278.1035,0.024434609338641167,0.0,-0.003490658476948738
1789383469283.1064,0.022689279168844223,-0.003490658476948738,0.003490658476948738
1789383469288.11,0.01745329238474369,0.0,0.0
1789383469293.1138,0.005235987715423107,-0.003490658476948738,0.001745329238474369
1789383469298.1165,-0.008726646192371845,-0.003490658476948738,-0.001745329238474369
1789383469303.1191,-0.013962633907794952,-0.005235987715423107,-0.003490658476948738
1789383469308.123,-0.02094395086169243,-0.003490658476948738,-0.006981316953897476
1789383469313.1267,-0.02094395086169243,-0.001745329238474369,-0.010471975430846214
1789383469318.1294,-0.015707962214946747,-0.006981316953897476,-0.005235987715423107
1789383469323.133,-0.003490658476948738,0.0,-0.008726646192371845
1789383469328.1367,0.005235987715423107,0.0,-0.012217304669320583
1789383469333.1394,0.022689279168844223,0.003490658476948738,-0.003490658476948738
1789383469338.1433,0.022689279168844223,0.005235987715423107,-0.003490658476948738
1789383469343.146,0.02617993950843811,0.0,-0.001745329238474369
1789383469348.1497,0.02094395086169243,-0.005235987715423107,-0.0
1789383469353.1533,0.012217304669320583,-0.005235987715423107,-0.003490658476948738
1789383469358.156,-0.005235987715423107,-0.006981316953897476,-0.003490658476948738
1789383469363.16,-0.019198622554540634,-0.001745329238474369,0.0
1789383469368.1626,-0.03316125646233559,-0.001745329238474369,-0.003490658476948738
1789383469373.1663,-0.04014257341623306,0.001745329238474369,0.001745329238474369
1789383469378.169,-0.045378558337688446,-0.003490658476948738,0.0
1789383469383.1726,-0.04363323003053665,-0.005235987715423107,0.001745329238474369
1789383469388.1765,-0.04014257341623306,-0.005235987715423107,0.010471975430846214
1789383469393.1792,-0.0296705961227417,-0.008726646192371845,0.012217304669320583
1789383469398.1829,-0.015707962214946747,-0.006981316953897476,0.015707962214946747
1789383469403.1865,0.003490658476948738,-0.001745329238474369,0.019198622554540634
1789383469408.1892,0.012217304669320583,0.0,0.012217304669320583
1789383469413.1929,0.02094395086169243,-0.003490658476948738,0.003490658476948738
1789383469418.1958,0.02617993950843811,-0.001745329238474369,-0.005235987715423107
1789383469423.1995,0.024434609338641167,0.0,-0.012217304669320583
1789383469428.2021,0.01745329238474369,0.005235987715423107,-0.013962633907794952
1789383469433.2058,0.005235987715423107,0.006981316953897476,-0.01745329238474369
1789383469438.2095,-0.005235987715423107,0.006981316953897476,-0.022689279168844223
1789383469443.2124,-0.010471975430846214,-0.003490658476948738,-0.01745329238474369
1789383469448.216,-0.010471975430846214,-0.008726646192371845,-0.010471975430846214
1789383469453.2197,-0.006981316953897476,-0.006981316953897476,0.003490658476948738
1789383469458.2224,-0.0,-0.001745329238474369,0.019198622554540634
1789383469463.226,0.005235987715423107,-0.006981316953897476,0.019198622554540634
1789383469468.2288,0.012217304669320583,-0.005235987715423107,0.024434609338641167
1789383469473.2327,0.012217304669320583,-0.012217304669320583,0.013962633907794952
1789383469478.2354,0.008726646192371845,-0.013962633907794952,0.012217304669320583
1789383469483.239,0.012217304669320583,-0.001745329238474369,0.005235987715423107
1789383469488.2417,0.003490658476948738,0.0,-0.003490658476948738
1789383469493.2454,0.0,0.001745329238474369,-0.008726646192371845
1789383469498.2493,-0.006981316953897476,0.0,-0.019198622554540634
1789383469503.252,-0.012217304669320583,0.0,-0.02094395086169243
1789383469508.2556,-0.013962633907794952,-0.003490658476948738,-0.01745329238474369
1789383469513.2593,-0.008726646192371845,-0.003490658476948738,-0.003490658476948738
1789383469518.262,-0.001745329238474369,-0.001745329238474369,0.003490658476948738
1789383469523.2659,0.003490658476948738,-0.005235987715423107,0.003490658476948738
1789383469528.2686,0.010471975430846214,-0.010471975430846214,0.008726646192371845
1789383469533.2722,0.019198622554540634,-0.012217304669320583,0.006981316953897476
1789383469538.275,0.02094395086169243,-0.010471975430846214,-0.0
1789383469543.2786,0.024434609338641167,0.0,-0.005235987715423107
1789383469548.2822,0.019198622554540634,0.0,-0.010471975430846214
1789383469553.2852,0.019198622554540634,0.006981316953897476,-0.02617993950843811
1789383469558.2888,0.012217304669320583,0.0,-0.03316125646233559
1789383469563.2915,0.015707962214946747,0.003490658476948738,-0.03490658476948738
1789383469568.2952,0.010471975430846214,0.008726646192371845,-0.02617993950843811
1789383469573.2988,0.008726646192371845,0.003490658476948738,-0.015707962214946747
1789383469578.3018,0.006981316953897476,0.003490658476948738,-0.005235987715423107
1789383469583.3054,0.005235987715423107,0.0,0.006981316953897476
1789383469588.308,-0.003490658476948738,-0.008726646192371845,0.015707962214946747
1789383469593.3118,-0.006981316953897476,-0.008726646192371845,0.024434609338641167
1789383469598.3154,-0.015707962214946747,-0.006981316953897476,0.0296705961227417
1789383469603.318,-0.019198622554540634,-0.008726646192371845,0.024434609338641167
1789383469608.322,-0.01745329238474369,-0.006981316953897476,0.02094395086169243
1789383469613.3247,-0.019198622554540634,-0.006981316953897476,0.008726646192371845
1789383469618.3284,-0.02094395086169243,0.001745329238474369,0.0
1789383469623.331,-0.01745329238474369,0.0,-0.012217304669320583
1789383469628.3347,-0.022689279168844223,0.0,-0.019198622554540634
1789383469633.3386,-0.01745329238474369,0.0,-0.024434609338641167
1789383469638.3413,-0.010471975430846214,0.0,-0.019198622554540634
1789383469643.345,-0.001745329238474369,-0.005235987715423107,-0.013962633907794952
1789383469648.3486,0.012217304669320583,0.0,-0.013962633907794952
1789383469653.3513,0.024434609338641167,-0.003490658476948738,-0.0
1789383469658.3552,0.027925267815589905,0.0,0.003490658476948738
1789383469663.358,0.024434609338641167,-0.005235987715423107,0.001745329238474369
1789383469668.3616,0.01745329238474369,-0.001745329238474369,0.005235987715423107
1789383469673.3643,0.005235987715423107,-0.006981316953897476,-0.003490658476948738
1789383469678.368,-0.006981316953897476,-0.008726646192371845,-0.005235987715423107
1789383469683.3718,-0.02094395086169243,-0.003490658476948738,-0.006981316953897476
1789383469688.3745,-0.027925267815589905,-0.001745329238474369,-0.008726646192371845
1789383469693.3782,-0.02617993950843811,0.0,-0.006981316953897476
1789383469698.3809,-0.02094395086169243,-0.003490658476948738,-0.006981316953897476
1789383469703.3845,-0.010471975430846214,0.0,-0.001745329238474369
1789383469708.3882,-0.0,-0.001745329238474369,0.001745329238474369
1789383469713.391,0.008726646192371845,-0.003490658476948738,0.005235987715423107
1789383469718.3948,0.022689279168844223,-0.001745329238474369,0.012217304669320583
1789383469723.3975,0.02617993950843811,-0.003490658476948738,0.006981316953897476
1789383469728.4011,0.02617993950843811,0.0,0.005235987715423107
1789383469733.4048,0.02617993950843811,0.0,0.001745329238474369
1789383469738.4075,0.019198622554540634,0.001745329238474369,0.0
1789383469743.4114,0.006981316953897476,-0.005235987715423107,-0.005235987715423107
1789383469748.414,-0.001745329238474369,0.005235987715423107,-0.003490658476948738
1789383469753.4177,-0.02094395086169243,0.005235987715423107,-0.006981316953897476
1789383469758.4204,-0.019198622554540634,-0.005235987715423107,-0.008726646192371845
1789383469763.424,-0.024434609338641167,-0.005235987715423107,-0.003490658476948738
1789383469768.428,-0.027925267815589905,-0.008726646192371845,-0.001745329238474369
1789383469773.4307,-0.019198622554540634,-0.005235987715423107,0.005235987715423107
1789383469778.4343,-0.019198622554540634,0.0,0.006981316953897476
1789383469783.437,-0.010471975430846214,-0.006981316953897476,0.015707962214946747
1789383469788.4407,-0.003490658476948738,-0.003490658476948738,0.012217304669320583
1789383469793.4446,-0.001745329238474369,-0.010471975430846214,0.003490658476948738
1789383469798.4473,0.010471975430846214,0.0,0.001745329238474369
1789383469803.451,0.006981316953897476,0.0,-0.005235987715423107
1789383469808.4536,0.006981316953897476,0.003490658476948738,-0.006981316953897476
1789383469813.4573,0.006981316953897476,0.0,-0.008726646192371845
1789383469818.4612,0.005235987715423107,0.005235987715423107,-0.008726646192371845
1789383469823.4639,0.003490658476948738,0.0,-0.012217304669320583
1789383469828.4675,0.005235987715423107,-0.001745329238474369,-0.003490658476948738
1789383469833.4702,0.010471975430846214,0.0,0.0
1789383469838.4739,0.019198622554540634,0.001745329238474369,0.005235987715423107
1789383469843.4775,0.0296705961227417,-0.003490658476948738,0.012217304669320583
1789383469848.4805,0.027925267815589905,-0.005235987715423107,0.010471975430846214
1789383469853.4841,0.031415924429893494,-0.003490658476948738,0.012217304669320583
1789383469858.4868,0.02617993950843811,-0.003490658476948738,0.005235987715423107
1789383469863.4905,0.022689279168844223,-0.001745329238474369,0.005235987715423107
1789383469868.4932,0.006981316953897476,-0.003490658476948738,-0.005235987715423107
1789383469873.4968,0.003490658476948738,0.0,-0.008726646192371845
1789383469878.5007,-0.005235987715423107,-0.001745329238474369,-0.015707962214946747
1789383469883.5034,-0.006981316953897476,0.0,-0.012217304669320583
1789383469888.507,-0.006981316953897476,0.005235987715423107,-0.012217304669320583
1789383469893.5098,-0.012217304669320583,0.0,-0.006981316953897476
1789383469898.5134,-0.010471975430846214,-0.003490658476948738,-0.001745329238474369
1789383469903.5173,-0.010471975430846214,-0.003490658476948738,0.0
1789383469908.52,-0.005235987715423107,-0.006981316953897476,0.005235987715423107
1789383469913.5237,-0.001745329238474369,-0.005235987715423107,0.013962633907794952
1789383469918.5264,-0.0,-0.003490658476948738,0.008726646192371845
1789383469923.53,0.0,0.001745329238474369,0.003490658476948738
1789383469928.5327,0.001745329238474369,-0.005235987715423107,-0.0
1789383469933.5366,0.001745329238474369,-0.003490658476948738,-0.003490658476948738
1789383469938.5403,0.010471975430846214,-0.001745329238474369,-0.008726646192371845
1789383469943.543,0.008726646192371845,0.003490658476948738,-0.010471975430846214
1789383469948.5466,0.010471975430846214,0.005235987715423107,-0.008726646192371845
1789383469953.5493,0.010471975430846214,0.001745329238474369,-0.005235987715423107
1789383469958.5532,0.005235987715423107,-0.001745329238474369,-0.005235987715423107
1789383469963.557,0.003490658476948738,-0.003490658476948738,-0.003490658476948738
1789383469968.5596,0.0,-0.003490658476948738,0.0
1789383469973.5632,-0.005235987715423107,-0.005235987715423107,0.008726646192371845
1789383469978.566,-0.008726646192371845,-0.006981316953897476,0.006981316953897476
1789383469983.5698,-0.012217304669320583,-0.005235987715423107,0.005235987715423107
1789383469988.5735,-0.015707962214946747,-0.005235987715423107,0.006981316953897476
1789383469993.5762,-0.010471975430846214,-0.003490658476948738,0.006981316953897476
1789383469998.5798,-0.005235987715423107,-0.006981316953897476,0.005235987715423107
1789383470003.5825,-0.003490658476948738,-0.005235987715423107,0.003490658476948738
1789383470008.5862,0.003490658476948738,-0.001745329238474369,-0.0
1789383470013.59,0.012217304669320583,-0.003490658476948738,-0.003490658476948738
1789383470018.5928,0.015707962214946747,0.0,-0.003490658476948738
1789383470023.5964,0.019198622554540634,0.005235987715423107,-0.005235987715423107
1789383470028.599,0.012217304669320583,0.003490658476948738,-0.005235987715423107
1789383470033.6028,0.010471975430846214,0.0,0.0
1789383470038.6067,0.0,0.0,0.003490658476948738
1789383470043.6094,-0.013962633907794952,-0.001745329238474369,0.005235987715423107
1789383470048.613,-0.019198622554540634,-0.008726646192371845,0.006981316953897476
1789383470053.6157,-0.02617993950843811,-0.008726646192371845,0.006981316953897476
1789383470058.6194,-0.022689279168844223,-0.008726646192371845,0.010471975430846214
1789383470063.6233,-0.019198622554540634,-0.005235987715423107,0.006981316953897476
1789383470068.626,-0.013962633907794952,-0.006981316953897476,0.006981316953897476
1789383470073.6296,-0.008726646192371845,0.0,0.005235987715423107
1789383470078.6323,0.001745329238474369,-0.008726646192371845,-0.001745329238474369
1789383470083.636,0.006981316953897476,0.0,-0.001745329238474369
1789383470088.6387,0.010471975430846214,0.001745329238474369,-0.010471975430846214
1789383470093.6426,0.01745329238474369,-0.001745329238474369,-0.013962633907794952
1789383470098.6462,0.01745329238474369,0.0,-0.012217304669320583
1789383470103.649,0.022689279168844223,0.0,-0.006981316953897476
1789383470108.6526,0.02617993950843811,0.0,-0.008726646192371845
1789383470113.6553,0.02094395086169243,0.001745329238474369,-0.005235987715423107
1789383470118.659,0.01745329238474369,0.001745329238474369,-0.006981316953897476
1789383470123.6628,0.012217304669320583,-0.005235987715423107,-0.0
1789383470128.6655,0.008726646192371845,-0.003490658476948738,-0.001745329238474369
1789383470133.6692,0.0,-0.005235987715423107,0.0
1789383470138.6719,-0.008726646192371845,0.0,-0.001745329238474369
1789383470143.6755,-0.013962633907794952,-0.001745329238474369,0.001745329238474369
1789383470148.6792,-0.02094395086169243,-0.001745329238474369,0.0
1789383470153.682,-0.024434609338641167,-0.005235987715423107,0.0
1789383470158.6858,-0.02094395086169243,-0.006981316953897476,-0.001745329238474369
1789383470163.6885,-0.02094395086169243,-0.001745329238474369,-0.003490658476948738
1789383470168.6921,-0.019198622554540634,-0.003490658476948738,-0.001745329238474369
1789383470173.6948,-0.015707962214946747,-0.003490658476948738,0.0
1789383470178.6985,-0.008726646192371845,-0.003490658476948738,0.0
1789383470183.7021,-0.005235987715423107,-0.001745329238474369,-0.001745329238474369
1789383470188.7048,0.005235987715423107,-0.008726646192371845,-0.003490658476948738
1789383470193.7087,0.012217304669320583,0.0,-0.005235987715423107
1789383470198.7114,0.024434609338641167,0.0,-0.006981316953897476
1789383470203.715,0.027925267815589905,0.001745329238474369,-0.005235987715423107
1789383470208.7188,0.03316125646233559,0.001745329238474369,-0.010471975430846214
1789383470213.7214,0.024434609338641167,0.0,-0.005235987715423107
1789383470218.725,0.02094395086169243,0.006981316953897476,-0.012217304669320583
1789383470223.7278,0.010471975430846214,-0.001745329238474369,-0.005235987715423107
1789383470228.7317,0.0,-0.001745329238474369,-0.005235987715423107
1789383470233.7354,-0.006981316953897476,-0.003490658476948738,0.0
1789383470238.738,-0.015707962214946747,-0.003490658476948738,0.005235987715423107
1789383470243.7417,-0.027925267815589905,-0.005235987715423107,0.008726646192371845
1789383470248.7454,-0.031415924429893494,-0.010471975430846214,0.008726646192371845
1789383470253.748,-0.031415924429893494,-0.010471975430846214,0.010471975430846214
1789383470258.7517,-0.0296705961227417,-0.010471975430846214,0.010471975430846214
1789383470263.7544,-0.02617993950843811,-0.008726646192371845,0.008726646192371845
1789383470268.7583,-0.008726646192371845,-0.001745329238474369,0.005235987715423107
1789383470273.761,0.0,0.0,0.0
1789383470278.7646,0.013962633907794952,0.003490658476948738,-0.003490658476948738
1789383470283.7683,0.02617993950843811,0.0,-0.012217304669320583
1789383470288.771,0.03839724510908127,0.0,-0.01745329238474369
1789383470293.7747,0.04363323003053665,0.0,-0.013962633907794952
1789383470298.7773,0.04363323003053665,0.010471975430846214,-0.01745329238474369
1789383470303.7812,0.036651913076639175,0.012217304669320583,-0.013962633907794952
1789383470308.784,0.027925267815589905,0.0,-0.010471975430846214
1789383470313.7876,0.001745329238474369,-0.005235987715423107,-0.008726646192371845
1789383470318.7913,-0.010471975430846214,-0.008726646192371845,-0.005235987715423107
1789383470323.794,-0.027925267815589905,-0.005235987715423107,0.003490658476948738
1789383470328.7976,-0.045378558337688446,-0.010471975430846214,0.012217304669320583
1789383470333.8013,-0.04712389037013054,-0.012217304669320583,0.019198622554540634
1789383470338.8042,-0.045378558337688446,-0.013962633907794952,0.019198622554540634
1789383470343.8079,-0.036651913076639175,-0.01745329238474369,0.01745329238474369
1789383470348.8105,-0.01745329238474369,-0.013962633907794952,0.008726646192371845
1789383470353.8142,0.006981316953897476,-0.008726646192371845,0.005235987715423107
1789383470358.8179,0.02094395086169243,0.0,-0.010471975430846214
1789383470363.8206,0.04363323003053665,0.006981316953897476,-0.019198622554540634
1789383470368.8242,0.05235987901687622,0.006981316953897476,-0.0296705961227417
1789383470373.8271,0.05585053563117981,0.008726646192371845,-0.03839724510908127
1789383470378.8308,0.045378558337688446,0.005235987715423107,-0.04188790172338486
1789383470383.8335,0.0296705961227417,0.006981316953897476,-0.03839724510908127
1789383470388.8372,0.019198622554540634,0.010471975430846214,-0.02617993950843811
1789383470393.8408,-0.006981316953897476,0.0,-0.012217304669320583
1789383470398.8435,-0.02617993950843811,-0.003490658476948738,-0.003490658476948738
1789383470403.8472,-0.03316125646233559,-0.005235987715423107,0.008726646192371845
1789383470408.8499,-0.04188790172338486,-0.019198622554540634,0.02094395086169243
1789383470413.8538,-0.04014257341623306,-0.01745329238474369,0.02617993950843811
1789383470418.8574,-0.031415924429893494,-0.01745329238474369,0.027925267815589905
1789383470423.86,-0.02617993950843811,-0.008726646192371845,0.022689279168844223
1789383470428.8638,-0.01745329238474369,-0.008726646192371845,0.013962633907794952
1789383470433.8665,-0.010471975430846214,0.001745329238474369,-0.001745329238474369
1789383470438.87,-0.005235987715423107,0.0,-0.012217304669320583
1789383470443.8738,0.003490658476948738,0.0,-0.02617993950843811
1789383470448.8767,0.008726646192371845,0.006981316953897476,-0.027925267815589905
1789383470453.8804,0.019198622554540634,0.003490658476948738,-0.0296705961227417
1789383470458.883,0.024434609338641167,0.005235987715423107,-0.024434609338641167
1789383470463.8867,0.0296705961227417,0.005235987715423107,-0.015707962214946747
1789383470468.8904,0.031415924429893494,0.0,-0.003490658476948738
1789383470473.893,0.027925267815589905,-0.003490658476948738,-0.001745329238474369
1789383470478.8967,0.03316125646233559,-0.003490658476948738,0.006981316953897476
1789383470483.8997,0.024434609338641167,-0.003490658476948738,0.012217304669320583
1789383470488.9033,0.024434609338641167,-0.005235987715423107,0.010471975430846214
1789383470493.907,0.015707962214946747,-0.003490658476948738,0.005235987715423107
1789383470498.9097,0.001745329238474369,0.0,0.003490658476948738
1789383470503.9133,-0.001745329238474369,-0.001745329238474369,-0.001745329238474369
1789383470508.916,-0.012217304669320583,0.0,-0.005235987715423107
1789383470513.9197,-0.015707962214946747,-0.001745329238474369,-0.006981316953897476
1789383470518.9224,-0.010471975430846214,0.0,-0.001745329238474369
1789383470523.9263,-0.005235987715423107,-0.003490658476948738,0.0
1789383470528.929,-0.006981316953897476,-0.005235987715423107,0.0
1789383470533.9326,0.001745329238474369,-0.005235987715423107,0.006981316953897476
1789383470538.9363,0.0,0.0,0.012217304669320583
1789383470543.94,-0.001745329238474369,-0.005235987715423107,0.008726646192371845
1789383470548.9426,-0.003490658476948738,-0.005235987715423107,0.008726646192371845
1789383470553.9463,-0.003490658476948738,-0.001745329238474369,0.005235987715423107
1789383470558.9492,-0.010471975430846214,-0.005235987715423107,0.001745329238474369
1789383470563.953,-0.008726646192371845,0.0,0.001745329238474369
1789383470568.9556,-0.005235987715423107,0.0,-0.003490658476948738
1789383470573.9592,-0.005235987715423107,0.003490658476948738,-0.003490658476948738
1789383470578.962,-0.008726646192371845,0.0,-0.006981316953897476
1789383470583.9656,-0.005235987715423107,0.001745329238474369,-0.005235987715423107
1789383470588.9692,-0.005235987715423107,-0.001745329238474369,0.0
1789383470593.972,-0.0,-0.005235987715423107,0.001745329238474369
1789383470598.9758,0.001745329238474369,0.0,0.005235987715423107
1789383470603.9785,0.003490658476948738,-0.001745329238474369,0.006981316953897476
1789383470608.9822,-0.0,-0.006981316953897476,0.006981316953897476
1789383470613.9858,-0.001745329238474369,-0.001745329238474369,0.0
1789383470618.9885,-0.012217304669320583,-0.005235987715423107,0.0
1789383470623.9922,-0.006981316953897476,-0.006981316953897476,-0.003490658476948738
1789383470628.9949,-0.012217304669320583,-0.005235987715423107,-0.005235987715423107
1789383470633.9988,-0.012217304669320583,-0.001745329238474369,-0.015707962214946747
1789383470639.0024,-0.005235987715423107,-0.001745329238474369,-0.013962633907794952
1789383470644.0051,0.0,0.0,-0.012217304669320583
1789383470649.0088,0.005235987715423107,0.0,-0.008726646192371845
1789383470654.0115,0.005235987715423107,0.0,-0.010471975430846214
1789383470659.0151,0.003490658476948738,0.0,-0.006981316953897476
1789383470664.0188,0.005235987715423107,-0.005235987715423107,-0.005235987715423107
1789383470669.0217,0.0,-0.001745329238474369,-0.005235987715423107
1789383470674.0254,-0.006981316953897476,0.0,0.003490658476948738
1789383470679.028,-0.010471975430846214,0.0,0.008726646192371845
1789383470684.0317,-0.019198622554540634,0.0,0.005235987715423107
1789383470689.0354,-0.013962633907794952,-0.005235987715423107,0.006981316953897476
1789383470694.038,-0.012217304669320583,-0.010471975430846214,0.003490658476948738
1789383470699.0417,-0.001745329238474369,-0.003490658476948738,0.0
1789383470704.0444,0.005235987715423107,0.0,0.0
1789383470709.0483,0.01745329238474369,0.001745329238474369,0.0
1789383470714.052,0.024434609338641167,0.003490658476948738,-0.003490658476948738
1789383470719.0547,0.019198622554540634,0.001745329238474369,-0.012217304669320583
1789383470724.0583,0.012217304669320583,0.0,-0.013962633907794952
1789383470729.061,0.005235987715423107,-0.005235987715423107,-0.019198622554540634
1789383470734.0647,0.0,0.0,-0.012217304669320583
1789383470739.0674,0.0,0.0,-0.008726646192371845
1789383470744.0713,0.0,0.0,-0.005235987715423107
1789383470749.075,-0.005235987715423107,-0.001745329238474369,-0.003490658476948738
1789383470754.0776,-0.006981316953897476,-0.005235987715423107,-0.001745329238474369
1789383470759.0813,-0.001745329238474369,-0.005235987715423107,0.0
1789383470764.084,-0.005235987715423107,-0.010471975430846214,0.008726646192371845
1789383470769.0876,-0.006981316953897476,-0.003490658476948738,0.005235987715423107
1789383470774.0913,-0.005235987715423107,-0.003490658476948738,0.003490658476948738
1789383470779.094,0.0,-0.008726646192371845,0.0
1789383470784.098,0.003490658476948738,-0.006981316953897476,-0.005235987715423107
1789383470789.1006,0.010471975430846214,0.005235987715423107,-0.008726646192371845
1789383470794.1042,0.012217304669320583,0.005235987715423107,-0.012217304669320583
1789383470799.107,0.008726646192371845,0.005235987715423107,-0.013962633907794952
1789383470804.1106,0.0,0.003490658476948738,-0.013962633907794952
1789383470809.1143,-0.006981316953897476,0.0,-0.015707962214946747
1789383470814.117,-0.008726646192371845,-0.005235987715423107,-0.005235987715423107
1789383470819.1208,-0.01745329238474369,-0.006981316953897476,-0.003490658476948738
1789383470824.1245,-0.012217304669320583,-0.006981316953897476,0.006981316953897476
1789383470829.1272,-0.012217304669320583,-0.001745329238474369,0.010471975430846214
1789383470834.1309,-0.003490658476948738,-0.006981316953897476,0.012217304669320583
1789383470839.1335,-0.001745329238474369,-0.006981316953897476,0.012217304669320583
1789383470844.1372,-0.0,-0.006981316953897476,0.005235987715423107
1789383470849.1409,0.0,0.0,0.003490658476948738
1789383470854.1436,0.001745329238474369,-0.001745329238474369,-0.0
1789383470859.1475,0.0,0.0,-0.006981316953897476
1789383470864.1501,0.0,0.0,-0.015707962214946747
1789383470869.1538,0.005235987715423107,0.0,-0.010471975430846214
1789383470874.1565,0.0,0.005235987715423107,-0.01745329238474369
1789383470879.1602,0.001745329238474369,0.0,-0.010471975430846214
1789383470884.1638,0.0,-0.001745329238474369,-0.003490658476948738
1789383470889.1665,0.012217304669320583,-0.005235987715423107,-0.0
1789383470894.1704,0.008726646192371845,-0.005235987715423107,-0.0
1789383470899.174,0.019198622554540634,-0.001745329238474369,0.005235987715423107
1789383470904.1768,0.012217304669320583,-0.008726646192371845,0.003490658476948738
1789383470909.1804,0.006981316953897476,-0.001745329238474369,0.003490658476948738
1789383470914.183,0.005235987715423107,-0.003490658476948738,-0.003490658476948738
1789383470919.1868,-0.003490658476948738,-0.003490658476948738,-0.006981316953897476
1789383470924.1895,-0.003490658476948738,0.001745329238474369,-0.012217304669320583
1789383470929.193,-0.006981316953897476,0.001745329238474369,-0.015707962214946747
1789383470934.197,0.0,0.003490658476948738,-0.012217304669320583
1789383470939.1997,0.0,0.0,-0.008726646192371845
1789383470944.2034,0.003490658476948738,0.0,-0.008726646192371845
1789383470949.206,0.006981316953897476,0.0,0.005235987715423107
1789383470954.2097,0.005235987715423107,0.0,0.008726646192371845
1789383470959.2134,0.006981316953897476,-0.006981316953897476,0.012217304669320583
1789383470964.216,0.005235987715423107,-0.003490658476948738,0.015707962214946747
1789383470969.22,0.001745329238474369,-0.003490658476948738,0.015707962214946747
1789383470974.2227,-0.001745329238474369,-0.003490658476948738,0.012217304669320583
1789383470979.2263,-0.012217304669320583,-0.005235987715423107,0.012217304669320583
1789383470984.23,-0.012217304669320583,-0.001745329238474369,0.005235987715423107
1789383470989.2327,-0.01745329238474369,0.0,0.001745329238474369
1789383470994.2363,-0.015707962214946747,-0.001745329238474369,-0.001745329238474369
1789383470999.239,-0.010471975430846214,0.0,-0.005235987715423107
1789383471004.2427,-0.008726646192371845,-0.005235987715423107,-0.008726646192371845
1789383471009.2466,0.0,0.0,-0.010471975430846214
1789383471014.2493,0.001745329238474369,0.0,-0.008726646192371845
1789383471019.253,0.010471975430846214,0.0,-0.010471975430846214
1789383471024.2556,0.008726646192371845,-0.003490658476948738,-0.006981316953897476
1789383471029.2593,0.005235987715423107,0.0,-0.008726646192371845
1789383471034.262,0.001745329238474369,0.0,-0.008726646192371845
1789383471039.2656,-0.001745329238474369,-0.001745329238474369,-0.006981316953897476
1789383471044.2695,-0.010471975430846214,-0.001745329238474369,-0.006981316953897476
1789383471049.2722,-0.02094395086169243,0.0,-0.006981316953897476
1789383471054.276,-0.03316125646233559,-0.003490658476948738,-0.001745329238474369
1789383471059.2786,-0.03490658476948738,-0.005235987715423107,-0.001745329238474369
1789383471064.2822,-0.031415924429893494,-0.005235987715423107,-0.003490658476948738
1789383471069.286,-0.02617993950843811,-0.005235987715423107,0.0
1789383471074.2886,-0.008726646192371845,-0.006981316953897476,0.005235987715423107
1789383471079.2922,0.012217304669320583,-0.005235987715423107,0.008726646192371845
1789383471084.2952,0.027925267815589905,-0.001745329238474369,0.012217304669320583
1789383471089.2988,0.045378558337688446,0.0,0.008726646192371845
1789383471094.3025,0.04886921867728233,0.0,0.001745329238474369
1789383471099.3052,0.04363323003053665,0.003490658476948738,-0.005235987715423107
1789383471104.3088,0.03316125646233559,0.0,-0.003490658476948738
1789383471109.3115,0.013962633907794952,0.003490658476948738,-0.012217304669320583
1789383471114.3152,0.0,0.005235987715423107,-0.008726646192371845
1789383471119.3179,-0.012217304669320583,0.001745329238474369,-0.005235987715423107
1789383471124.3215,-0.02617993950843811,-0.003490658476948738,-0.003490658476948738
1789383471129.3252,-0.027925267815589905,-0.006981316953897476,0.0
1789383471134.328,-0.027925267815589905,-0.012217304669320583,0.006981316953897476
1789383471139.3318,-0.01745329238474369,-0.012217304669320583,0.013962633907794952
1789383471144.3354,-0.012217304669320583,-0.008726646192371845,0.013962633907794952
1789383471149.3381,0.006981316953897476,-0.003490658476948738,0.012217304669320583
1789383471154.3418,0.01745329238474369,-0.006981316953897476,0.003490658476948738
1789383471159.3445,0.027925267815589905,0.0,-0.005235987715423107
1789383471164.3481,0.02617993950843811,0.0,-0.01745329238474369
1789383471169.3508,0.022689279168844223,0.005235987715423107,-0.022689279168844223
1789383471174.3545,0.013962633907794952,0.005235987715423107,-0.027925267815589905
1789383471179.3572,-0.001745329238474369,0.003490658476948738,-0.027925267815589905
1789383471184.3608,-0.015707962214946747,0.0,-0.02617993950843811
1789383471189.3645,-0.024434609338641167,-0.003490658476948738,-0.013962633907794952
1789383471194.3672,-0.02617993950843811,-0.008726646192371845,-0.003490658476948738
1789383471199.3708,-0.013962633907794952,-0.006981316953897476,0.010471975430846214
1789383471204.3745,-0.003490658476948738,-0.012217304669320583,0.01745329238474369
1789383471209.3772,0.005235987715423107,-0.010471975430846214,0.02617993950843811
1789383471214.3809,0.010471975430846214,-0.010471975430846214,0.024434609338641167
1789383471219.3835,0.012217304669320583,-0.003490658476948738,0.015707962214946747
1789383471224.3872,0.013962633907794952,0.0,0.013962633907794952
1789383471229.3909,0.013962633907794952,-0.005235987715423107,0.003490658476948738
1789383471234.3936,0.006981316953897476,0.003490658476948738,-0.005235987715423107
1789383471239.3972,0.003490658476948738,0.005235987715423107,-0.012217304669320583
1789383471244.4,-0.003490658476948738,0.003490658476948738,-0.013962633907794952
1789383471249.4038,-0.02094395086169243,0.0,-0.015707962214946747
1789383471254.4065,-0.031415924429893494,0.0,-0.012217304669320583
1789383471259.4102,-0.03316125646233559,-0.003490658476948738,0.0
1789383471264.4138,-0.03839724510908127,-0.008726646192371845,0.005235987715423107
1789383471269.4165,-0.027925267815589905,-0.008726646192371845,0.015707962214946747
1789383471274.4202,-0.010471975430846214,-0.012217304669320583,0.01745329238474369
1789383471279.4229,0.001745329238474369,-0.006981316953897476,0.013962633907794952
1789383471284.4265,0.012217304669320583,-0.001745329238474369,0.006981316953897476
1789383471289.4302,0.015707962214946747,0.0,0.0
1789383471294.4329,0.024434609338641167,0.0,-0.013962633907794952
1789383471299.4365,0.01745329238474369,0.010471975430846214,-0.019198622554540634
1789383471304.4392,0.010471975430846214,0.003490658476948738,-0.027925267815589905
1789383471309.4429,0.001745329238474369,0.006981316953897476,-0.027925267815589905
1789383471314.4465,-0.003490658476948738,0.005235987715423107,-0.02094395086169243
1789383471319.4492,-0.01745329238474369,0.003490658476948738,-0.013962633907794952
1789383471324.453,-0.02094395086169243,-0.001745329238474369,0.003490658476948738
1789383471329.4556,-0.02617993950843811,-0.008726646192371845,0.012217304669320583
1789383471334.4592,-0.024434609338641167,-0.012217304669320583,0.022689279168844223
1789383471339.463,-0.015707962214946747,-0.012217304669320583,0.027925267815589905
1789383471344.4656,-0.003490658476948738,-0.013962633907794952,0.027925267815589905
1789383471349.4692,0.003490658476948738,-0.012217304669320583,0.02094395086169243
1789383471354.472,0.01745329238474369,-0.003490658476948738,0.008726646192371845
1789383471359.4758,0.02617993950843811,0.0,-0.001745329238474369
1789383471364.4785,0.03316125646233559,0.005235987715423107,-0.019198622554540634
1789383471369.4822,0.03316125646233559,0.010471975430846214,-0.02617993950843811
1789383471374.4858,0.031415924429893494,0.010471975430846214,-0.036651913076639175
1789383471379.4885,0.024434609338641167,0.006981316953897476,-0.036651913076639175
1789383471384.4922,0.015707962214946747,0.003490658476948738,-0.027925267815589905
1789383471389.4949,0.008726646192371845,0.0,-0.015707962214946747
1789383471394.4985,0.003490658476948738,-0.001745329238474369,0.001745329238474369
1789383471399.5022,-0.01745329238474369,-0.010471975430846214,0.010471975430846214
1789383471404.505,-0.024434609338641167,-0.012217304669320583,0.024434609338641167
1789383471409.5085,-0.031415924429893494,-0.012217304669320583,0.024434609338641167
1789383471414.5122,-0.03316125646233559,-0.015707962214946747,0.024434609338641167
1789383471419.515,-0.024434609338641167,-0.010471975430846214,0.01745329238474369
1789383471424.5186,-0.019198622554540634,-0.012217304669320583,0.006981316953897476
1789383471429.5212,-0.006981316953897476,-0.001745329238474369,-0.006981316953897476
1789383471434.525,0.006981316953897476,0.005235987715423107,-0.02094395086169243
1789383471439.5276,0.013962633907794952,0.005235987715423107,-0.027925267815589905
1789383471444.5312,0.019198622554540634,0.010471975430846214,-0.031415924429893494
1789383471449.535,0.019198622554540634,0.012217304669320583,-0.03316125646233559
1789383471454.5376,0.01745329238474369,0.006981316953897476,-0.02617993950843811
1789383471459.5413,0.01745329238474369,0.003490658476948738,-0.015707962214946747
1789383471464.544,0.006981316953897476,-0.003490658476948738,-0.008726646192371845
1789383471469.5476,0.003490658476948738,-0.006981316953897476,0.006981316953897476
1789383471474.5515,-0.0,-0.005235987715423107,0.01745329238474369
1789383471479.5542,-0.0,-0.010471975430846214,0.019198622554540634
1789383471484.5579,-0.005235987715423107,-0.012217304669320583,0.024434609338641167
1789383471489.5605,-0.006981316953897476,-0.013962633907794952,0.01745329238474369
1789383471494.5642,-0.003490658476948738,-0.005235987715423107,0.008726646192371845
1789383471499.567,0.0,-0.001745329238474369,0.0
1789383471504.5706,0.0,0.0,-0.003490658476948738
1789383471509.5742,0.003490658476948738,0.0,-0.012217304669320583
1789383471514.577,0.010471975430846214,0.005235987715423107,-0.012217304669320583
1789383471519.5806,0.010471975430846214,0.006981316953897476,-0.02094395086169243
1789383471524.5842,0.010471975430846214,0.001745329238474369,-0.012217304669320583
1789383471529.587,0.010471975430846214,0.0,-0.010471975430846214
1789383471534.5906,-0.001745329238474369,-0.006981316953897476,0.001745329238474369
1789383471539.5933,-0.006981316953897476,-0.005235987715423107,0.005235987715423107
1789383471544.597,-0.010471975430846214,-0.006981316953897476,0.012217304669320583
1789383471549.5996,-0.02094395086169243,-0.003490658476948738,0.008726646192371845
1789383471554.6033,-0.022689279168844223,-0.010471975430846214,0.008726646192371845
1789383471559.607,-0.022689279168844223,-0.010471975430846214,0.003490658476948738
1789383471564.6096,-0.02094395086169243,-0.005235987715423107,0.0
1789383471569.6133,-0.022689279168844223,-0.001745329238474369,-0.006981316953897476
1789383471574.616,-0.012217304669320583,0.001745329238474369,-0.006981316953897476
1789383471579.6196,-0.006981316953897476,0.001745329238474369,-0.010471975430846214
1789383471584.6235,0.0,0.0,-0.015707962214946747
1789383471589.626,0.013962633907794952,0.0,-0.015707962214946747
1789383471594.63,0.027925267815589905,0.001745329238474369,-0.010471975430846214
1789383471599.6326,0.0296705961227417,0.008726646192371845,-0.001745329238474369
1789383471604.6362,0.022689279168844223,0.001745329238474369,0.003490658476948738
1789383471609.64,0.012217304669320583,-0.001745329238474369,0.006981316953897476
1789383471614.6426,-0.001745329238474369,0.0,0.008726646192371845
1789383471619.6462,-0.013962633907794952,-0.006981316953897476,0.006981316953897476
1789383471624.649,-0.02617993950843811,-0.006981316953897476,0.0
1789383471629.6526,-0.03316125646233559,-0.005235987715423107,0.005235987715423107
1789383471634.6553,-0.0296705961227417,-0.003490658476948738,0.005235987715423107
1789383471639.659,-0.01745329238474369,-0.003490658476948738,-0.001745329238474369
1789383471644.6626,-0.003490658476948738,-0.005235987715423107,-0.003490658476948738
1789383471649.6653,0.001745329238474369,-0.003490658476948738,-0.013962633907794952
1789383471654.669,0.012217304669320583,0.0,-0.013962633907794952
1789383471659.6716,0.02094395086169243,-0.001745329238474369,-0.012217304669320583
1789383471664.6753,0.015707962214946747,0.001745329238474369,-0.019198622554540634
1789383471669.679,0.013962633907794952,0.0,-0.013962633907794952
1789383471674.6816,0.005235987715423107,0.003490658476948738,-0.012217304669320583
1789383471679.6853,0.0,-0.001745329238474369,-0.006981316953897476
1789383471684.688,0.0,-0.001745329238474369,-0.003490658476948738
1789383471689.6917,-0.005235987715423107,-0.008726646192371845,-0.003490658476948738
1789383471694.6943,-0.0,-0.003490658476948738,0.001745329238474369
1789383471699.698,-0.0,-0.003490658476948738,0.005235987715423107
1789383471704.7017,-0.0,-0.006981316953897476,0.003490658476948738
1789383471709.7043,0.0,-0.006981316953897476,0.0
1789383471714.7083,0.003490658476948738,-0.003490658476948738,-0.0
1789383471719.712,0.008726646192371845,-0.005235987715423107,-0.003490658476948738
1789383471724.7146,0.013962633907794952,0.0,-0.006981316953897476
1789383471729.7183,0.019198622554540634,0.0,-0.008726646192371845
1789383471734.721,0.024434609338641167,0.001745329238474369,-0.003490658476948738
1789383471739.7246,0.024434609338641167,0.003490658476948738,-0.001745329238474369
1789383471744.7283,0.02094395086169243,0.0,0.0
1789383471749.731,0.013962633907794952,-0.001745329238474369,-0.001745329238474369
1789383471754.7346,0.008726646192371845,-0.003490658476948738,0.001745329238474369
1789383471759.7383,0.001745329238474369,-0.006981316953897476,0.001745329238474369
1789383471764.741,-0.0,-0.005235987715423107,0.005235987715423107
1789383471769.7437,-0.001745329238474369,-0.005235987715423107,0.001745329238474369
1789383471774.7473,-0.001745329238474369,-0.005235987715423107,0.003490658476948738
1789383471779.751,-0.005235987715423107,-0.006981316953897476,-0.005235987715423107
1789383471784.7537,-0.001745329238474369,-0.005235987715423107,-0.003490658476948738
1789383471789.7573,-0.005235987715423107,0.0,-0.008726646192371845
1789383471794.76,-0.015707962214946747,-0.005235987715423107,-0.013962633907794952
1789383471799.7637,-0.012217304669320583,0.0,-0.012217304669320583
1789383471804.7673,-0.012217304669320583,-0.003490658476948738,-0.013962633907794952
1789383471809.77,-0.005235987715423107,-0.006981316953897476,-0.008726646192371845
1789383471814.7737,0.0,-0.001745329238474369,-0.008726646192371845
1789383471819.7764,0.006981316953897476,0.0,-0.005235987715423107
1789383471824.78,0.006981316953897476,0.0,-0.005235987715423107
1789383471829.7827,0.012217304669320583,-0.003490658476948738,-0.0
1789383471834.7864,0.010471975430846214,-0.006981316953897476,-0.001745329238474369
1789383471839.7903,0.008726646192371845,0.0,0.0
1789383471844.793,0.001745329238474369,-0.003490658476948738,0.001745329238474369
1789383471849.7966,0.0,-0.005235987715423107,-0.003490658476948738
1789383471854.8003,-0.006981316953897476,-0.003490658476948738,0.0
1789383471859.803,-0.013962633907794952,-0.003490658476948738,0.0
1789383471864.8066,-0.024434609338641167,-0.001745329238474369,0.003490658476948738
1789383471869.8093,-0.024434609338641167,-0.003490658476948738,0.005235987715423107
1789383471874.813,-0.027925267815589905,-0.001745329238474369,0.010471975430846214
1789383471879.8157,-0.027925267815589905,-0.008726646192371845,0.012217304669320583
1789383471884.8193,-0.024434609338641167,-0.010471975430846214,0.006981316953897476
1789383471889.823,-0.012217304669320583,-0.012217304669320583,0.010471975430846214
1789383471894.8257,-0.001745329238474369,-0.001745329238474369,0.006981316953897476
1789383471899.8293,0.013962633907794952,-0.001745329238474369,0.003490658476948738
1789383471904.833,0.024434609338641167,0.0,0.0
1789383471909.8357,0.031415924429893494,0.001745329238474369,-0.005235987715423107
1789383471914.8394,0.03316125646233559,0.003490658476948738,-0.013962633907794952
1789383471919.842,0.02617993950843811,0.003490658476948738,-0.02094395086169243
1789383471924.8457,0.013962633907794952,0.005235987715423107,-0.01745329238474369
1789383471929.8484,0.003490658476948738,0.003490658476948738,-0.015707962214946747
1789383471934.852,-0.008726646192371845,-0.001745329238474369,-0.006981316953897476
1789383471939.8557,-0.01745329238474369,-0.003490658476948738,-0.005235987715423107
1789383471944.8584,-0.01745329238474369,-0.010471975430846214,0.001745329238474369
1789383471949.862,-0.013962633907794952,-0.005235987715423107,0.008726646192371845
1789383471954.8647,-0.010471975430846214,-0.005235987715423107,0.010471975430846214
1789383471959.8684,-0.003490658476948738,-0.005235987715423107,0.015707962214946747
1789383471964.871,-0.0,-0.003490658476948738,0.012217304669320583
1789383471969.875,0.006981316953897476,0.0,0.008726646192371845
1789383471974.8787,0.008726646192371845,0.0,0.0
1789383471979.8813,0.012217304669320583,0.0,-0.005235987715423107
1789383471984.885,0.012217304669320583,0.0,-0.012217304669320583
1789383471989.8887,0.013962633907794952,0.001745329238474369,-0.019198622554540634
1789383471994.8914,0.010471975430846214,0.003490658476948738,-0.01745329238474369
1789383471999.895,0.003490658476948738,0.0,-0.01745329238474369
1789383472004.8977,0.001745329238474369,0.005235987715423107,-0.008726646192371845
1789383472009.9014,-0.005235987715423107,0.0,-0.001745329238474369
1789383472014.904,-0.003490658476948738,-0.008726646192371845,0.0
1789383472019.9077,-0.005235987715423107,-0.005235987715423107,0.005235987715423107
1789383472024.9114,-0.008726646192371845,-0.005235987715423107,0.010471975430846214
1789383472029.914,-0.001745329238474369,-0.001745329238474369,0.008726646192371845
1789383472034.9177,-0.006981316953897476,0.003490658476948738,0.001745329238474369
1789383472039.9204,-0.006981316953897476,-0.003490658476948738,-0.006981316953897476
1789383472044.924,-0.006981316953897476,-0.005235987715423107,-0.013962633907794952
1789383472049.9277,-0.001745329238474369,-0.001745329238474369,-0.019198622554540634
1789383472054.9304,0.003490658476948738,0.0,-0.019198622554540634
1789383472059.934,0.01745329238474369,0.005235987715423107,-0.022689279168844223
1789383472064.9368,0.02094395086169243,0.005235987715423107,-0.022689279168844223
1789383472069.9404,0.022689279168844223,0.001745329238474369,-0.012217304669320583
1789383472074.944,0.015707962214946747,-0.003490658476948738,-0.012217304669320583
1789383472079.9468,0.006981316953897476,0.0,-0.003490658476948738
1789383472084.9504,-0.001745329238474369,-0.001745329238474369,0.005235987715423107
1789383472089.9531,-0.01745329238474369,0.0,0.012217304669320583
1789383472094.9568,-0.02617993950843811,-0.005235987715423107,0.013962633907794952
1789383472099.9607,-0.024434609338641167,-0.006981316953897476,0.015707962214946747
1789383472104.9634,-0.0296705961227417,-0.008726646192371845,0.013962633907794952
1789383472109.967,-0.01745329238474369,-0.010471975430846214,0.010471975430846214
1789383472114.9697,-0.008726646192371845,-0.003490658476948738,0.012217304669320583
1789383472119.9734,0.005235987715423107,0.001745329238474369,0.006981316953897476
1789383472124.977,0.022689279168844223,0.0,0.0
1789383472129.9797,0.0296705961227417,0.003490658476948738,-0.006981316953897476
1789383472134.9834,0.036651913076639175,0.003490658476948738,-0.013962633907794952
1789383472139.986,0.03490658476948738,0.003490658476948738,-0.012217304669320583
1789383472144.9897,0.027925267815589905,0.005235987715423107,-0.012217304669320583
1789383472149.9934,0.015707962214946747,0.0,-0.010471975430846214
1789383472154.996,0.0,-0.003490658476948738,-0.006981316953897476
1789383472159.9998,-0.008726646192371845,-0.005235987715423107,0.0
1789383472165.0024,-0.013962633907794952,-0.005235987715423107,0.003490658476948738
1789383472170.006,-0.01745329238474369,-0.005235987715423107,0.006981316953897476
1789383472175.0088,-0.015707962214946747,-0.005235987715423107,0.006981316953897476
1789383472180.0125,-0.012217304669320583,-0.010471975430846214,0.015707962214946747
1789383472185.016,-0.005235987715423107,-0.006981316953897476,0.010471975430846214
1789383472190.0188,-0.005235987715423107,-0.008726646192371845,0.001745329238474369
1789383472195.0225,-0.003490658476948738,-0.003490658476948738,-0.001745329238474369
1789383472200.0261,0.006981316953897476,0.0,-0.008726646192371845
1789383472205.0288,0.006981316953897476,0.003490658476948738,-0.008726646192371845
1789383472210.0325,0.013962633907794952,0.001745329238474369,-0.013962633907794952
1789383472215.0352,0.008726646192371845,0.0,-0.012217304669320583
1789383472220.0388,0.005235987715423107,0.0,-0.012217304669320583
1789383472225.0415,0.0,0.001745329238474369,-0.005235987715423107
1789383472230.0452,-0.008726646192371845,-0.005235987715423107,0.0
1789383472235.0488,-0.019198622554540634,-0.005235987715423107,0.001745329238474369
1789383472240.0515,-0.01745329238474369,-0.008726646192371845,0.012217304669320583
1789383472245.0552,-0.019198622554540634,-0.008726646192371845,0.015707962214946747
1789383472250.0579,-0.01745329238474369,-0.006981316953897476,0.015707962214946747
1789383472255.0615,-0.013962633907794952,-0.006981316953897476,0.015707962214946747
1789383472260.0652,-0.012217304669320583,-0.008726646192371845,0.008726646192371845
1789383472265.0679,-0.003490658476948738,-0.003490658476948738,0.0
1789383472270.0718,0.005235987715423107,-0.001745329238474369,-0.001745329238474369
1789383472275.0742,0.013962633907794952,0.001745329238474369,-0.012217304669320583
1789383472280.0781,0.02094395086169243,0.003490658476948738,-0.015707962214946747
1789383472285.0818,0.0296705961227417,0.006981316953897476,-0.024434609338641167
1789383472290.0845,0.03316125646233559,0.006981316953897476,-0.02094395086169243
1789383472295.0881,0.031415924429893494,0.005235987715423107,-0.01745329238474369
1789383472300.0908,0.02617993950843811,0.003490658476948738,-0.01745329238474369
1789383472305.0945,0.022689279168844223,0.0,-0.010471975430846214
1789383472310.0972,0.010471975430846214,-0.001745329238474369,-0.005235987715423107
1789383472315.1008,0.006981316953897476,0.0,0.0
1789383472320.1045,-0.001745329238474369,-0.003490658476948738,0.003490658476948738
1789383472325.1072,-0.005235987715423107,-0.005235987715423107,0.005235987715423107
1789383472330.1108,-0.012217304669320583,-0.005235987715423107,0.005235987715423107
1789383472335.1135,-0.013962633907794952,-0.008726646192371845,0.005235987715423107
1789383472340.1172,-0.012217304669320583,-0.005235987715423107,-0.003490658476948738
1789383472345.1208,-0.013962633907794952,0.0,0.0
1789383472350.1235,-0.006981316953897476,0.0,0.0
1789383472355.1272,-0.003490658476948738,0.0,-0.001745329238474369
1789383472360.13,0.0,-0.001745329238474369,0.0
1789383472365.1335,0.0,0.0,0.001745329238474369
1789383472370.1372,0.0,-0.001745329238474369,-0.003490658476948738
1789383472375.14,0.001745329238474369,0.0,0.0
1789383472380.1436,-0.003490658476948738,-0.001745329238474369,0.0
1789383472385.1462,0.0,0.0,0.003490658476948738
1789383472390.15,-0.005235987715423107,-0.003490658476948738,0.001745329238474369
1789383472395.1536,0.0,0.0,0.0
1789383472400.1562,0.0,-0.001745329238474369,-0.001745329238474369
1789383472405.16,0.001745329238474369,-0.005235987715423107,-0.005235987715423107
1789383472410.1626,0.005235987715423107,-0.003490658476948738,-0.0
1789383472415.1663,0.001745329238474369,0.0,0.0
1789383472420.169,-0.001745329238474369,0.0,0.0
1789383472425.1726,-0.006981316953897476,0.0,0.0
1789383472430.1763,-0.01745329238474369,-0.003490658476948738,-0.003490658476948738
1789383472435.179,-0.015707962214946747,-0.010471975430846214,-0.001745329238474369
1789383472440.1826,-0.015707962214946747,-0.005235987715423107,0.005235987715423107
1789383472445.1863,-0.01745329238474369,-0.012217304669320583,0.0
1789383472450.189,-0.010471975430846214,-0.001745329238474369,0.003490658476948738
1789383472455.1926,-0.003490658476948738,-0.001745329238474369,0.005235987715423107
1789383472460.1953,0.001745329238474369,-0.005235987715423107,-0.001745329238474369
1789383472465.199,0.008726646192371845,0.0,-0.008726646192371845
1789383472470.2026,0.008726646192371845,0.0,-0.010471975430846214
1789383472475.2053,0.013962633907794952,0.001745329238474369,-0.012217304669320583
1789383472480.209,0.013962633907794952,0.003490658476948738,-0.010471975430846214
1789383472485.2117,0.012217304669320583,0.001745329238474369,-0.013962633907794952
1789383472490.2153,0.013962633907794952,0.005235987715423107,-0.006981316953897476
1789383472495.218,0.013962633907794952,-0.001745329238474369,-0.0
1789383472500.2217,0.005235987715423107,-0.005235987715423107,-0.0
1789383472505.2253,-0.006981316953897476,-0.003490658476948738,0.006981316953897476
1789383472510.228,-0.024434609338641167,-0.001745329238474369,0.008726646192371845
1789383472515.2317,-0.03839724510908127,-0.005235987715423107,0.012217304669320583
1789383472520.2356,-0.04363323003053665,-0.012217304669320583,0.006981316953897476
1789383472525.238,-0.04363323003053665,-0.012217304669320583,0.0
1789383472530.242,-0.03316125646233559,-0.012217304669320583,0.0
1789383472535.2446,-0.01745329238474369,-0.006981316953897476,-0.008726646192371845
1789383472540.2483,0.005235987715423107,-0.003490658476948738,-0.008726646192371845
1789383472545.251,0.0296705961227417,0.003490658476948738,-0.008726646192371845
1789383472550.2546,0.04363323003053665,0.006981316953897476,-0.01745329238474369
1789383472555.2583,0.04188790172338486,0.005235987715423107,-0.02617993950843811
1789383472560.261,0.04014257341623306,0.008726646192371845,-0.027925267815589905
1789383472565.2646,0.031415924429893494,0.005235987715423107,-0.022689279168844223
1789383472570.2673,0.01745329238474369,0.005235987715423107,-0.01745329238474369
1789383472575.271,0.005235987715423107,0.003490658476948738,-0.012217304669320583
1789383472580.2747,-0.005235987715423107,-0.001745329238474369,0.003490658476948738
1789383472585.2773,-0.012217304669320583,-0.008726646192371845,0.005235987715423107
1789383472590.281,-0.01745329238474369,-0.006981316953897476,0.013962633907794952
1789383472595.2837,-0.01745329238474369,-0.008726646192371845,0.01745329238474369
1789383472600.2874,-0.012217304669320583,-0.010471975430846214,0.024434609338641167
1789383472605.291,-0.010471975430846214,-0.005235987715423107,0.02617993950843811
1789383472610.2937,-0.010471975430846214,-0.001745329238474369,0.015707962214946747
1789383472615.2974,-0.010471975430846214,0.0,0.01745329238474369
1789383472620.3,-0.012217304669320583,0.0,0.005235987715423107
1789383472625.3037,-0.019198622554540634,-0.001745329238474369,0.0
1789383472630.3064,-0.024434609338641167,0.0,0.0
1789383472635.31,-0.0296705961227417,-0.006981316953897476,-0.006981316953897476
1789383472640.3137,-0.0296705961227417,-0.005235987715423107,-0.005235987715423107
1789383472645.3164,-0.022689279168844223,0.0,-0.001745329238474369
1789383472650.32,-0.005235987715423107,-0.003490658476948738,-0.003490658476948738
1789383472655.3228,0.015707962214946747,-0.003490658476948738,-0.005235987715423107
1789383472660.3264,0.036651913076639175,0.001745329238474369,-0.001745329238474369
1789383472665.33,0.04886921867728233,0.0,-0.006981316953897476
1789383472670.3328,0.04886921867728233,0.0,-0.008726646192371845
1789383472675.3364,0.04188790172338486,0.005235987715423107,-0.008726646192371845
1789383472680.34,0.024434609338641167,0.0,-0.008726646192371845
1789383472685.3428,0.005235987715423107,0.0,-0.01745329238474369
1789383472690.3464,-0.010471975430846214,0.003490658476948738,-0.010471975430846214
1789383472695.349,-0.02094395086169243,-0.006981316953897476,-0.006981316953897476
1789383472700.3528,-0.024434609338641167,-0.001745329238474369,0.001745329238474369
1789383472705.3555,-0.024434609338641167,-0.001745329238474369,0.005235987715423107
1789383472710.3591,-0.02094395086169243,-0.006981316953897476,0.010471975430846214
1789383472715.3628,-0.02094395086169243,-0.008726646192371845,0.008726646192371845
1789383472720.3655,-0.01745329238474369,-0.006981316953897476,0.008726646192371845
1789383472725.3691,-0.012217304669320583,-0.005235987715423107,0.006981316953897476
1789383472730.3718,-0.001745329238474369,-0.006981316953897476,0.005235987715423107
1789383472735.3755,0.005235987715423107,0.0,0.005235987715423107
1789383472740.3792,0.012217304669320583,0.006981316953897476,-0.003490658476948738
1789383472745.3818,0.008726646192371845,0.001745329238474369,-0.010471975430846214
1789383472750.3855,0.012217304669320583,-0.003490658476948738,-0.022689279168844223
1789383472755.3882,0.008726646192371845,0.003490658476948738,-0.019198622554540634
1789383472760.3918,0.005235987715423107,0.0,-0.012217304669320583
1789383472765.3945,0.005235987715423107,0.0,-0.008726646192371845
1789383472770.3982,0.005235987715423107,0.003490658476948738,0.001745329238474369
1789383472775.4019,0.003490658476948738,0.0,0.001745329238474369
1789383472780.4045,0.001745329238474369,0.0,0.006981316953897476
1789383472785.4082,-0.008726646192371845,-0.008726646192371845,0.013962633907794952
1789383472790.4119,-0.015707962214946747,-0.006981316953897476,0.01745329238474369
1789383472795.4146,-0.031415924429893494,-0.005235987715423107,0.01745329238474369
1789383472800.4182,-0.03839724510908127,-0.005235987715423107,0.01745329238474369
1789383472805.421,-0.04014257341623306,-0.008726646192371845,0.006981316953897476
1789383472810.4246,-0.0296705961227417,-0.012217304669320583,0.003490658476948738
1789383472815.4272,-0.02094395086169243,-0.005235987715423107,-0.005235987715423107
1789383472820.431,-0.005235987715423107,0.0,-0.005235987715423107
1789383472825.4346,0.006981316953897476,0.001745329238474369,-0.008726646192371845
1789383472830.4373,0.01745329238474369,0.003490658476948738,-0.013962633907794952
1789383472835.441,0.02617993950843811,0.001745329238474369,-0.013962633907794952
1789383472840.4436,0.02617993950843811,-0.001745329238474369,-0.022689279168844223
1789383472845.4473,0.0296705961227417,0.0,-0.01745329238474369
1789383472850.451,0.031415924429893494,0.0,-0.015707962214946747
1789383472855.4536,0.024434609338641167,0.003490658476948738,-0.005235987715423107
1789383472860.4573,0.012217304669320583,0.005235987715423107,-0.006981316953897476
1789383472865.46,0.0,0.0,-0.008726646192371845
1789383472870.4636,-0.02094395086169243,-0.005235987715423107,-0.010471975430846214
1789383472875.4673,-0.031415924429893494,-0.003490658476948738,-0.001745329238474369
1789383472880.47,-0.04363323003053665,-0.013962633907794952,0.0
1789383472885.4739,-0.04363323003053665,-0.010471975430846214,0.006981316953897476
1789383472890.4763,-0.0296705961227417,-0.010471975430846214,0.006981316953897476
1789383472895.4802,-0.013962633907794952,-0.006981316953897476,0.006981316953897476
1789383472900.484,-0.0,-0.006981316953897476,0.006981316953897476
1789383472905.4866,0.01745329238474369,-0.005235987715423107,0.001745329238474369
1789383472910.4902,0.024434609338641167,-0.005235987715423107,-0.001745329238474369
1789383472915.493,0.03316125646233559,0.003490658476948738,-0.006981316953897476
1789383472920.4966,0.031415924429893494,0.010471975430846214,-0.005235987715423107
1789383472925.4993,0.02617993950843811,0.008726646192371845,-0.010471975430846214
1789383472930.503,0.01745329238474369,0.006981316953897476,-0.013962633907794952
1789383472935.5066,0.0,0.001745329238474369,-0.012217304669320583
1789383472940.5093,-0.010471975430846214,0.001745329238474369,-0.006981316953897476
1789383472945.513,-0.015707962214946747,-0.003490658476948738,0.0
1789383472950.5166,-0.019198622554540634,-0.005235987715423107,0.010471975430846214
1789383472955.5193,-0.015707962214946747,-0.006981316953897476,0.013962633907794952
1789383472960.523,-0.003490658476948738,-0.003490658476948738,0.01745329238474369
1789383472965.5256,-0.0,-0.006981316953897476,0.013962633907794952
1789383472970.5293,0.006981316953897476,-0.010471975430846214,0.015707962214946747
1789383472975.533,0.010471975430846214,-0.006981316953897476,0.005235987715423107
1789383472980.5356,0.012217304669320583,0.0,0.003490658476948738
1789383472985.5393,0.015707962214946747,0.003490658476948738,-0.008726646192371845
1789383472990.542,0.01745329238474369,0.0,-0.02094395086169243
1789383472995.5457,0.022689279168844223,0.0,-0.02617993950843811
1789383473000.5483,0.022689279168844223,0.005235987715423107,-0.027925267815589905
1789383473005.552,0.031415924429893494,0.008726646192371845,-0.019198622554540634
1789383473010.5557,0.024434609338641167,0.0,-0.02094395086169243
1789383473015.5583,0.01745329238474369,0.003490658476948738,-0.015707962214946747
1789383473020.562,0.008726646192371845,0.0,-0.010471975430846214
1789383473025.5647,0.001745329238474369,0.0,-0.003490658476948738
1789383473030.5684,-0.005235987715423107,-0.003490658476948738,0.0
1789383473035.572,-0.006981316953897476,-0.001745329238474369,0.010471975430846214
1789383473040.5747,-0.006981316953897476,-0.005235987715423107,0.012217304669320583
1789383473045.5784,-0.005235987715423107,-0.001745329238474369,0.012217304669320583
1789383473050.582,-0.010471975430846214,-0.003490658476948738,0.003490658476948738
1789383473055.5847,-0.008726646192371845,-0.006981316953897476,0.001745329238474369
1789383473060.5874,-0.010471975430846214,-0.005235987715423107,0.001745329238474369
1789383473065.591,-0.010471975430846214,-0.001745329238474369,0.0
1789383473070.5947,-0.012217304669320583,0.0,0.0
1789383473075.5974,-0.015707962214946747,0.0,0.0
1789383473080.601,-0.008726646192371845,-0.005235987715423107,-0.003490658476948738
1789383473085.6047,-0.012217304669320583,-0.003490658476948738,-0.005235987715423107
1789383473090.6074,-0.006981316953897476,0.0,0.0
1789383473095.611,-0.012217304669320583,-0.001745329238474369,0.001745329238474369
1789383473100.6138,-0.003490658476948738,-0.003490658476948738,0.0
1789383473105.6174,0.001745329238474369,-0.001745329238474369,0.003490658476948738
1789383473110.621,0.008726646192371845,-0.003490658476948738,-0.0
1789383473115.6238,0.015707962214946747,-0.001745329238474369,-0.001745329238474369
1789383473120.6274,0.01745329238474369,-0.003490658476948738,-0.003490658476948738
1789383473125.6301,0.008726646192371845,0.0,-0.005235987715423107
1789383473130.6338,-0.003490658476948738,0.0,-0.010471975430846214
1789383473135.6367,-0.015707962214946747,0.0,-0.008726646192371845
1789383473140.6404,-0.02094395086169243,-0.001745329238474369,-0.015707962214946747
1789383473145.644,-0.024434609338641167,-0.003490658476948738,-0.012217304669320583
1789383473150.6467,-0.02094395086169243,-0.005235987715423107,-0.005235987715423107
1789383473155.6504,-0.012217304669320583,-0.005235987715423107,-0.005235987715423107
1789383473160.653,0.0,-0.003490658476948738,-0.001745329238474369
1789383473165.657,0.008726646192371845,-0.005235987715423107,-0.0
1789383473170.6606,0.022689279168844223,-0.006981316953897476,0.003490658476948738
1789383473175.6633,0.031415924429893494,0.0,-0.001745329238474369
1789383473180.667,0.03839724510908127,0.0,0.0
1789383473185.671,0.03490658476948738,-0.005235987715423107,-0.008726646192371845
1789383473190.6738,0.03316125646233559,0.0,-0.008726646192371845
1789383473195.6775,0.024434609338641167,0.001745329238474369,-0.012217304669320583
1789383473200.6804,0.005235987715423107,0.005235987715423107,-0.010471975430846214
1789383473205.684,-0.008726646192371845,0.0,-0.013962633907794952
1789383473210.687,-0.0296705961227417,0.001745329238474369,-0.010471975430846214
1789383473215.691,-0.036651913076639175,-0.008726646192371845,-0.001745329238474369
1789383473220.6946,-0.04014257341623306,-0.006981316953897476,0.0
1789383473225.6975,-0.03316125646233559,-0.008726646192371845,0.010471975430846214
1789383473230.7012,-0.013962633907794952,-0.006981316953897476,0.02094395086169243
1789383473235.705,-0.001745329238474369,-0.001745329238474369,0.012217304669320583
1789383473240.708,0.010471975430846214,-0.006981316953897476,0.010471975430846214
1789383473245.7117,0.02094395086169243,-0.006981316953897476,-0.0
1789383473250.7146,0.02617993950843811,-0.001745329238474369,-0.006981316953897476
1789383473255.7183,0.027925267815589905,0.0,-0.015707962214946747
1789383473260.7212,0.024434609338641167,0.006981316953897476,-0.02094395086169243
1789383473265.725,0.013962633907794952,0.012217304669320583,-0.022689279168844223
1789383473270.7288,0.003490658476948738,0.010471975430846214,-0.027925267815589905
1789383473275.7317,-0.012217304669320583,-0.001745329238474369,-0.019198622554540634
1789383473280.7354,-0.027925267815589905,0.0,-0.013962633907794952
1789383473285.7383,-0.036651913076639175,-0.010471975430846214,0.003490658476948738
1789383473290.7422,-0.03316125646233559,-0.012217304669320583,0.01745329238474369
1789383473295.7458,-0.0296705961227417,-0.012217304669320583,0.02617993950843811
1789383473300.7488,-0.010471975430846214,-0.01745329238474369,0.027925267815589905
1789383473305.7524,-0.0,-0.012217304669320583,0.022689279168844223
1789383473310.7554,0.012217304669320583,-0.006981316953897476,0.01745329238474369
1789383473315.7593,0.022689279168844223,0.0,0.0
1789383473320.763,0.024434609338641167,0.003490658476948738,-0.013962633907794952
1789383473325.7659,0.024434609338641167,0.008726646192371845,-0.02617993950843811
1789383473330.7695,0.019198622554540634,0.008726646192371845,-0.03839724510908127
1789383473335.7725,0.019198622554540634,0.010471975430846214,-0.04886921867728233
1789383473340.7764,0.015707962214946747,0.008726646192371845,-0.036651913076639175
1789383473345.78,0.008726646192371845,0.010471975430846214,-0.024434609338641167
1789383473350.783,0.0,0.003490658476948738,-0.012217304669320583
1789383473355.7866,-0.010471975430846214,0.0,0.005235987715423107
1789383473360.7896,-0.01745329238474369,-0.012217304669320583,0.01745329238474369
1789383473365.7935,-0.019198622554540634,-0.02094395086169243,0.02094395086169243
1789383473370.797,-0.019198622554540634,-0.019198622554540634,0.031415924429893494
1789383473375.8,-0.015707962214946747,-0.012217304669320583,0.0296705961227417
1789383473380.8037,-0.008726646192371845,-0.003490658476948738,0.024434609338641167
1789383473385.8066,-0.003490658476948738,-0.003490658476948738,0.008726646192371845
1789383473390.8105,0.0,0.001745329238474369,-0.005235987715423107
1789383473395.8132,0.001745329238474369,0.0,-0.02617993950843811
1789383473400.8171,0.010471975430846214,0.0,-0.03490658476948738
1789383473405.8208,0.024434609338641167,0.008726646192371845,-0.03490658476948738
1789383473410.8237,0.02617993950843811,0.012217304669320583,-0.027925267815589905
1789383473415.8276,0.027925267815589905,0.008726646192371845,-0.022689279168844223
1789383473420.8303,0.031415924429893494,0.005235987715423107,-0.010471975430846214
1789383473425.8342,0.02094395086169243,0.0,-0.005235987715423107
1789383473430.8381,0.006981316953897476,-0.006981316953897476,0.012217304669320583
1789383473435.8408,-0.010471975430846214,-0.008726646192371845,0.02094395086169243
1789383473440.8447,-0.01745329238474369,-0.008726646192371845,0.02617993950843811
1789383473445.8474,-0.0296705961227417,-0.008726646192371845,0.022689279168844223
1789383473450.8513,-0.031415924429893494,-0.008726646192371845,0.010471975430846214
1789383473455.8542,-0.0296705961227417,-0.012217304669320583,0.0
1789383473460.858,-0.027925267815589905,0.001745329238474369,-0.008726646192371845
1789383473465.8618,-0.019198622554540634,0.0,-0.012217304669320583
1789383473470.8645,-0.012217304669320583,0.001745329238474369,-0.024434609338641167
1789383473475.8684,-0.008726646192371845,0.001745329238474369,-0.01745329238474369
1789383473480.8723,0.0,0.0,-0.019198622554540634
1789383473485.875,0.012217304669320583,0.0,-0.005235987715423107
1789383473490.879,0.02094395086169243,-0.003490658476948738,0.001745329238474369
1789383473495.8816,0.031415924429893494,0.0,0.015707962214946747
1789383473500.8855,0.03839724510908127,-0.001745329238474369,0.01745329238474369
1789383473505.8894,0.02617993950843811,-0.005235987715423107,0.015707962214946747
1789383473510.892,0.01745329238474369,-0.008726646192371845,0.010471975430846214
1789383473515.896,0.001745329238474369,-0.001745329238474369,0.001745329238474369
1789383473520.899,0.0,0.0,0.0
1789383473525.9026,-0.006981316953897476,0.003490658476948738,-0.005235987715423107
1789383473530.9055,-0.012217304669320583,0.006981316953897476,-0.003490658476948738
1789383473535.9092,-0.010471975430846214,-0.005235987715423107,-0.010471975430846214
1789383473540.913,0.0,0.0,-0.010471975430846214
1789383473545.916,0.005235987715423107,-0.005235987715423107,-0.0
1789383473550.9197,0.01745329238474369,-0.001745329238474369,0.010471975430846214
1789383473555.9236,0.01745329238474369,-0.001745329238474369,0.01745329238474369
1789383473560.9265,0.02617993950843811,-0.006981316953897476,0.01745329238474369
1789383473565.9302,0.019198622554540634,-0.010471975430846214,0.010471975430846214
1789383473570.933,0.015707962214946747,-0.005235987715423107,0.010471975430846214
1789383473575.937,0.008726646192371845,-0.001745329238474369,0.005235987715423107
1789383473580.9397,0.006981316953897476,0.001745329238474369,0.0
1789383473585.9436,-0.001745329238474369,0.001745329238474369,-0.005235987715423107
1789383473590.9473,-0.003490658476948738,0.003490658476948738,-0.008726646192371845
1789383473595.9502,-0.008726646192371845,0.0,-0.01745329238474369
1789383473600.954,-0.012217304669320583,0.0,-0.006981316953897476
1789383473605.9568,-0.015707962214946747,0.0,-0.005235987715423107
1789383473610.9607,-0.012217304669320583,0.0,0.001745329238474369
1789383473615.9646,-0.010471975430846214,0.0,0.012217304669320583
1789383473620.9673,-0.008726646192371845,-0.005235987715423107,0.019198622554540634
1789383473625.9712,-0.010471975430846214,-0.010471975430846214,0.02094395086169243
1789383473630.9739,-0.008726646192371845,-0.012217304669320583,0.02094395086169243
1789383473635.9778,-0.01745329238474369,-0.001745329238474369,0.013962633907794952
1789383473640.9817,-0.024434609338641167,-0.005235987715423107,0.006981316953897476
1789383473645.9844,-0.031415924429893494,-0.005235987715423107,0.0
1789383473650.9883,-0.03839724510908127,-0.008726646192371845,-0.008726646192371845
1789383473655.9912,-0.036651913076639175,-0.006981316953897476,-0.019198622554540634
1789383473660.9949,-0.0296705961227417,-0.005235987715423107,-0.027925267815589905
1789383473665.9978,-0.02094395086169243,0.0,-0.024434609338641167
1789383473671.0017,-0.005235987715423107,0.001745329238474369,-0.013962633907794952
1789383473676.0054,0.005235987715423107,0.005235987715423107,-0.006981316953897476
1789383473681.0083,0.012217304669320583,0.001745329238474369,-0.001745329238474369
1789383473686.012,0.022689279168844223,-0.001745329238474369,0.001745329238474369
1789383473691.0159,0.024434609338641167,-0.005235987715423107,-0.0
1789383473696.0188,0.02617993950843811,-0.005235987715423107,0.001745329238474369
1789383473701.0225,0.024434609338641167,0.001745329238474369,0.0
1789383473706.0254,0.010471975430846214,0.001745329238474369,-0.006981316953897476
1789383473711.0293,-0.001745329238474369,-0.005235987715423107,-0.013962633907794952
1789383473716.032,-0.015707962214946747,0.0,-0.01745329238474369
1789383473721.036,-0.0296705961227417,0.0,-0.01745329238474369
1789383473726.0398,-0.031415924429893494,-0.005235987715423107,-0.013962633907794952
1789383473731.0425,-0.02094395086169243,0.0,-0.005235987715423107
1789383473736.0464,-0.005235987715423107,-0.005235987715423107,0.003490658476948738
1789383473741.0503,0.010471975430846214,0.0,0.006981316953897476
1789383473746.053,0.0296705961227417,0.0,0.012217304669320583
1789383473751.057,0.036651913076639175,0.0,0.01745329238474369
1789383473756.0608,0.03316125646233559,0.0,0.013962633907794952
1789383473761.0635,0.02094395086169243,-0.003490658476948738,0.012217304669320583
1789383473766.0674,0.005235987715423107,-0.005235987715423107,-0.0
1789383473771.07,-0.010471975430846214,-0.005235987715423107,-0.001745329238474369
1789383473776.073,-0.0296705961227417,0.0,-0.005235987715423107
1789383473781.077,-0.03839724510908127,0.001745329238474369,-0.005235987715423107
1789383473786.0806,-0.045378558337688446,-0.003490658476948738,-0.008726646192371845
1789383473791.0835,-0.04014257341623306,-0.001745329238474369,-0.005235987715423107
1789383473796.0874,-0.03839724510908127,-0.008726646192371845,-0.005235987715423107
1789383473801.091,-0.015707962214946747,-0.003490658476948738,0.0
1789383473806.094,-0.0,-0.001745329238474369,0.001745329238474369
1789383473811.098,0.027925267815589905,-0.003490658476948738,0.003490658476948738
1789383473816.1006,0.045378558337688446,-0.003490658476948738,-0.006981316953897476
1789383473821.1045,0.06108652427792549,-0.005235987715423107,-0.015707962214946747
1789383473826.1074,0.057595863938331604,0.001745329238474369,-0.022689279168844223
1789383473831.111,0.04712389037013054,0.012217304669320583,-0.031415924429893494
1789383473836.115,0.022689279168844223,0.013962633907794952,-0.03839724510908127
1789383473841.118,-0.006981316953897476,0.005235987715423107,-0.03490658476948738
1789383473846.1216,-0.02617993950843811,0.0,-0.031415924429893494
1789383473851.1245,-0.04363323003053665,0.0,-0.02094395086169243
1789383473856.1284,-0.04712389037013054,-0.006981316953897476,0.0
1789383473861.132,-0.05061454698443413,-0.003490658476948738,0.015707962214946747
1789383473866.135,-0.03839724510908127,-0.008726646192371845,0.031415924429893494
1789383473871.139,-0.031415924429893494,-0.012217304669320583,0.04014257341623306
1789383473876.1426,-0.024434609338641167,-0.019198622554540634,0.03839724510908127
1789383473881.1455,-0.010471975430846214,-0.01745329238474369,0.031415924429893494
1789383473886.1494,-0.0,-0.008726646192371845,0.01745329238474369
1789383473891.152,0.010471975430846214,-0.003490658476948738,0.001745329238474369
1789383473896.156,0.024434609338641167,0.003490658476948738,-0.010471975430846214
1789383473901.16,0.03316125646233559,0.010471975430846214,-0.031415924429893494
1789383473906.1626,0.03490658476948738,0.010471975430846214,-0.04363323003053665
1789383473911.1665,0.036651913076639175,0.006981316953897476,-0.04712389037013054
1789383473916.1692,0.03316125646233559,0.008726646192371845,-0.031415924429893494
1789383473921.173,0.031415924429893494,0.005235987715423107,-0.01745329238474369
1789383473926.177,0.022689279168844223,0.0,0.0
1789383473931.1797,0.01745329238474369,-0.006981316953897476,0.013962633907794952
1789383473936.1836,0.012217304669320583,-0.015707962214946747,0.022689279168844223
1789383473941.1865,0.005235987715423107,-0.013962633907794952,0.027925267815589905
1789383473946.1902,-0.005235987715423107,-0.015707962214946747,0.03316125646233559
1789383473951.193,-0.003490658476948738,-0.013962633907794952,0.02617993950843811
1789383473956.197,-0.001745329238474369,-0.006981316953897476,0.013962633907794952
1789383473961.2007,-0.001745329238474369,-0.005235987715423107,-0.001745329238474369
1789383473966.2036,0.008726646192371845,-0.001745329238474369,-0.013962633907794952
1789383473971.2075,0.013962633907794952,0.006981316953897476,-0.03490658476948738
1789383473976.2102,0.01745329238474369,0.005235987715423107,-0.03490658476948738
1789383473981.214,0.02617993950843811,0.010471975430846214,-0.03490658476948738
1789383473986.218,0.022689279168844223,0.006981316953897476,-0.031415924429893494
1789383473991.2207,0.01745329238474369,0.001745329238474369,-0.013962633907794952
1789383473996.2246,0.012217304669320583,0.0,-0.006981316953897476
1789383474001.2275,0.013962633907794952,-0.005235987715423107,0.008726646192371845
1789383474006.2314,0.013962633907794952,-0.006981316953897476,0.01745329238474369
1789383474011.235,0.005235987715423107,-0.006981316953897476,0.0296705961227417
1789383474016.238,-0.001745329238474369,-0.001745329238474369,0.031415924429893494
1789383474021.242,-0.013962633907794952,-0.012217304669320583,0.02094395086169243
1789383474026.2446,-0.01745329238474369,-0.010471975430846214,0.01745329238474369
1789383474031.2485,-0.02094395086169243,-0.006981316953897476,0.005235987715423107
1789383474036.2524,-0.02094395086169243,-0.005235987715423107,-0.003490658476948738
1789383474041.2551,-0.008726646192371845,0.0,-0.008726646192371845
1789383474046.259,0.0,0.0,-0.013962633907794952
1789383474051.262,0.006981316953897476,0.0,-0.019198622554540634
1789383474056.2656,0.02094395086169243,0.0,-0.012217304669320583
1789383474061.2695,0.01745329238474369,0.001745329238474369,-0.008726646192371845
1789383474066.2725,0.012217304669320583,-0.001745329238474369,-0.003490658476948738
1789383474071.2761,0.005235987715423107,-0.006981316953897476,-0.003490658476948738
1789383474076.279,0.001745329238474369,-0.005235987715423107,-0.0
1789383474081.283,-0.001745329238474369,-0.008726646192371845,0.0
1789383474086.2866,-0.008726646192371845,-0.006981316953897476,0.001745329238474369
1789383474091.2896,-0.008726646192371845,0.0,0.001745329238474369
1789383474096.2935,-0.006981316953897476,0.0,-0.003490658476948738
1789383474101.2961,0.0,-0.005235987715423107,-0.005235987715423107
1789383474106.3,0.0,-0.001745329238474369,-0.01745329238474369
1789383474111.303,0.006981316953897476,-0.001745329238474369,-0.02094395086169243
1789383474116.3066,0.013962633907794952,0.0,-0.008726646192371845
1789383474121.3105,0.019198622554540634,0.003490658476948738,-0.012217304669320583
1789383474126.3135,0.022689279168844223,0.003490658476948738,-0.012217304669320583
1789383474131.3174,0.013962633907794952,0.0,-0.012217304669320583
1789383474136.32,0.013962633907794952,-0.003490658476948738,-0.005235987715423107
1789383474141.324,0.003490658476948738,-0.005235987715423107,-0.003490658476948738
1789383474146.328,0.001745329238474369,0.0,0.005235987715423107
1789383474151.3306,-0.001745329238474369,0.0,0.006981316953897476
1789383474156.3345,-0.0,-0.005235987715423107,0.008726646192371845
1789383474161.3374,-0.001745329238474369,-0.006981316953897476,0.006981316953897476
1789383474166.341,0.003490658476948738,0.0,0.0
1789383474171.345,0.006981316953897476,-0.003490658476948738,0.001745329238474369
1789383474176.348,0.008726646192371845,0.0,-0.001745329238474369
1789383474181.3516,0.012217304669320583,0.0,0.003490658476948738
1789383474186.3552,0.010471975430846214,0.0,-0.003490658476948738
1789383474191.358,0.008726646192371845,0.0,-0.005235987715423107
1789383474196.3616,0.012217304669320583,0.0,-0.013962633907794952
1789383474201.3643,0.006981316953897476,0.001745329238474369,-0.010471975430846214
1789383474206.3677,0.008726646192371845,-0.003490658476948738,-0.003490658476948738
1789383474211.3713,0.012217304669320583,-0.001745329238474369,-0.001745329238474369
1789383474216.374,0.010471975430846214,-0.001745329238474369,0.001745329238474369
1789383474221.3777,0.010471975430846214,0.0,0.005235987715423107
1789383474226.3801,0.005235987715423107,-0.010471975430846214,-0.0
1789383474231.3838,0.005235987715423107,-0.010471975430846214,0.003490658476948738
1789383474236.3865,0.001745329238474369,-0.003490658476948738,0.005235987715423107
1789383474241.3901,0.001745329238474369,0.0,0.013962633907794952
1789383474246.3938,-0.005235987715423107,-0.003490658476948738,0.0
1789383474251.3962,-0.005235987715423107,-0.003490658476948738,0.0
1789383474256.4,-0.010471975430846214,0.0,-0.006981316953897476
1789383474261.4026,-0.008726646192371845,-0.001745329238474369,-0.010471975430846214
1789383474266.4062,-0.005235987715423107,0.003490658476948738,-0.006981316953897476
1789383474271.41,-0.001745329238474369,0.001745329238474369,-0.005235987715423107
1789383474276.4124,-0.012217304669320583,0.0,-0.005235987715423107
1789383474281.416,-0.013962633907794952,0.0,-0.001745329238474369
1789383474286.4187,-0.022689279168844223,-0.001745329238474369,-0.005235987715423107
1789383474291.4224,-0.027925267815589905,-0.006981316953897476,-0.003490658476948738
1789383474296.426,-0.02617993950843811,-0.006981316953897476,0.005235987715423107
1789383474301.4285,-0.019198622554540634,-0.005235987715423107,0.008726646192371845
1789383474306.4321,-0.006981316953897476,-0.005235987715423107,0.003490658476948738
1789383474311.4348,-0.001745329238474369,-0.006981316953897476,0.005235987715423107
1789383474316.4385,0.006981316953897476,-0.003490658476948738,-0.0
1789383474321.441,0.010471975430846214,0.0,0.0
1789383474326.4446,0.013962633907794952,0.0,-0.001745329238474369
1789383474331.4482,0.010471975430846214,0.003490658476948738,-0.001745329238474369
1789383474336.451,0.005235987715423107,0.001745329238474369,-0.003490658476948738
1789383474341.4546,0.0,0.0,-0.005235987715423107
1789383474346.457,-0.008726646192371845,0.0,-0.005235987715423107
1789383474351.4607,-0.015707962214946747,-0.001745329238474369,0.0
1789383474356.4644,-0.024434609338641167,-0.005235987715423107,0.0
1789383474361.467,-0.02617993950843811,-0.006981316953897476,0.008726646192371845
1789383474366.4705,-0.02617993950843811,-0.006981316953897476,0.005235987715423107
1789383474371.474,-0.010471975430846214,-0.013962633907794952,0.010471975430846214
1789383474376.4768,-0.0,-0.006981316953897476,0.010471975430846214
1789383474381.4805,0.012217304669320583,-0.006981316953897476,0.005235987715423107
1789383474386.483,0.024434609338641167,0.003490658476948738,0.0
1789383474391.4866,0.0296705961227417,0.003490658476948738,-0.008726646192371845
1789383474396.4893,0.03316125646233559,0.003490658476948738,-0.01745329238474369
1789383474401.493,0.031415924429893494,0.008726646192371845,-0.02617993950843811
1789383474406.4966,0.022689279168844223,0.005235987715423107,-0.027925267815589905
1789383474411.499,0.01745329238474369,0.003490658476948738,-0.027925267815589905
1789383474416.5027,0.006981316953897476,0.001745329238474369,-0.022689279168844223
1789383474421.5063,0.0,0.0,-0.013962633907794952
1789383474426.509,-0.005235987715423107,-0.001745329238474369,-0.003490658476948738
1789383474431.5125,-0.010471975430846214,-0.008726646192371845,0.0
1789383474436.5151,-0.001745329238474369,-0.012217304669320583,0.012217304669320583
1789383474441.5188,-0.003490658476948738,-0.012217304669320583,0.015707962214946747
1789383474446.5225,0.006981316953897476,-0.006981316953897476,0.015707962214946747
1789383474451.525,0.008726646192371845,-0.006981316953897476,0.006981316953897476
1789383474456.5286,0.012217304669320583,0.0,0.001745329238474369
1789383474461.5312,0.010471975430846214,0.001745329238474369,-0.005235987715423107
1789383474466.535,0.008726646192371845,0.006981316953897476,-0.012217304669320583
1789383474471.5374,0.001745329238474369,0.003490658476948738,-0.024434609338641167
1789383474476.541,-0.001745329238474369,0.001745329238474369,-0.022689279168844223
1789383474481.5447,0.0,0.0,-0.022689279168844223
1789383474486.5474,0.003490658476948738,0.003490658476948738,-0.01745329238474369
1789383474491.551,0.010471975430846214,0.0,-0.006981316953897476
1789383474496.5535,0.006981316953897476,0.0,0.0
1789383474501.5571,0.003490658476948738,-0.001745329238474369,0.008726646192371845
1789383474506.5608,-0.006981316953897476,-0.005235987715423107,0.010471975430846214
1789383474511.5635,-0.012217304669320583,-0.003490658476948738,0.008726646192371845
1789383474516.567,-0.01745329238474369,-0.006981316953897476,0.008726646192371845
1789383474521.5696,-0.022689279168844223,-0.005235987715423107,0.003490658476948738
1789383474526.5732,-0.02094395086169243,-0.005235987715423107,0.003490658476948738
1789383474531.576,-0.019198622554540634,0.0,-0.003490658476948738
1789383474536.5793,-0.012217304669320583,0.0,-0.008726646192371845
1789383474541.583,-0.001745329238474369,0.0,-0.015707962214946747
1789383474546.5857,0.001745329238474369,0.0,-0.01745329238474369
1789383474551.5894,0.006981316953897476,0.001745329238474369,-0.013962633907794952
1789383474556.5928,0.008726646192371845,0.003490658476948738,-0.005235987715423107
1789383474561.5955,0.013962633907794952,0.003490658476948738,-0.003490658476948738
1789383474566.599,0.008726646192371845,-0.006981316953897476,0.006981316953897476
1789383474571.6018,0.003490658476948738,-0.003490658476948738,0.012217304669320583
1789383474576.6052,-0.005235987715423107,-0.006981316953897476,0.02094395086169243
1789383474581.609,-0.012217304669320583,-0.008726646192371845,0.01745329238474369
1789383474586.6116,-0.015707962214946747,-0.008726646192371845,0.01745329238474369
1789383474591.6152,-0.013962633907794952,-0.003490658476948738,0.015707962214946747
1789383474596.6177,-0.005235987715423107,0.0,0.010471975430846214
1789383474601.6213,-0.005235987715423107,-0.003490658476948738,0.006981316953897476
1789383474606.624,0.005235987715423107,-0.003490658476948738,-0.0
1789383474611.6277,0.010471975430846214,0.001745329238474369,-0.005235987715423107
1789383474616.631,0.013962633907794952,0.0,-0.008726646192371845
1789383474621.6338,0.010471975430846214,0.001745329238474369,-0.013962633907794952
1789383474626.6375,0.0,0.001745329238474369,-0.024434609338641167
1789383474631.64,0.0,-0.001745329238474369,-0.01745329238474369
1789383474636.6436,0.0,-0.001745329238474369,-0.019198622554540634
1789383474641.6472,0.003490658476948738,-0.003490658476948738,-0.01745329238474369
1789383474646.65,0.003490658476948738,-0.003490658476948738,-0.008726646192371845
1789383474651.6533,0.006981316953897476,-0.001745329238474369,-0.006981316953897476
1789383474656.656,0.012217304669320583,0.0,-0.005235987715423107
1789383474661.6597,0.010471975430846214,-0.001745329238474369,-0.006981316953897476
1789383474666.6633,0.005235987715423107,-0.001745329238474369,-0.003490658476948738
1789383474671.6658,-0.005235987715423107,0.0,-0.006981316953897476
1789383474676.6694,-0.015707962214946747,-0.003490658476948738,-0.001745329238474369
1789383474681.672,-0.02617993950843811,0.0,-0.003490658476948738
1789383474686.6758,-0.03839724510908127,-0.006981316953897476,-0.001745329238474369
1789383474691.6792,-0.03839724510908127,-0.006981316953897476,0.006981316953897476
1789383474696.682,-0.04014257341623306,-0.010471975430846214,0.010471975430846214
1789383474701.6855,-0.022689279168844223,-0.010471975430846214,0.01745329238474369
1789383474706.688,-0.012217304669320583,-0.005235987715423107,0.012217304669320583
1789383474711.6917,0.012217304669320583,-0.006981316953897476,0.01745329238474369
1789383474716.6953,0.02617993950843811,-0.001745329238474369,0.013962633907794952
1789383474721.698,0.03490658476948738,-0.001745329238474369,0.003490658476948738
1789383474726.7014,0.045378558337688446,0.0,-0.006981316953897476
1789383474731.704,0.04363323003053665,0.0,-0.01745329238474369
1789383474736.7078,0.036651913076639175,0.0,-0.02094395086169243
1789383474741.7114,0.024434609338641167,0.003490658476948738,-0.0296705961227417
1789383474746.7139,0.02094395086169243,0.003490658476948738,-0.024434609338641167
1789383474751.7175,0.013962633907794952,0.003490658476948738,-0.024434609338641167
1789383474756.7202,0.006981316953897476,-0.003490658476948738,-0.019198622554540634
1789383474761.7239,0.008726646192371845,0.0,-0.006981316953897476
1789383474766.7273,0.003490658476948738,-0.005235987715423107,0.001745329238474369
1789383474771.73,0.001745329238474369,-0.003490658476948738,0.005235987715423107
1789383474776.7336,-0.0,-0.008726646192371845,0.012217304669320583
1789383474781.736,-0.006981316953897476,-0.008726646192371845,0.008726646192371845
1789383474786.7397,-0.010471975430846214,-0.006981316953897476,0.003490658476948738
1789383474791.7424,-0.015707962214946747,-0.006981316953897476,0.003490658476948738
1789383474796.746,-0.012217304669320583,0.0,0.0
1789383474801.7495,-0.02094395086169243,0.003490658476948738,-0.012217304669320583
1789383474806.7522,-0.01745329238474369,0.0,-0.010471975430846214
1789383474811.7559,-0.015707962214946747,0.0,-0.012217304669320583
1789383474816.7595,-0.013962633907794952,0.001745329238474369,-0.008726646192371845
1789383474821.762,-0.001745329238474369,0.005235987715423107,-0.001745329238474369
1789383474826.7656,-0.003490658476948738,0.003490658476948738,0.003490658476948738
1789383474831.7683,0.0,0.0,0.01745329238474369
1789383474836.7717,-0.001745329238474369,-0.001745329238474369,0.01745329238474369
1789383474841.7744,-0.001745329238474369,-0.008726646192371845,0.022689279168844223
1789383474846.778,-0.006981316953897476,-0.008726646192371845,0.02094395086169243
1789383474851.7817,-0.008726646192371845,0.0,0.01745329238474369
1789383474856.7842,-0.01745329238474369,-0.005235987715423107,0.012217304669320583
1789383474861.7878,-0.013962633907794952,-0.005235987715423107,0.003490658476948738
1789383474866.7905,-0.010471975430846214,0.0,-0.005235987715423107
1789383474871.794,-0.001745329238474369,0.0,-0.012217304669320583
1789383474876.7976,0.0,-0.005235987715423107,-0.01745329238474369
1789383474881.8003,0.013962633907794952,0.0,-0.015707962214946747
1789383474886.8037,0.015707962214946747,0.001745329238474369,-0.01745329238474369
1789383474891.8064,0.02094395086169243,0.0,-0.010471975430846214
1789383474896.81,0.022689279168844223,0.0,-0.005235987715423107
1789383474901.8137,0.02094395086169243,-0.001745329238474369,-0.006981316953897476
1789383474906.8162,0.02094395086169243,-0.003490658476948738,-0.0
1789383474911.8198,0.010471975430846214,-0.005235987715423107,0.005235987715423107
1789383474916.8235,0.003490658476948738,-0.001745329238474369,0.005235987715423107
1789383474921.826,-0.01745329238474369,-0.003490658476948738,0.0
1789383474926.8296,-0.02094395086169243,-0.003490658476948738,0.005235987715423107
1789383474931.8323,-0.022689279168844223,-0.005235987715423107,0.0
1789383474936.836,-0.02617993950843811,-0.001745329238474369,0.001745329238474369
1789383474941.8384,-0.024434609338641167,-0.003490658476948738,0.001745329238474369
1789383474946.842,-0.015707962214946747,-0.005235987715423107,0.003490658476948738
1789383474951.8457,-0.013962633907794952,-0.001745329238474369,0.003490658476948738
1789383474956.8481,-0.010471975430846214,-0.003490658476948738,0.005235987715423107
1789383474961.8518,-0.003490658476948738,-0.010471975430846214,0.005235987715423107
1789383474966.8545,-0.001745329238474369,-0.008726646192371845,0.005235987715423107
1789383474971.858,-0.003490658476948738,-0.003490658476948738,0.003490658476948738
1789383474976.8616,0.005235987715423107,-0.003490658476948738,0.005235987715423107
1789383474981.8643,0.008726646192371845,-0.003490658476948738,-0.0
1789383474986.868,0.013962633907794952,0.0,0.006981316953897476
1789383474991.8713,0.01745329238474369,-0.003490658476948738,-0.005235987715423107
1789383474996.874,0.019198622554540634,-0.003490658476948738,-0.006981316953897476
1789383475001.8777,0.02094395086169243,0.001745329238474369,-0.013962633907794952
1789383475006.8801,0.02617993950843811,0.0,-0.010471975430846214
1789383475011.8838,0.0296705961227417,0.001745329238474369,-0.013962633907794952
1789383475016.8865,0.036651913076639175,0.003490658476948738,-0.010471975430846214
1789383475021.89,0.027925267815589905,0.006981316953897476,-0.015707962214946747
1789383475026.8926,0.022689279168844223,0.0,-0.015707962214946747
1789383475031.8962,0.005235987715423107,0.0,-0.015707962214946747
1789383475036.8997,-0.006981316953897476,-0.005235987715423107,-0.013962633907794952
1789383475041.9023,-0.024434609338641167,-0.005235987715423107,-0.008726646192371845
1789383475046.906,-0.031415924429893494,-0.010471975430846214,-0.003490658476948738
1789383475051.9084,-0.03839724510908127,-0.005235987715423107,0.001745329238474369
1789383475056.912,-0.03490658476948738,-0.006981316953897476,0.0
1789383475061.9158,-0.027925267815589905,-0.008726646192371845,0.001745329238474369
1789383475066.9185,-0.010471975430846214,-0.005235987715423107,0.005235987715423107
1789383475071.9219,-0.0,-0.003490658476948738,0.005235987715423107
1789383475076.9255,0.005235987715423107,0.0,0.005235987715423107
1789383475081.9282,0.010471975430846214,-0.001745329238474369,-0.003490658476948738
1789383475086.9316,0.006981316953897476,0.0,-0.005235987715423107
1789383475091.9343,0.001745329238474369,-0.001745329238474369,-0.006981316953897476
1789383475096.938,-0.008726646192371845,0.001745329238474369,-0.005235987715423107
1789383475101.9404,-0.012217304669320583,0.003490658476948738,-0.003490658476948738
1789383475106.944,-0.019198622554540634,0.003490658476948738,-0.001745329238474369
1789383475111.9478,-0.019198622554540634,0.0,0.0
1789383475116.9502,-0.024434609338641167,-0.006981316953897476,0.006981316953897476
1789383475121.9539,-0.024434609338641167,-0.012217304669320583,0.012217304669320583
1789383475126.9575,-0.019198622554540634,-0.008726646192371845,0.015707962214946747
1789383475131.96,-0.013962633907794952,-0.005235987715423107,0.015707962214946747
1789383475136.9636,-0.008726646192371845,-0.008726646192371845,0.015707962214946747
1789383475141.9663,0.001745329238474369,-0.005235987715423107,0.006981316953897476
1789383475146.9697,0.019198622554540634,-0.001745329238474369,-0.003490658476948738
1789383475151.9724,0.0296705961227417,0.0,-0.010471975430846214
1789383475156.976,0.031415924429893494,0.006981316953897476,-0.02094395086169243
1789383475161.9797,0.03490658476948738,0.006981316953897476,-0.024434609338641167
1789383475166.9822,0.024434609338641167,0.012217304669320583,-0.036651913076639175
1789383475171.9858,0.012217304669320583,0.003490658476948738,-0.0296705961227417
1789383475176.9883,-0.005235987715423107,0.0,-0.0296705961227417
1789383475181.992,-0.015707962214946747,-0.005235987715423107,-0.015707962214946747
1789383475186.9956,-0.019198622554540634,0.0,-0.001745329238474369
1789383475191.9983,-0.019198622554540634,-0.005235987715423107,0.010471975430846214
1789383475197.002,-0.02094395086169243,-0.013962633907794952,0.024434609338641167
1789383475202.0046,-0.013962633907794952,-0.008726646192371845,0.0296705961227417
1789383475207.0083,-0.008726646192371845,-0.012217304669320583,0.02617993950843811
1789383475212.012,-0.005235987715423107,-0.003490658476948738,0.02617993950843811
1789383475217.0146,-0.0,-0.006981316953897476,0.015707962214946747
1789383475222.0183,0.003490658476948738,-0.001745329238474369,0.005235987715423107
1789383475227.022,0.008726646192371845,0.0,-0.003490658476948738
1789383475232.0247,0.008726646192371845,0.005235987715423107,-0.013962633907794952
1789383475237.0283,0.010471975430846214,0.005235987715423107,-0.022689279168844223
1789383475242.031,0.005235987715423107,0.005235987715423107,-0.02094395086169243
1789383475247.0347,0.006981316953897476,0.006981316953897476,-0.01745329238474369
1789383475252.037,0.001745329238474369,0.0,-0.008726646192371845
1789383475257.0408,-0.005235987715423107,0.0,0.0
1789383475262.0444,-0.012217304669320583,0.0,0.006981316953897476
1789383475267.047,-0.022689279168844223,-0.010471975430846214,0.015707962214946747
1789383475272.0508,-0.024434609338641167,-0.015707962214946747,0.019198622554540634
1789383475277.0535,-0.031415924429893494,-0.015707962214946747,0.015707962214946747
1789383475282.0571,-0.027925267815589905,-0.012217304669320583,0.012217304669320583
1789383475287.0608,-0.02094395086169243,-0.006981316953897476,0.003490658476948738
1789383475292.0635,-0.006981316953897476,-0.010471975430846214,-0.008726646192371845
1789383475297.0671,0.001745329238474369,-0.005235987715423107,-0.01745329238474369
1789383475302.0698,0.013962633907794952,0.003490658476948738,-0.024434609338641167
1789383475307.0735,0.027925267815589905,0.005235987715423107,-0.027925267815589905
1789383475312.0771,0.036651913076639175,0.003490658476948738,-0.031415924429893494
1789383475317.0798,0.04363323003053665,0.006981316953897476,-0.02617993950843811
1789383475322.0835,0.04014257341623306,0.003490658476948738,-0.02094395086169243
1789383475327.0862,0.03316125646233559,0.0,-0.012217304669320583
1789383475332.0898,0.02094395086169243,-0.003490658476948738,-0.001745329238474369
1789383475337.0935,0.012217304669320583,-0.001745329238474369,0.006981316953897476
1789383475342.0962,-0.005235987715423107,-0.005235987715423107,0.012217304669320583
1789383475347.0999,-0.013962633907794952,-0.015707962214946747,0.013962633907794952
1789383475352.1025,-0.022689279168844223,-0.010471975430846214,0.013962633907794952
1789383475357.1062,-0.022689279168844223,-0.008726646192371845,0.006981316953897476
1789383475362.1099,-0.015707962214946747,-0.005235987715423107,0.006981316953897476
1789383475367.1125,-0.005235987715423107,-0.006981316953897476,0.0
1789383475372.1162,0.008726646192371845,0.0,-0.003490658476948738
1789383475377.119,0.02094395086169243,0.0,-0.006981316953897476
1789383475382.1226,0.027925267815589905,0.001745329238474369,-0.01745329238474369
1789383475387.125,0.03490658476948738,0.001745329238474369,-0.010471975430846214
1789383475392.1287,0.0296705961227417,0.0,-0.01745329238474369
1789383475397.1323,0.022689279168844223,0.001745329238474369,-0.008726646192371845
1789383475402.135,0.010471975430846214,0.0,-0.005235987715423107
1789383475407.1387,-0.005235987715423107,-0.006981316953897476,-0.005235987715423107
1789383475412.1414,-0.01745329238474369,-0.005235987715423107,0.0
1789383475417.145,-0.02617993950843811,-0.008726646192371845,0.008726646192371845
1789383475422.1487,-0.031415924429893494,-0.005235987715423107,0.005235987715423107
1789383475427.1514,-0.031415924429893494,-0.008726646192371845,0.005235987715423107
1789383475432.155,-0.019198622554540634,-0.006981316953897476,0.006981316953897476
1789383475437.1587,-0.005235987715423107,-0.005235987715423107,0.001745329238474369
1789383475442.1614,0.01745329238474369,-0.001745329238474369,-0.001745329238474369
1789383475447.165,0.031415924429893494,0.0,-0.010471975430846214
1789383475452.1677,0.04363323003053665,0.006981316953897476,-0.013962633907794952
1789383475457.1714,0.04188790172338486,0.003490658476948738,-0.019198622554540634
1789383475462.174,0.04363323003053665,0.008726646192371845,-0.024434609338641167
1789383475467.1777,0.022689279168844223,0.001745329238474369,-0.027925267815589905
1789383475472.1814,0.001745329238474369,0.003490658476948738,-0.02094395086169243
1789383475477.184,-0.008726646192371845,0.0,-0.01745329238474369
1789383475482.1877,-0.027925267815589905,-0.003490658476948738,-0.005235987715423107
1789383475487.1904,-0.03490658476948738,-0.010471975430846214,0.008726646192371845
1789383475492.194,-0.036651913076639175,-0.005235987715423107,0.015707962214946747
1789383475497.1978,-0.03316125646233559,-0.008726646192371845,0.024434609338641167
1789383475502.2002,-0.027925267815589905,-0.010471975430846214,0.031415924429893494
1789383475507.2039,-0.013962633907794952,-0.013962633907794952,0.027925267815589905
1789383475512.2065,-0.0,-0.008726646192371845,0.02094395086169243
1789383475517.2102,0.006981316953897476,-0.003490658476948738,0.010471975430846214
1789383475522.2139,0.012217304669320583,0.001745329238474369,0.003490658476948738
1789383475527.2166,0.01745329238474369,0.0,-0.008726646192371845
1789383475532.2202,0.012217304669320583,0.003490658476948738,-0.019198622554540634
1789383475537.223,0.010471975430846214,0.005235987715423107,-0.024434609338641167
1789383475542.2266,0.0,0.001745329238474369,-0.02617993950843811
1789383475547.2302,-0.003490658476948738,0.0,-0.02094395086169243
1789383475552.233,-0.010471975430846214,0.0,-0.015707962214946747
1789383475557.2366,-0.008726646192371845,-0.003490658476948738,-0.005235987715423107
1789383475562.2393,-0.005235987715423107,-0.012217304669320583,0.006981316953897476
1789383475567.243,-0.0,-0.012217304669320583,0.010471975430846214
1789383475572.2466,0.006981316953897476,-0.012217304669320583,0.013962633907794952
1789383475577.2493,0.008726646192371845,-0.010471975430846214,0.010471975430846214
1789383475582.253,0.013962633907794952,-0.006981316953897476,0.003490658476948738
1789383475587.2556,0.019198622554540634,-0.005235987715423107,-0.005235987715423107
1789383475592.2593,0.015707962214946747,-0.001745329238474369,-0.015707962214946747
1789383475597.263,0.012217304669320583,0.003490658476948738,-0.02617993950843811
1789383475602.2656,0.013962633907794952,0.003490658476948738,-0.03316125646233559
1789383475607.2693,0.003490658476948738,0.005235987715423107,-0.03316125646233559
1789383475612.2717,-0.003490658476948738,0.0,-0.0296705961227417
1789383475617.2754,-0.005235987715423107,0.001745329238474369,-0.012217304669320583
1789383475622.279,-0.01745329238474369,0.0,-0.006981316953897476
1789383475627.2817,-0.02094395086169243,-0.008726646192371845,0.005235987715423107
1789383475632.2854,-0.022689279168844223,-0.015707962214946747,0.015707962214946747
1789383475637.288,-0.019198622554540634,-0.013962633907794952,0.019198622554540634
1789383475642.2917,-0.010471975430846214,-0.005235987715423107,0.024434609338641167
1789383475647.2954,-0.005235987715423107,-0.010471975430846214,0.013962633907794952
1789383475652.298,-0.0,-0.003490658476948738,0.005235987715423107
1789383475657.3018,0.0,-0.005235987715423107,-0.008726646192371845
1789383475662.3044,0.0,0.001745329238474369,-0.010471975430846214
1789383475667.308,0.008726646192371845,0.006981316953897476,-0.01745329238474369
1789383475672.3118,0.010471975430846214,0.010471975430846214,-0.02094395086169243
1789383475677.3145,0.012217304669320583,0.005235987715423107,-0.019198622554540634
1789383475682.318,0.015707962214946747,0.008726646192371845,-0.010471975430846214
1789383475687.3208,0.010471975430846214,0.0,-0.003490658476948738
1789383475692.3245,0.006981316953897476,-0.005235987715423107,0.006981316953897476
1789383475697.3281,-0.003490658476948738,-0.006981316953897476,0.019198622554540634
1789383475702.3308,-0.01745329238474369,-0.008726646192371845,0.02617993950843811
1789383475707.3345,-0.02617993950843811,-0.010471975430846214,0.02617993950843811
1789383475712.337,-0.031415924429893494,-0.012217304669320583,0.01745329238474369
1789383475717.3406,-0.031415924429893494,-0.013962633907794952,0.005235987715423107
1789383475722.3433,-0.0296705961227417,-0.006981316953897476,0.001745329238474369
1789383475727.347,-0.022689279168844223,-0.001745329238474369,-0.006981316953897476
1789383475732.3506,-0.001745329238474369,0.003490658476948738,-0.012217304669320583
1789383475737.3533,0.010471975430846214,0.001745329238474369,-0.02094395086169243
1789383475742.357,0.022689279168844223,0.005235987715423107,-0.0296705961227417
1789383475747.3606,0.03316125646233559,0.005235987715423107,-0.024434609338641167
1789383475752.3633,0.03316125646233559,0.001745329238474369,-0.015707962214946747
1789383475757.367,0.027925267815589905,0.0,-0.008726646192371845
1789383475762.3696,0.019198622554540634,0.005235987715423107,0.001745329238474369
1789383475767.3733,-0.0,-0.001745329238474369,0.008726646192371845
1789383475772.376,-0.01745329238474369,-0.008726646192371845,0.012217304669320583
1789383475777.3796,-0.03490658476948738,-0.010471975430846214,0.013962633907794952
1789383475782.3833,-0.04363323003053665,-0.010471975430846214,0.019198622554540634
1789383475787.386,-0.04188790172338486,-0.010471975430846214,0.022689279168844223
1789383475792.3896,-0.04188790172338486,-0.003490658476948738,0.012217304669320583
1789383475797.3933,-0.015707962214946747,-0.006981316953897476,0.008726646192371845
1789383475802.3958,-0.0,-0.001745329238474369,0.003490658476948738
1789383475807.3994,0.015707962214946747,-0.003490658476948738,-0.003490658476948738
1789383475812.402,0.03316125646233559,0.001745329238474369,-0.005235987715423107
1789383475817.4058,0.04014257341623306,0.003490658476948738,-0.013962633907794952
1789383475822.4084,0.04014257341623306,0.006981316953897476,-0.012217304669320583
1789383475827.412,0.027925267815589905,0.003490658476948738,-0.027925267815589905
1789383475832.4148,0.022689279168844223,0.001745329238474369,-0.01745329238474369
1789383475837.4185,0.006981316953897476,-0.001745329238474369,-0.01745329238474369
1789383475842.422,0.0,-0.003490658476948738,-0.010471975430846214
1789383475847.4248,-0.013962633907794952,-0.001745329238474369,-0.005235987715423107
1789383475852.4285,-0.019198622554540634,-0.003490658476948738,0.0
1789383475857.4321,-0.024434609338641167,-0.008726646192371845,0.006981316953897476
1789383475862.4348,-0.024434609338641167,-0.003490658476948738,0.010471975430846214
1789383475867.4385,-0.02617993950843811,-0.008726646192371845,0.005235987715423107
1789383475872.4421,-0.024434609338641167,-0.012217304669320583,0.010471975430846214
1789383475877.4448,-0.019198622554540634,-0.006981316953897476,0.010471975430846214
1789383475882.4485,-0.013962633907794952,-0.005235987715423107,0.0
1789383475887.451,-0.005235987715423107,-0.005235987715423107,-0.005235987715423107
1789383475892.4546,-0.001745329238474369,-0.001745329238474369,-0.010471975430846214
1789383475897.4573,0.0,0.001745329238474369,-0.010471975430846214
1789383475902.461,0.0,0.001745329238474369,-0.012217304669320583
1789383475907.4646,0.001745329238474369,0.001745329238474369,-0.012217304669320583
1789383475912.4673,0.006981316953897476,-0.001745329238474369,-0.010471975430846214
1789383475917.471,0.013962633907794952,-0.001745329238474369,-0.003490658476948738
1789383475922.4736,0.024434609338641167,0.0,-0.006981316953897476
1789383475927.4773,0.03316125646233559,-0.005235987715423107,-0.001745329238474369
1789383475932.481,0.03490658476948738,-0.001745329238474369,-0.0
1789383475937.4836,0.03839724510908127,0.001745329238474369,0.0
1789383475942.4873,0.031415924429893494,0.0,0.0
1789383475947.49,0.019198622554540634,0.0,-0.001745329238474369
1789383475952.4937,0.008726646192371845,-0.006981316953897476,-0.003490658476948738
1789383475957.4973,-0.001745329238474369,-0.003490658476948738,-0.012217304669320583
1789383475962.5,-0.012217304669320583,-0.003490658476948738,-0.012217304669320583
1789383475967.5037,-0.013962633907794952,-0.006981316953897476,-0.008726646192371845
1789383475972.506,-0.008726646192371845,-0.003490658476948738,-0.005235987715423107
1789383475977.5098,-0.008726646192371845,-0.001745329238474369,-0.001745329238474369
1789383475982.5134,-0.008726646192371845,-0.006981316953897476,0.0
1789383475987.516,-0.005235987715423107,-0.001745329238474369,0.001745329238474369
1789383475992.5198,-0.0,-0.006981316953897476,0.001745329238474369
1789383475997.5225,0.005235987715423107,-0.008726646192371845,0.003490658476948738
1789383476002.5261,0.008726646192371845,-0.001745329238474369,-0.0
1789383476007.5298,0.012217304669320583,0.001745329238474369,0.0
1789383476012.5325,0.013962633907794952,0.008726646192371845,-0.003490658476948738
1789383476017.5361,0.012217304669320583,0.0,-0.005235987715423107
1789383476022.5388,0.008726646192371845,0.001745329238474369,-0.010471975430846214
1789383476027.5425,0.001745329238474369,0.001745329238474369,-0.006981316953897476
1789383476032.5461,-0.003490658476948738,0.0,0.001745329238474369
1789383476037.5488,-0.005235987715423107,0.0,0.010471975430846214
1789383476042.5525,-0.012217304669320583,-0.005235987715423107,0.01745329238474369
1789383476047.555,-0.015707962214946747,-0.005235987715423107,0.015707962214946747
1789383476052.5586,-0.019198622554540634,-0.013962633907794952,0.015707962214946747
1789383476057.5623,-0.02094395086169243,-0.013962633907794952,0.02094395086169243
1789383476062.565,-0.012217304669320583,-0.008726646192371845,0.013962633907794952
1789383476067.5686,-0.008726646192371845,-0.003490658476948738,0.008726646192371845
1789383476072.5713,0.003490658476948738,0.0,0.001745329238474369
1789383476077.575,0.015707962214946747,0.0,-0.008726646192371845
1789383476082.5786,0.0296705961227417,-0.001745329238474369,-0.019198622554540634
1789383476087.5813,0.04014257341623306,0.003490658476948738,-0.024434609338641167
1789383476092.585,0.04014257341623306,0.005235987715423107,-0.024434609338641167
1789383476097.5876,0.04188790172338486,0.008726646192371845,-0.031415924429893494
1789383476102.5913,0.036651913076639175,0.006981316953897476,-0.024434609338641167
1789383476107.595,0.022689279168844223,0.0,-0.02094395086169243
1789383476112.5977,0.006981316953897476,-0.001745329238474369,-0.008726646192371845
1789383476117.6013,-0.006981316953897476,-0.005235987715423107,0.0
1789383476122.6038,-0.024434609338641167,-0.006981316953897476,0.005235987715423107
1789383476127.6074,-0.03839724510908127,-0.008726646192371845,0.015707962214946747
1789383476132.61,-0.045378558337688446,-0.013962633907794952,0.01745329238474369
1789383476137.6138,-0.04712389037013054,-0.015707962214946747,0.013962633907794952
1789383476142.6174,-0.04014257341623306,-0.006981316953897476,0.01745329238474369
1789383476147.62,-0.027925267815589905,-0.003490658476948738,0.013962633907794952
1789383476152.6238,-0.006981316953897476,0.0,0.010471975430846214
1789383476157.6265,0.006981316953897476,0.003490658476948738,0.005235987715423107
1789383476162.6301,0.02094395086169243,0.003490658476948738,-0.001745329238474369
1789383476167.6338,0.02617993950843811,0.008726646192371845,-0.010471975430846214
1789383476172.6365,0.022689279168844223,0.006981316953897476,-0.008726646192371845
1789383476177.6401,0.012217304669320583,0.003490658476948738,-0.012217304669320583
1789383476182.6438,0.008726646192371845,-0.003490658476948738,-0.013962633907794952
1789383476187.6465,0.0,0.0,-0.006981316953897476
1789383476192.6501,-0.006981316953897476,-0.001745329238474369,-0.005235987715423107
1789383476197.6528,-0.003490658476948738,-0.005235987715423107,0.0
1789383476202.6565,-0.0,-0.008726646192371845,0.006981316953897476
1789383476207.6592,0.003490658476948738,-0.003490658476948738,0.006981316953897476
1789383476212.6628,0.008726646192371845,0.0,0.010471975430846214
1789383476217.6665,0.010471975430846214,-0.003490658476948738,-0.0
1789383476222.6692,0.006981316953897476,-0.001745329238474369,-0.001745329238474369
1789383476227.6729,0.008726646192371845,0.0,-0.005235987715423107
1789383476232.6755,0.005235987715423107,0.001745329238474369,-0.008726646192371845
1789383476237.6792,-0.006981316953897476,0.006981316953897476,-0.010471975430846214
1789383476242.6829,-0.012217304669320583,0.003490658476948738,-0.012217304669320583
1789383476247.6855,-0.02094395086169243,-0.001745329238474369,-0.006981316953897476
1789383476252.6892,-0.02094395086169243,-0.003490658476948738,-0.008726646192371845
1789383476257.692,-0.015707962214946747,-0.003490658476948738,0.001745329238474369
1789383476262.6956,-0.010471975430846214,-0.001745329238474369,0.006981316953897476
1789383476267.6992,-0.0,-0.001745329238474369,0.013962633907794952
1789383476272.702,0.006981316953897476,-0.003490658476948738,0.019198622554540634
1789383476277.7056,0.012217304669320583,-0.005235987715423107,0.013962633907794952
1789383476282.7083,0.012217304669320583,-0.006981316953897476,0.013962633907794952
1789383476287.712,0.006981316953897476,-0.005235987715423107,0.003490658476948738
1789383476292.7146,0.0,-0.001745329238474369,0.0
1789383476297.7183,-0.013962633907794952,-0.001745329238474369,-0.003490658476948738
1789383476302.722,-0.02094395086169243,0.001745329238474369,-0.010471975430846214
1789383476307.7246,-0.022689279168844223,0.0,-0.012217304669320583
1789383476312.7285,-0.022689279168844223,-0.001745329238474369,-0.010471975430846214
1789383476317.7312,-0.010471975430846214,0.0,-0.001745329238474369
1789383476322.7349,-0.001745329238474369,-0.005235987715423107,0.0
1789383476327.7385,0.008726646192371845,-0.003490658476948738,0.005235987715423107
1789383476332.7412,0.019198622554540634,-0.001745329238474369,0.006981316953897476
1789383476337.7449,0.022689279168844223,-0.003490658476948738,0.010471975430846214
1789383476342.7476,0.022689279168844223,-0.005235987715423107,0.005235987715423107
1789383476347.7512,0.024434609338641167,-0.001745329238474369,0.006981316953897476
1789383476352.755,0.010471975430846214,-0.005235987715423107,-0.003490658476948738
1789383476357.7576,0.001745329238474369,-0.003490658476948738,-0.012217304669320583
1789383476362.7612,0.0,0.0,-0.013962633907794952
1789383476367.764,-0.005235987715423107,0.0,-0.019198622554540634
1789383476372.7676,-0.006981316953897476,0.0,-0.012217304669320583
1789383476377.7712,-0.005235987715423107,0.0,-0.008726646192371845
1789383476382.774,-0.006981316953897476,-0.005235987715423107,-0.005235987715423107
1789383476387.7776,0.0,-0.003490658476948738,0.0
1789383476392.7812,0.003490658476948738,-0.001745329238474369,0.006981316953897476
1789383476397.784,0.008726646192371845,-0.005235987715423107,0.005235987715423107
1789383476402.7876,0.015707962214946747,-0.005235987715423107,0.006981316953897476
1789383476407.7903,0.012217304669320583,-0.006981316953897476,0.005235987715423107
1789383476412.794,0.006981316953897476,-0.003490658476948738,-0.0
1789383476417.7976,0.005235987715423107,0.0,-0.003490658476948738
1789383476422.8003,-0.001745329238474369,-0.001745329238474369,-0.012217304669320583
1789383476427.804,-0.006981316953897476,0.0,-0.012217304669320583
1789383476432.8066,-0.006981316953897476,0.0,-0.013962633907794952
1789383476437.8103,-0.005235987715423107,-0.001745329238474369,-0.006981316953897476
1789383476442.814,-0.005235987715423107,0.0,-0.005235987715423107
1789383476447.8167,-0.005235987715423107,0.0,0.0
1789383476452.8206,-0.005235987715423107,-0.008726646192371845,0.005235987715423107
1789383476457.823,-0.008726646192371845,-0.012217304669320583,0.005235987715423107
1789383476462.827,-0.003490658476948738,-0.006981316953897476,0.006981316953897476
1789383476467.8306,-0.006981316953897476,-0.006981316953897476,0.003490658476948738
1789383476472.8333,-0.012217304669320583,-0.006981316953897476,0.001745329238474369
1789383476477.837,-0.013962633907794952,0.0,-0.006981316953897476
1789383476482.8396,-0.008726646192371845,0.0,-0.012217304669320583
1789383476487.8433,-0.006981316953897476,-0.001745329238474369,-0.013962633907794952
1789383476492.846,-0.001745329238474369,-0.005235987715423107,-0.015707962214946747
1789383476497.8496,0.003490658476948738,0.0,-0.013962633907794952
1789383476502.8533,0.01745329238474369,0.0,-0.008726646192371845
1789383476507.856,0.027925267815589905,0.0,-0.005235987715423107
1789383476512.8596,0.031415924429893494,-0.003490658476948738,-0.0
1789383476517.8633,0.024434609338641167,-0.001745329238474369,0.005235987715423107
1789383476522.866,0.0296705961227417,0.0,0.008726646192371845
1789383476527.8696,0.02094395086169243,-0.001745329238474369,0.006981316953897476
1789383476532.8723,0.01745329238474369,0.0,0.005235987715423107
1789383476537.876,0.006981316953897476,-0.005235987715423107,0.003490658476948738
1789383476542.8796,0.003490658476948738,0.0,0.001745329238474369
1789383476547.8823,0.0,-0.005235987715423107,0.0
1789383476552.886,0.003490658476948738,-0.003490658476948738,-0.0
1789383476557.8887,0.003490658476948738,0.0,0.0
1789383476562.8923,0.001745329238474369,-0.001745329238474369,0.001745329238474369
1789383476567.895,0.010471975430846214,-0.001745329238474369,-0.0
1789383476572.8987,0.012217304669320583,0.001745329238474369,0.0
1789383476577.9023,0.01745329238474369,0.0,-0.005235987715423107
1789383476582.905,0.015707962214946747,-0.005235987715423107,-0.001745329238474369
1789383476587.9087,0.013962633907794952,-0.003490658476948738,-0.005235987715423107
1789383476592.9114,0.006981316953897476,0.001745329238474369,-0.005235987715423107
1789383476597.915,-0.001745329238474369,0.0,-0.008726646192371845
1789383476602.9187,-0.005235987715423107,-0.003490658476948738,-0.012217304669320583
1789383476607.9214,-0.012217304669320583,-0.005235987715423107,-0.01745329238474369
1789383476612.925,-0.012217304669320583,-0.006981316953897476,-0.012217304669320583
1789383476617.9277,-0.012217304669320583,-0.005235987715423107,-0.008726646192371845
1789383476622.9316,-0.001745329238474369,0.001745329238474369,0.0
1789383476627.9353,-0.0,-0.003490658476948738,0.003490658476948738
1789383476632.938,0.001745329238474369,0.0,0.010471975430846214
1789383476637.9417,-0.0,-0.005235987715423107,0.006981316953897476
1789383476642.9453,-0.0,-0.003490658476948738,0.012217304669320583
1789383476647.948,0.005235987715423107,-0.001745329238474369,0.013962633907794952
1789383476652.9517,0.006981316953897476,0.0,0.012217304669320583
1789383476657.9543,0.008726646192371845,0.0,0.006981316953897476
1789383476662.958,0.005235987715423107,0.003490658476948738,0.005235987715423107
1789383476667.9607,0.0,0.0,0.0
1789383476672.9644,-0.003490658476948738,0.0,0.0
1789383476677.968,-0.013962633907794952,0.0,-0.006981316953897476
1789383476682.9707,-0.01745329238474369,-0.001745329238474369,-0.006981316953897476
1789383476687.9744,-0.01745329238474369,-0.005235987715423107,-0.006981316953897476
1789383476692.977,-0.013962633907794952,0.0,-0.001745329238474369
1789383476697.9807,-0.012217304669320583,0.0,-0.005235987715423107
1789383476702.9834,-0.001745329238474369,-0.003490658476948738,-0.001745329238474369
1789383476707.987,0.005235987715423107,-0.005235987715423107,-0.005235987715423107
1789383476712.9907,0.008726646192371845,-0.001745329238474369,-0.005235987715423107
1789383476717.9934,0.006981316953897476,0.0,-0.008726646192371845
1789383476722.997,0.0,0.0,-0.015707962214946747
1789383476728.0007,-0.012217304669320583,0.001745329238474369,-0.02094395086169243
1789383476733.0034,-0.027925267815589905,-0.005235987715423107,-0.019198622554540634
1789383476738.007,-0.0296705961227417,-0.003490658476948738,-0.022689279168844223
1789383476743.0098,-0.027925267815589905,-0.005235987715423107,-0.012217304669320583
1789383476748.0134,-0.024434609338641167,-0.006981316953897476,-0.008726646192371845
1789383476753.017,-0.012217304669320583,-0.003490658476948738,0.0
1789383476758.0198,-0.0,-0.003490658476948738,0.013962633907794952
1789383476763.0234,0.001745329238474369,-0.001745329238474369,0.012217304669320583
1789383476768.0261,0.012217304669320583,-0.003490658476948738,0.015707962214946747
1789383476773.0298,0.005235987715423107,-0.006981316953897476,0.013962633907794952
1789383476778.0334,0.006981316953897476,-0.008726646192371845,0.015707962214946747
1789383476783.0361,0.003490658476948738,-0.005235987715423107,0.005235987715423107
1789383476788.0398,0.003490658476948738,-0.003490658476948738,-0.001745329238474369
1789383476793.0425,0.0,0.0,-0.005235987715423107
1789383476798.0461,-0.008726646192371845,0.0,-0.006981316953897476
1789383476803.05,-0.005235987715423107,0.001745329238474369,-0.005235987715423107
1789383476808.0525,-0.010471975430846214,-0.003490658476948738,-0.006981316953897476
1789383476813.0564,0.0,-0.005235987715423107,-0.005235987715423107
1789383476818.059,-0.003490658476948738,-0.005235987715423107,-0.006981316953897476
1789383476823.0627,0.006981316953897476,-0.005235987715423107,-0.010471975430846214
1789383476828.0654,0.012217304669320583,-0.005235987715423107,-0.008726646192371845
1789383476833.069,0.019198622554540634,0.0,-0.005235987715423107
1789383476838.0728,0.013962633907794952,0.0,-0.008726646192371845
1789383476843.0754,0.006981316953897476,0.0,-0.008726646192371845
1789383476848.079,0.001745329238474369,0.0,-0.012217304669320583
1789383476853.0818,0.0,0.0,-0.013962633907794952
1789383476858.0854,-0.008726646192371845,-0.001745329238474369,-0.013962633907794952
1789383476863.089,-0.005235987715423107,-0.001745329238474369,-0.010471975430846214
1789383476868.0918,0.0,0.0,0.0
1789383476873.0955,0.005235987715423107,0.0,0.0
1789383476878.099,-0.001745329238474369,-0.003490658476948738,0.005235987715423107
1789383476883.1018,-0.0,-0.008726646192371845,0.006981316953897476
1789383476888.1055,-0.001745329238474369,-0.008726646192371845,0.010471975430846214
1789383476893.1082,-0.003490658476948738,-0.006981316953897476,0.012217304669320583
1789383476898.1118,-0.005235987715423107,-0.001745329238474369,0.010471975430846214
1789383476903.1155,-0.001745329238474369,0.0,0.006981316953897476
1789383476908.1182,0.001745329238474369,0.001745329238474369,0.005235987715423107
1789383476913.1218,0.001745329238474369,-0.003490658476948738,-0.005235987715423107
1789383476918.1245,0.0,0.0,-0.005235987715423107
1789383476923.1282,0.001745329238474369,0.003490658476948738,-0.001745329238474369
1789383476928.1309,0.0,-0.003490658476948738,-0.003490658476948738
1789383476933.1345,0.006981316953897476,-0.001745329238474369,-0.003490658476948738
1789383476938.1382,0.012217304669320583,-0.001745329238474369,-0.0
1789383476943.1409,0.008726646192371845,-0.003490658476948738,-0.0
1789383476948.1445,0.003490658476948738,-0.001745329238474369,-0.0
1789383476953.1482,0.001745329238474369,-0.003490658476948738,-0.003490658476948738
1789383476958.151,-0.005235987715423107,-0.005235987715423107,-0.003490658476948738
1789383476963.1545,-0.013962633907794952,-0.003490658476948738,-0.006981316953897476
1789383476968.1572,-0.012217304669320583,-0.005235987715423107,-0.003490658476948738
1789383476973.161,-0.013962633907794952,0.001745329238474369,-0.006981316953897476
1789383476978.1646,-0.008726646192371845,-0.006981316953897476,-0.008726646192371845
1789383476983.1672,-0.003490658476948738,-0.001745329238474369,-0.006981316953897476
1789383476988.171,0.003490658476948738,0.0,-0.006981316953897476
1789383476993.1736,0.001745329238474369,-0.003490658476948738,-0.003490658476948738
1789383476998.1772,0.005235987715423107,-0.001745329238474369,-0.0
1789383477003.181,0.005235987715423107,0.0,-0.001745329238474369
1789383477008.1836,0.003490658476948738,-0.010471975430846214,0.001745329238474369
1789383477013.1873,0.006981316953897476,-0.008726646192371845,-0.003490658476948738
1789383477018.19,0.008726646192371845,0.0,0.0
1789383477023.1936,0.010471975430846214,0.0,-0.001745329238474369
1789383477028.1963,0.008726646192371845,0.0,0.0
1789383477033.2,0.003490658476948738,0.005235987715423107,0.0
1789383477038.2039,0.0,0.003490658476948738,0.0
1789383477043.2063,-0.013962633907794952,-0.003490658476948738,-0.001745329238474369
1789383477048.2102,-0.01745329238474369,-0.001745329238474369,-0.005235987715423107
1789383477053.213,-0.031415924429893494,-0.008726646192371845,0.0
1789383477058.2166,-0.031415924429893494,-0.006981316953897476,0.003490658476948738
1789383477063.2202,-0.031415924429893494,-0.008726646192371845,0.003490658476948738
1789383477068.223,-0.02617993950843811,-0.008726646192371845,0.006981316953897476
1789383477073.2266,-0.01745329238474369,-0.012217304669320583,0.001745329238474369
1789383477078.2292,-0.006981316953897476,-0.005235987715423107,0.0
1789383477083.233,-0.003490658476948738,-0.003490658476948738,-0.003490658476948738
1789383477088.2366,0.0,-0.003490658476948738,-0.005235987715423107
1789383477093.2393,0.0,0.0,-0.006981316953897476
1789383477098.243,0.006981316953897476,-0.003490658476948738,-0.015707962214946747
1789383477103.2456,0.01745329238474369,0.0,-0.01745329238474369
1789383477108.2493,0.024434609338641167,0.0,-0.019198622554540634
1789383477113.253,0.0296705961227417,0.001745329238474369,-0.02094395086169243
1789383477118.2556,0.031415924429893494,0.003490658476948738,-0.010471975430846214
1789383477123.2593,0.0296705961227417,0.003490658476948738,-0.008726646192371845
1789383477128.262,0.02094395086169243,0.0,-0.003490658476948738
1789383477133.2656,0.008726646192371845,-0.006981316953897476,-0.005235987715423107
1789383477138.2693,0.001745329238474369,-0.005235987715423107,-0.0
1789383477143.272,-0.0,-0.005235987715423107,0.006981316953897476
1789383477148.2756,-0.003490658476948738,-0.003490658476948738,0.003490658476948738
1789383477153.2783,-0.005235987715423107,0.001745329238474369,0.008726646192371845
1789383477158.282,-0.006981316953897476,-0.005235987715423107,0.005235987715423107
1789383477163.2856,-0.013962633907794952,-0.003490658476948738,0.003490658476948738
1789383477168.2883,-0.019198622554540634,-0.006981316953897476,-0.001745329238474369
1789383477173.292,-0.02094395086169243,-0.005235987715423107,0.0
1789383477178.2947,-0.013962633907794952,0.0,0.0
1789383477183.2983,-0.006981316953897476,0.0,-0.001745329238474369
1789383477188.301,-0.001745329238474369,0.0,-0.005235987715423107
1789383477193.3047,0.001745329238474369,0.0,-0.003490658476948738
1789383477198.3086,0.001745329238474369,-0.003490658476948738,-0.003490658476948738
1789383477203.3113,0.006981316953897476,-0.008726646192371845,-0.001745329238474369
1789383477208.3152,0.005235987715423107,-0.003490658476948738,-0.0
1789383477213.3188,0.001745329238474369,-0.001745329238474369,-0.0
1789383477218.3215,0.001745329238474369,-0.003490658476948738,-0.001745329238474369
1789383477223.3254,0.010471975430846214,0.0,0.0
1789383477228.3281,0.010471975430846214,0.001745329238474369,-0.001745329238474369
1789383477233.3318,0.01745329238474369,0.0,0.0
1789383477238.3357,0.015707962214946747,0.0,0.0
1789383477243.3384,0.013962633907794952,0.003490658476948738,-0.005235987715423107
1789383477248.342,0.010471975430846214,0.0,-0.001745329238474369
1789383477253.345,0.008726646192371845,-0.003490658476948738,-0.001745329238474369
1789383477258.3486,0.003490658476948738,0.001745329238474369,-0.001745329238474369
1789383477263.3525,0.005235987715423107,-0.001745329238474369,-0.0
1789383477268.3552,0.003490658476948738,0.0,0.005235987715423107
1789383477273.359,-0.0,-0.001745329238474369,0.005235987715423107
1789383477278.3618,-0.006981316953897476,-0.001745329238474369,0.006981316953897476
1789383477283.3655,-0.010471975430846214,-0.001745329238474369,0.008726646192371845
1789383477288.3691,-0.015707962214946747,-0.003490658476948738,0.003490658476948738
1789383477293.372,-0.013962633907794952,-0.003490658476948738,0.005235987715423107
1789383477298.3757,-0.012217304669320583,-0.001745329238474369,0.010471975430846214
1789383477303.3787,-0.012217304669320583,0.0,0.0
1789383477308.3823,-0.003490658476948738,-0.001745329238474369,0.0
1789383477313.386,-0.008726646192371845,-0.001745329238474369,-0.003490658476948738
1789383477318.389,-0.008726646192371845,0.0,-0.003490658476948738
1789383477323.3926,-0.012217304669320583,0.0,-0.006981316953897476
1789383477328.3953,-0.01745329238474369,0.0,-0.003490658476948738
1789383477333.3992,-0.022689279168844223,-0.001745329238474369,-0.005235987715423107
1789383477338.4028,-0.02094395086169243,-0.005235987715423107,-0.008726646192371845
1789383477343.4058,-0.01745329238474369,-0.005235987715423107,-0.008726646192371845
1789383477348.4094,-0.006981316953897476,-0.001745329238474369,-0.005235987715423107
1789383477353.412,0.0,-0.001745329238474369,-0.003490658476948738
1789383477358.416,0.008726646192371845,-0.001745329238474369,-0.0
1789383477363.4187,0.013962633907794952,0.0,-0.001745329238474369
1789383477368.4224,0.02094395086169243,0.001745329238474369,-0.005235987715423107
1789383477373.4263,0.019198622554540634,0.0,-0.008726646192371845
1789383477378.429,0.015707962214946747,-0.001745329238474369,-0.015707962214946747
1789383477383.4329,0.012217304669320583,0.0,-0.013962633907794952
1789383477388.4365,0.0,0.003490658476948738,-0.010471975430846214
1789383477393.4392,-0.008726646192371845,0.001745329238474369,-0.003490658476948738
1789383477398.443,-0.012217304669320583,-0.003490658476948738,0.0
1789383477403.4458,-0.013962633907794952,-0.003490658476948738,0.0
1789383477408.4495,-0.012217304669320583,-0.008726646192371845,0.005235987715423107
1789383477413.4534,-0.006981316953897476,-0.013962633907794952,0.008726646192371845
1789383477418.456,-0.005235987715423107,-0.001745329238474369,0.010471975430846214
1789383477423.46,0.001745329238474369,-0.006981316953897476,0.006981316953897476
1789383477428.4626,0.001745329238474369,0.0,0.008726646192371845
1789383477433.4663,0.008726646192371845,-0.001745329238474369,-0.001745329238474369
1789383477438.4692,0.008726646192371845,-0.006981316953897476,-0.003490658476948738
1789383477443.473,0.012217304669320583,0.0,-0.013962633907794952
1789383477448.4768,0.013962633907794952,0.0,-0.012217304669320583
1789383477453.4795,0.010471975430846214,0.005235987715423107,-0.01745329238474369
1789383477458.4832,0.006981316953897476,0.005235987715423107,-0.012217304669320583
1789383477463.486,0.0,0.0,-0.012217304669320583
1789383477468.4897,-0.005235987715423107,0.0,-0.008726646192371845
1789383477473.4934,-0.02094395086169243,-0.003490658476948738,-0.001745329238474369
1789383477478.4963,-0.022689279168844223,-0.012217304669320583,0.003490658476948738
1789383477483.5,-0.022689279168844223,-0.012217304669320583,0.006981316953897476
1789383477488.504,-0.01745329238474369,-0.001745329238474369,0.006981316953897476
1789383477493.5066,-0.012217304669320583,-0.005235987715423107,0.005235987715423107
1789383477498.5093,-0.006981316953897476,-0.008726646192371845,-0.001745329238474369
1789383477503.5132,0.003490658476948738,-0.001745329238474369,-0.013962633907794952
1789383477508.5168,0.008726646192371845,0.0,-0.01745329238474369
1789383477513.5208,0.01745329238474369,0.005235987715423107,-0.027925267815589905
1789383477518.5234,0.022689279168844223,0.005235987715423107,-0.031415924429893494
1789383477523.527,0.031415924429893494,0.006981316953897476,-0.031415924429893494
1789383477528.53,0.03316125646233559,0.006981316953897476,-0.031415924429893494
1789383477533.5337,0.031415924429893494,0.005235987715423107,-0.01745329238474369
1789383477538.5374,0.02094395086169243,0.0,-0.008726646192371845
1789383477543.5403,0.005235987715423107,-0.003490658476948738,0.005235987715423107
1789383477548.544,-0.005235987715423107,-0.005235987715423107,0.01745329238474369
1789383477553.5469,-0.02094395086169243,-0.006981316953897476,0.022689279168844223
1789383477558.5505,-0.02617993950843811,-0.010471975430846214,0.031415924429893494
1789383477563.5532,-0.0296705961227417,-0.013962633907794952,0.0296705961227417
1789383477568.5571,-0.0296705961227417,-0.010471975430846214,0.024434609338641167
1789383477573.5608,-0.022689279168844223,-0.005235987715423107,0.019198622554540634
1789383477578.5635,-0.015707962214946747,-0.006981316953897476,0.012217304669320583
1789383477583.5674,-0.013962633907794952,-0.001745329238474369,-0.003490658476948738
1789383477588.57,-0.010471975430846214,0.001745329238474369,-0.006981316953897476
1789383477593.574,-0.006981316953897476,0.006981316953897476,-0.019198622554540634
1789383477598.5776,-0.001745329238474369,0.003490658476948738,-0.015707962214946747
1789383477603.5803,0.005235987715423107,0.001745329238474369,-0.019198622554540634
1789383477608.5842,0.008726646192371845,0.005235987715423107,-0.015707962214946747
1789383477613.587,0.006981316953897476,0.0,-0.005235987715423107
1789383477618.5908,0.012217304669320583,0.0,0.003490658476948738
1789383477623.5945,0.005235987715423107,-0.003490658476948738,0.006981316953897476
1789383477628.5972,-0.005235987715423107,-0.003490658476948738,0.006981316953897476
1789383477633.601,-0.006981316953897476,-0.012217304669320583,0.012217304669320583
1789383477638.6047,-0.015707962214946747,-0.012217304669320583,0.006981316953897476
1789383477643.6077,-0.010471975430846214,-0.003490658476948738,0.0
1789383477648.6113,-0.003490658476948738,-0.005235987715423107,0.0
1789383477653.614,0.001745329238474369,0.0,-0.003490658476948738
1789383477658.618,0.005235987715423107,0.001745329238474369,-0.013962633907794952
1789383477663.6206,0.008726646192371845,0.0,-0.012217304669320583
1789383477668.6245,0.015707962214946747,0.001745329238474369,-0.003490658476948738
1789383477673.6282,0.01745329238474369,0.003490658476948738,-0.001745329238474369
1789383477678.6309,0.02094395086169243,0.0,0.005235987715423107
1789383477683.6348,0.01745329238474369,-0.001745329238474369,0.005235987715423107
1789383477688.6384,0.012217304669320583,0.0,0.010471975430846214
1789383477693.641,0.001745329238474369,-0.005235987715423107,0.005235987715423107
1789383477698.645,-0.010471975430846214,-0.005235987715423107,0.003490658476948738
1789383477703.6477,-0.0296705961227417,0.0,0.005235987715423107
1789383477708.6516,-0.045378558337688446,-0.005235987715423107,0.0
1789383477713.6543,-0.04886921867728233,-0.005235987715423107,-0.005235987715423107
1789383477718.658,-0.04188790172338486,-0.013962633907794952,-0.006981316953897476
1789383477723.6619,-0.022689279168844223,-0.013962633907794952,-0.005235987715423107
1789383477728.6646,-0.001745329238474369,-0.005235987715423107,-0.005235987715423107
1789383477733.6685,0.024434609338641167,0.0,-0.001745329238474369
1789383477738.672,0.04363323003053665,0.0,-0.003490658476948738
1789383477743.6748,0.04886921867728233,0.0,-0.010471975430846214
1789383477748.6787,0.05061454698443413,-0.003490658476948738,-0.015707962214946747
1789383477753.6814,0.04363323003053665,-0.001745329238474369,-0.02094395086169243
1789383477758.6853,0.031415924429893494,0.005235987715423107,-0.01745329238474369
1789383477763.688,0.01745329238474369,0.0,-0.024434609338641167
1789383477768.6917,0.005235987715423107,0.003490658476948738,-0.01745329238474369
1789383477773.6956,-0.012217304669320583,-0.003490658476948738,-0.013962633907794952
1789383477778.6982,-0.015707962214946747,-0.003490658476948738,-0.012217304669320583
1789383477783.7021,-0.02094395086169243,-0.006981316953897476,-0.005235987715423107
1789383477788.7058,-0.019198622554540634,-0.005235987715423107,0.005235987715423107
1789383477793.7085,-0.012217304669320583,-0.006981316953897476,0.010471975430846214
1789383477798.7124,-0.0,-0.006981316953897476,0.013962633907794952
1789383477803.715,0.010471975430846214,-0.006981316953897476,0.010471975430846214
1789383477808.719,0.027925267815589905,-0.006981316953897476,0.010471975430846214
1789383477813.7217,0.036651913076639175,0.0,0.0
1789383477818.7253,0.045378558337688446,0.003490658476948738,-0.008726646192371845
1789383477823.7292,0.03839724510908127,0.001745329238474369,-0.02094395086169243
1789383477828.732,0.02617993950843811,0.012217304669320583,-0.024434609338641167
1789383477833.7358,0.012217304669320583,0.005235987715423107,-0.031415924429893494
1789383477838.7385,-0.003490658476948738,0.005235987715423107,-0.027925267815589905
1789383477843.7422,-0.019198622554540634,0.0,-0.01745329238474369
1789383477848.746,-0.027925267815589905,0.0,-0.010471975430846214
1789383477853.7488,-0.031415924429893494,-0.012217304669320583,0.001745329238474369
1789383477858.7527,-0.024434609338641167,-0.013962633907794952,0.010471975430846214
1789383477863.7554,-0.015707962214946747,-0.012217304669320583,0.01745329238474369
1789383477868.759,-0.005235987715423107,-0.013962633907794952,0.02094395086169243
1789383477873.763,-0.0,-0.005235987715423107,0.024434609338641167
1789383477878.7666,-0.0,-0.006981316953897476,0.012217304669320583
1789383477883.7695,0.005235987715423107,-0.001745329238474369,0.005235987715423107
1789383477888.7722,0.006981316953897476,0.0,-0.008726646192371845
1789383477893.776,0.001745329238474369,0.0,-0.015707962214946747
1789383477898.7798,0.005235987715423107,0.005235987715423107,-0.022689279168844223
1789383477903.7825,0.008726646192371845,0.012217304669320583,-0.01745329238474369
1789383477908.7864,0.005235987715423107,0.006981316953897476,-0.013962633907794952
1789383477913.789,0.001745329238474369,0.003490658476948738,0.001745329238474369
1789383477918.7927,-0.005235987715423107,-0.003490658476948738,0.006981316953897476
1789383477923.7966,-0.012217304669320583,-0.006981316953897476,0.015707962214946747
1789383477928.7993,-0.02094395086169243,-0.006981316953897476,0.027925267815589905
1789383477933.8032,-0.0296705961227417,-0.005235987715423107,0.03316125646233559
1789383477938.807,-0.031415924429893494,-0.006981316953897476,0.03316125646233559
1789383477943.8096,-0.04014257341623306,-0.012217304669320583,0.022689279168844223
1789383477948.8135,-0.031415924429893494,-0.008726646192371845,0.01745329238474369
1789383477953.8162,-0.024434609338641167,0.0,0.008726646192371845
1789383477958.82,-0.015707962214946747,0.003490658476948738,-0.003490658476948738
1789383477963.8228,0.0,0.005235987715423107,-0.006981316953897476
1789383477968.8264,0.015707962214946747,0.0,-0.008726646192371845
1789383477973.8303,0.03316125646233559,0.008726646192371845,-0.010471975430846214
1789383477978.833,0.04014257341623306,0.006981316953897476,-0.001745329238474369
1789383477983.837,0.03490658476948738,0.005235987715423107,0.0
1789383477988.8396,0.01745329238474369,0.0,0.005235987715423107
1789383477993.8433,0.006981316953897476,-0.001745329238474369,0.010471975430846214
1789383477998.8472,-0.010471975430846214,-0.005235987715423107,0.013962633907794952
1789383478003.8499,-0.019198622554540634,-0.012217304669320583,0.01745329238474369
1789383478008.8538,-0.022689279168844223,-0.012217304669320583,0.01745329238474369
1789383478013.8574,-0.024434609338641167,-0.006981316953897476,0.015707962214946747
1789383478018.86,-0.012217304669320583,-0.003490658476948738,0.013962633907794952
1789383478023.864,-0.005235987715423107,-0.001745329238474369,0.008726646192371845
1789383478028.8667,0.003490658476948738,-0.005235987715423107,-0.006981316953897476
1789383478033.8706,0.01745329238474369,0.0,-0.003490658476948738
1789383478038.8733,0.0296705961227417,0.0,-0.008726646192371845
1789383478043.8772,0.04188790172338486,0.010471975430846214,-0.008726646192371845
1789383478048.8809,0.04712389037013054,0.001745329238474369,-0.012217304669320583
1789383478053.8835,0.04886921867728233,0.0,-0.02094395086169243
1789383478058.8875,0.057595863938331604,0.0,-0.015707962214946747
1789383478063.8901,0.057595863938331604,-0.003490658476948738,-0.015707962214946747
1789383478068.894,0.05061454698443413,0.0,-0.01745329238474369
1789383478073.8977,0.03839724510908127,-0.003490658476948738,-0.010471975430846214
1789383478078.9004,0.012217304669320583,0.0,-0.010471975430846214
1789383478083.9043,-0.006981316953897476,0.0,-0.013962633907794952
1789383478088.907,-0.03490658476948738,-0.010471975430846214,-0.012217304669320583
1789383478093.911,-0.054105207324028015,-0.005235987715423107,-0.010471975430846214
1789383478098.9146,-0.05235987901687622,-0.010471975430846214,-0.003490658476948738
1789383478103.9172,-0.045378558337688446,-0.015707962214946747,0.005235987715423107
1789383478108.9211,-0.0296705961227417,-0.005235987715423107,0.003490658476948738
1789383478113.9248,-0.006981316953897476,-0.003490658476948738,0.006981316953897476
1789383478118.9277,0.010471975430846214,0.0,0.006981316953897476
1789383478123.9314,0.01745329238474369,0.0,0.0
1789383478128.934,0.02094395086169243,-0.008726646192371845,-0.0
1789383478133.938,0.015707962214946747,-0.001745329238474369,-0.003490658476948738
1789383478138.9407,0.0,0.006981316953897476,-0.013962633907794952
1789383478143.9446,-0.010471975430846214,0.0,-0.015707962214946747
1789383478148.9473,-0.019198622554540634,0.001745329238474369,-0.02094395086169243
1789383478153.9512,-0.027925267815589905,0.0,-0.012217304669320583
1789383478158.9548,-0.02617993950843811,-0.003490658476948738,-0.008726646192371845
1789383478163.9575,-0.013962633907794952,-0.001745329238474369,0.005235987715423107
1789383478168.9614,-0.0,-0.005235987715423107,0.001745329238474369
1789383478173.965,0.01745329238474369,-0.003490658476948738,0.005235987715423107
1789383478178.968,0.03316125646233559,0.0,0.006981316953897476
1789383478183.9717,0.04014257341623306,0.0,0.0
1789383478188.9744,0.04363323003053665,0.0,0.003490658476948738
1789383478193.978,0.031415924429893494,0.001745329238474369,-0.005235987715423107
1789383478198.9817,0.015707962214946747,0.0,-0.012217304669320583
1789383478203.9844,0.005235987715423107,0.003490658476948738,-0.02094395086169243
1789383478208.988,-0.006981316953897476,0.001745329238474369,-0.019198622554540634
1789383478213.9907,-0.019198622554540634,0.001745329238474369,-0.019198622554540634
1789383478218.9944,-0.022689279168844223,-0.005235987715423107,-0.005235987715423107
1789383478223.998,-0.02617993950843811,0.0,-0.003490658476948738
1789383478229.0007,-0.015707962214946747,-0.005235987715423107,0.010471975430846214
1789383478234.0044,-0.013962633907794952,-0.012217304669320583,0.013962633907794952
1789383478239.007,-0.005235987715423107,-0.008726646192371845,0.019198622554540634
1789383478244.0107,0.001745329238474369,-0.005235987715423107,0.02094395086169243
1789383478249.0144,0.005235987715423107,-0.003490658476948738,0.015707962214946747
1789383478254.017,0.005235987715423107,-0.003490658476948738,0.013962633907794952
1789383478259.0208,0.006981316953897476,0.0,0.0
1789383478264.0234,0.0,0.0,-0.012217304669320583
1789383478269.027,-0.003490658476948738,0.001745329238474369,-0.01745329238474369
1789383478274.0298,-0.012217304669320583,0.001745329238474369,-0.0296705961227417
1789383478279.0334,-0.015707962214946747,0.001745329238474369,-0.02617993950843811
1789383478284.037,-0.010471975430846214,0.0,-0.022689279168844223
1789383478289.0408,-0.001745329238474369,-0.003490658476948738,-0.015707962214946747
1789383478294.0435,0.005235987715423107,-0.001745329238474369,-0.005235987715423107
1789383478299.047,0.010471975430846214,-0.005235987715423107,-0.0
1789383478304.0496,0.015707962214946747,-0.005235987715423107,0.008726646192371845
1789383478309.0532,0.010471975430846214,-0.003490658476948738,0.008726646192371845
1789383478314.056,0.006981316953897476,-0.001745329238474369,0.008726646192371845
1789383478319.0596,0.005235987715423107,0.0,0.008726646192371845
1789383478324.0632,-0.005235987715423107,-0.003490658476948738,0.0
1789383478329.066,-0.013962633907794952,0.0,-0.006981316953897476
1789383478334.0696,-0.024434609338641167,0.0,-0.01745329238474369
1789383478339.0723,-0.031415924429893494,0.001745329238474369,-0.013962633907794952
1789383478344.076,-0.04014257341623306,0.0,-0.010471975430846214
1789383478349.0796,-0.03839724510908127,-0.005235987715423107,-0.008726646192371845
1789383478354.0823,-0.0296705961227417,-0.006981316953897476,-0.001745329238474369
1789383478359.086,-0.015707962214946747,-0.003490658476948738,0.0
1789383478364.0886,0.003490658476948738,-0.005235987715423107,0.001745329238474369
1789383478369.0923,0.02617993950843811,-0.005235987715423107,0.010471975430846214
1789383478374.096,0.04712389037013054,-0.005235987715423107,0.003490658476948738
1789383478379.0986,0.057595863938331604,0.003490658476948738,0.005235987715423107
1789383478384.1023,0.06283184885978699,0.005235987715423107,0.0
1789383478389.105,0.057595863938331604,0.005235987715423107,-0.006981316953897476
1789383478394.1086,0.04712389037013054,0.006981316953897476,-0.01745329238474369
1789383478399.1123,0.027925267815589905,0.003490658476948738,-0.02094395086169243
1789383478404.115,0.013962633907794952,0.0,-0.013962633907794952
1789383478409.1184,0.001745329238474369,0.0,-0.013962633907794952
1789383478414.122,-0.012217304669320583,-0.005235987715423107,-0.005235987715423107
1789383478419.1248,-0.027925267815589905,0.0,0.001745329238474369
1789383478424.1284,-0.0296705961227417,-0.008726646192371845,0.015707962214946747
1789383478429.131,-0.0296705961227417,-0.006981316953897476,0.0296705961227417
1789383478434.1348,-0.024434609338641167,-0.012217304669320583,0.031415924429893494
1789383478439.1375,-0.015707962214946747,-0.008726646192371845,0.031415924429893494
1789383478444.141,-0.010471975430846214,-0.006981316953897476,0.022689279168844223
1789383478449.1448,-0.003490658476948738,-0.006981316953897476,0.008726646192371845
1789383478454.1475,-0.001745329238474369,-0.001745329238474369,-0.003490658476948738
1789383478459.1511,-0.005235987715423107,0.003490658476948738,-0.010471975430846214
1789383478464.1538,-0.012217304669320583,0.005235987715423107,-0.022689279168844223
1789383478469.1575,-0.013962633907794952,0.003490658476948738,-0.02617993950843811
1789383478474.1602,-0.024434609338641167,-0.003490658476948738,-0.031415924429893494
1789383478479.1638,-0.015707962214946747,-0.003490658476948738,-0.027925267815589905
1789383478484.1675,-0.008726646192371845,0.001745329238474369,-0.010471975430846214
1789383478489.1702,0.001745329238474369,0.0,0.0
1789383478494.1738,0.006981316953897476,-0.001745329238474369,0.012217304669320583
1789383478499.1775,0.01745329238474369,-0.006981316953897476,0.01745329238474369
1789383478504.18,0.015707962214946747,-0.006981316953897476,0.012217304669320583
1789383478509.1836,0.02094395086169243,-0.012217304669320583,0.015707962214946747
1789383478514.1873,0.01745329238474369,0.0,0.005235987715423107
1789383478519.19,0.012217304669320583,0.001745329238474369,0.0
1789383478524.1936,0.012217304669320583,0.006981316953897476,-0.006981316953897476
1789383478529.1963,-0.003490658476948738,0.0,-0.015707962214946747
1789383478534.2,-0.012217304669320583,0.003490658476948738,-0.022689279168844223
1789383478539.2026,-0.02617993950843811,0.003490658476948738,-0.01745329238474369
1789383478544.2063,-0.04363323003053665,0.0,-0.010471975430846214
1789383478549.21,-0.04712389037013054,-0.001745329238474369,0.0
1789383478554.2126,-0.045378558337688446,-0.005235987715423107,0.006981316953897476
1789383478559.2163,-0.04188790172338486,-0.010471975430846214,0.012217304669320583
1789383478564.219,-0.02094395086169243,-0.013962633907794952,0.019198622554540634
1789383478569.2227,-0.006981316953897476,-0.006981316953897476,0.01745329238474369
1789383478574.2263,0.006981316953897476,-0.005235987715423107,0.015707962214946747
1789383478579.229,0.01745329238474369,-0.001745329238474369,0.003490658476948738
1789383478584.2327,0.02094395086169243,0.001745329238474369,-0.012217304669320583
1789383478589.2354,0.027925267815589905,0.0,-0.02617993950843811
1789383478594.2388,0.024434609338641167,0.0,-0.04188790172338486
1789383478599.2424,0.027925267815589905,0.003490658476948738,-0.04363323003053665
1789383478604.245,0.022689279168844223,0.010471975430846214,-0.03839724510908127
1789383478609.2488,0.01745329238474369,0.010471975430846214,-0.03316125646233559
1789383478614.2515,0.01745329238474369,0.006981316953897476,-0.02094395086169243
1789383478619.2551,0.012217304669320583,-0.005235987715423107,-0.005235987715423107
1789383478624.2588,0.003490658476948738,-0.012217304669320583,-0.0
1789383478629.2615,-0.0,-0.012217304669320583,0.013962633907794952
1789383478634.2651,-0.0,-0.012217304669320583,0.0296705961227417
1789383478639.2688,-0.0,-0.012217304669320583,0.03316125646233559
1789383478644.2715,-0.001745329238474369,-0.008726646192371845,0.024434609338641167
1789383478649.2751,-0.001745329238474369,-0.003490658476948738,0.012217304669320583
1789383478654.2778,-0.005235987715423107,-0.003490658476948738,0.0
1789383478659.2815,-0.013962633907794952,0.0,-0.013962633907794952
1789383478664.2842,-0.008726646192371845,0.003490658476948738,-0.024434609338641167
1789383478669.2878,-0.012217304669320583,0.005235987715423107,-0.027925267815589905
1789383478674.2915,-0.001745329238474369,0.001745329238474369,-0.022689279168844223
1789383478679.294,-0.001745329238474369,0.0,-0.01745329238474369
1789383478684.2976,0.005235987715423107,0.0,-0.013962633907794952
1789383478689.3003,0.019198622554540634,-0.001745329238474369,0.005235987715423107
1789383478694.304,0.022689279168844223,-0.003490658476948738,0.006981316953897476
1789383478699.3076,0.024434609338641167,-0.005235987715423107,0.01745329238474369
1789383478704.3103,0.022689279168844223,-0.005235987715423107,0.015707962214946747
1789383478709.314,0.012217304669320583,-0.005235987715423107,0.01745329238474369
1789383478714.3176,0.003490658476948738,-0.005235987715423107,0.001745329238474369
1789383478719.3203,-0.005235987715423107,0.0,0.0
1789383478724.324,-0.010471975430846214,-0.003490658476948738,-0.013962633907794952
1789383478729.3267,-0.01745329238474369,0.0,-0.019198622554540634
1789383478734.3303,-0.010471975430846214,0.001745329238474369,-0.024434609338641167
1789383478739.333,-0.005235987715423107,0.001745329238474369,-0.01745329238474369
1789383478744.3367,0.0,0.006981316953897476,-0.012217304669320583
1789383478749.3403,0.006981316953897476,0.0,-0.005235987715423107
1789383478754.343,0.015707962214946747,-0.005235987715423107,0.003490658476948738
1789383478759.3464,0.015707962214946747,-0.008726646192371845,0.005235987715423107
1789383478764.35,0.01745329238474369,-0.008726646192371845,0.005235987715423107
1789383478769.3528,0.006981316953897476,-0.010471975430846214,0.005235987715423107
1789383478774.3564,0.001745329238474369,-0.008726646192371845,0.006981316953897476
1789383478779.3591,0.0,0.0,0.0
1789383478784.3628,-0.001745329238474369,-0.003490658476948738,-0.008726646192371845
1789383478789.3655,0.005235987715423107,0.003490658476948738,-0.013962633907794952
1789383478794.3691,0.001745329238474369,0.0,-0.01745329238474369
1789383478799.3728,0.010471975430846214,0.0,-0.015707962214946747
1789383478804.3755,0.015707962214946747,0.0,-0.008726646192371845
1789383478809.3792,0.012217304669320583,0.0,-0.008726646192371845
1789383478814.3828,0.01745329238474369,0.0,0.0
1789383478819.3855,0.012217304669320583,-0.001745329238474369,-0.0
1789383478824.3892,0.005235987715423107,-0.003490658476948738,0.006981316953897476
1789383478829.3916,-0.001745329238474369,-0.003490658476948738,0.008726646192371845
1789383478834.3953,-0.012217304669320583,0.0,0.006981316953897476
1789383478839.398,-0.02094395086169243,-0.005235987715423107,0.010471975430846214
1789383478844.4016,-0.03316125646233559,-0.003490658476948738,0.008726646192371845
1789383478849.4053,-0.03839724510908127,-0.010471975430846214,0.001745329238474369
1789383478854.408,-0.036651913076639175,-0.003490658476948738,0.001745329238474369
1789383478859.4116,-0.024434609338641167,-0.001745329238474369,0.003490658476948738
1789383478864.4153,-0.005235987715423107,-0.003490658476948738,0.001745329238474369
1789383478869.418,0.013962633907794952,-0.003490658476948738,0.003490658476948738
1789383478874.4216,0.031415924429893494,0.0,0.0
1789383478879.4243,0.045378558337688446,0.003490658476948738,-0.001745329238474369
1789383478884.428,0.04363323003053665,0.001745329238474369,-0.005235987715423107
1789383478889.4307,0.031415924429893494,0.0,-0.013962633907794952
1789383478894.4343,0.010471975430846214,0.005235987715423107,-0.013962633907794952
1789383478899.438,-0.012217304669320583,0.001745329238474369,-0.015707962214946747
1789383478904.4404,-0.04188790172338486,0.0,-0.022689279168844223
1789383478909.444,-0.05585053563117981,-0.001745329238474369,-0.013962633907794952
1789383478914.4468,-0.06283184885978699,-0.005235987715423107,-0.012217304669320583
1789383478919.4504,-0.0593411922454834,-0.006981316953897476,0.0
1789383478924.454,-0.04363323003053665,-0.008726646192371845,0.008726646192371845
1789383478929.4568,-0.027925267815589905,-0.013962633907794952,0.015707962214946747
1789383478934.4604,-0.0,-0.006981316953897476,0.019198622554540634
1789383478939.4631,0.015707962214946747,-0.005235987715423107,0.013962633907794952
1789383478944.4668,0.0296705961227417,-0.005235987715423107,-0.0
1789383478949.4705,0.031415924429893494,0.0,-0.005235987715423107
1789383478954.4731,0.03316125646233559,0.003490658476948738,-0.019198622554540634
1789383478959.4768,0.019198622554540634,0.012217304669320583,-0.024434609338641167
1789383478964.4805,0.0,0.006981316953897476,-0.036651913076639175
1789383478969.4832,-0.005235987715423107,0.006981316953897476,-0.031415924429893494
1789383478974.4866,-0.01745329238474369,0.0,-0.027925267815589905
1789383478979.4893,-0.019198622554540634,0.0,-0.01745329238474369
1789383478984.493,-0.012217304669320583,-0.006981316953897476,0.0
1789383478989.4966,-0.003490658476948738,-0.003490658476948738,0.012217304669320583
1789383478994.4993,0.010471975430846214,-0.008726646192371845,0.02094395086169243
1789383478999.503,0.02094395086169243,-0.010471975430846214,0.024434609338641167
1789383479004.5056,0.02617993950843811,-0.008726646192371845,0.02094395086169243
1789383479009.5093,0.03316125646233559,-0.001745329238474369,0.008726646192371845
1789383479014.513,0.0296705961227417,0.0,-0.001745329238474369
1789383479019.5156,0.027925267815589905,0.006981316953897476,-0.006981316953897476
1789383479024.5193,0.01745329238474369,0.006981316953897476,-0.019198622554540634
1789383479029.522,0.006981316953897476,0.010471975430846214,-0.02617993950843811
1789383479034.5256,-0.005235987715423107,0.008726646192371845,-0.02617993950843811
1789383479039.528,-0.012217304669320583,0.005235987715423107,-0.022689279168844223
1789383479044.5317,-0.013962633907794952,0.001745329238474369,-0.008726646192371845
1789383479049.5354,-0.019198622554540634,-0.001745329238474369,0.001745329238474369
1789383479054.538,-0.022689279168844223,-0.010471975430846214,0.012217304669320583
1789383479059.5417,-0.019198622554540634,-0.012217304669320583,0.019198622554540634
1789383479064.5454,-0.013962633907794952,-0.013962633907794952,0.0296705961227417
1789383479069.548,-0.013962633907794952,-0.005235987715423107,0.019198622554540634
1789383479074.5518,-0.010471975430846214,-0.010471975430846214,0.01745329238474369
1789383479079.5544,-0.001745329238474369,0.001745329238474369,0.003490658476948738
1789383479084.558,0.0,0.0,0.0
1789383479089.5618,0.001745329238474369,0.005235987715423107,-0.010471975430846214
1789383479094.5645,0.008726646192371845,0.005235987715423107,-0.015707962214946747
1789383479099.568,0.013962633907794952,0.006981316953897476,-0.01745329238474369
1789383479104.5706,0.01745329238474369,0.012217304669320583,-0.015707962214946747
1789383479109.5742,0.015707962214946747,0.0,-0.005235987715423107
1789383479114.577,0.003490658476948738,0.0,-0.003490658476948738
1789383479119.5806,-0.003490658476948738,-0.001745329238474369,0.012217304669320583
1789383479124.5842,-0.02094395086169243,-0.003490658476948738,0.01745329238474369
1789383479129.587,-0.04188790172338486,-0.010471975430846214,0.02094395086169243
1789383479134.5906,-0.054105207324028015,-0.012217304669320583,0.019198622554540634
1789383479139.5933,-0.054105207324028015,-0.012217304669320583,0.012217304669320583
1789383479144.597,-0.05061454698443413,-0.013962633907794952,0.008726646192371845
1789383479149.6006,-0.031415924429893494,-0.005235987715423107,0.003490658476948738
1789383479154.6033,-0.019198622554540634,0.0,-0.005235987715423107
1789383479159.6067,0.008726646192371845,0.003490658476948738,-0.012217304669320583
1789383479164.6104,0.01745329238474369,0.005235987715423107,-0.01745329238474369
1789383479169.613,0.03839724510908127,0.0,-0.02094395086169243
1789383479174.6167,0.05235987901687622,0.010471975430846214,-0.022689279168844223
1789383479179.6194,0.057595863938331604,0.005235987715423107,-0.015707962214946747
1789383479184.623,0.05061454698443413,0.001745329238474369,-0.013962633907794952
1789383479189.6257,0.036651913076639175,0.005235987715423107,-0.006981316953897476
1789383479194.6294,0.006981316953897476,0.0,-0.001745329238474369
1789383479199.633,-0.024434609338641167,-0.006981316953897476,0.0
1789383479204.6357,-0.045378558337688446,-0.012217304669320583,0.005235987715423107
1789383479209.6392,-0.06283184885978699,-0.012217304669320583,0.008726646192371845
1789383479214.6418,-0.057595863938331604,-0.01745329238474369,0.012217304669320583
1789383479219.6455,-0.04363323003053665,-0.006981316953897476,0.015707962214946747
1789383479224.6492,-0.012217304669320583,-0.006981316953897476,0.010471975430846214
1789383479229.6516,0.012217304669320583,-0.003490658476948738,0.005235987715423107
1789383479234.6553,0.03490658476948738,-0.001745329238474369,-0.003490658476948738
1789383479239.659,0.04886921867728233,0.0,-0.015707962214946747
1789383479244.6616,0.04886921867728233,0.005235987715423107,-0.022689279168844223
1789383479249.665,0.03839724510908127,0.005235987715423107,-0.0296705961227417
1789383479254.6677,0.03490658476948738,0.008726646192371845,-0.03316125646233559
1789383479259.6714,0.019198622554540634,0.003490658476948738,-0.031415924429893494
1789383479264.6738,0.003490658476948738,0.001745329238474369,-0.02617993950843811
1789383479269.6775,0.0,0.0,-0.012217304669320583
1789383479274.6812,-0.008726646192371845,-0.006981316953897476,-0.006981316953897476
1789383479279.6838,-0.015707962214946747,-0.010471975430846214,0.010471975430846214
1789383479284.6873,-0.022689279168844223,-0.013962633907794952,0.01745329238474369
1789383479289.691,-0.01745329238474369,-0.015707962214946747,0.022689279168844223
1789383479294.6936,-0.008726646192371845,-0.022689279168844223,0.022689279168844223
1789383479299.6973,0.003490658476948738,-0.006981316953897476,0.022689279168844223
1789383479304.6997,0.01745329238474369,-0.001745329238474369,0.008726646192371845
1789383479309.7034,0.0296705961227417,0.0,-0.001745329238474369
1789383479314.707,0.031415924429893494,0.006981316953897476,-0.01745329238474369
1789383479319.7095,0.031415924429893494,0.008726646192371845,-0.02617993950843811
1789383479324.7131,0.0296705961227417,0.012217304669320583,-0.03316125646233559
1789383479329.7158,0.019198622554540634,0.010471975430846214,-0.031415924429893494
1789383479334.7195,0.0,0.005235987715423107,-0.031415924429893494
1789383479339.723,-0.013962633907794952,0.001745329238474369,-0.01745329238474369
1789383479344.7256,-0.03316125646233559,-0.008726646192371845,-0.001745329238474369
1789383479349.7292,-0.04363323003053665,-0.013962633907794952,0.015707962214946747
1789383479354.732,-0.054105207324028015,-0.012217304669320583,0.031415924429893494
1789383479359.7354,-0.05235987901687622,-0.019198622554540634,0.036651913076639175
1789383479364.739,-0.036651913076639175,-0.01745329238474369,0.03490658476948738
1789383479369.7417,-0.02094395086169243,-0.012217304669320583,0.031415924429893494
1789383479374.745,-0.0,-0.010471975430846214,0.019198622554540634
1789383479379.7478,0.01745329238474369,-0.001745329238474369,-0.0
1789383479384.7515,0.031415924429893494,0.006981316953897476,-0.006981316953897476
1789383479389.7551,0.036651913076639175,0.012217304669320583,-0.024434609338641167
1789383479394.7576,0.031415924429893494,0.010471975430846214,-0.03316125646233559
1789383479399.7612,0.01745329238474369,0.010471975430846214,-0.036651913076639175
1789383479404.764,0.012217304669320583,0.010471975430846214,-0.02617993950843811
1789383479409.7676,0.0,0.0,-0.01745329238474369
1789383479414.771,-0.012217304669320583,-0.003490658476948738,0.0
1789383479419.7737,-0.022689279168844223,-0.006981316953897476,0.015707962214946747
1789383479424.7773,-0.027925267815589905,-0.013962633907794952,0.031415924429893494
1789383479429.7798,-0.031415924429893494,-0.02094395086169243,0.027925267815589905
1789383479434.7834,-0.024434609338641167,-0.019198622554540634,0.027925267815589905
1789383479439.787,-0.01745329238474369,-0.013962633907794952,0.02617993950843811
1789383479444.7896,-0.005235987715423107,-0.008726646192371845,0.015707962214946747
1789383479449.7932,0.003490658476948738,-0.003490658476948738,-0.0
1789383479454.796,0.012217304669320583,0.003490658476948738,-0.013962633907794952
1789383479459.7996,0.015707962214946747,0.006981316953897476,-0.02617993950843811
1789383479464.803,0.02094395086169243,0.005235987715423107,-0.031415924429893494
1789383479469.8057,0.02094395086169243,0.006981316953897476,-0.024434609338641167
1789383479474.8093,0.012217304669320583,0.006981316953897476,-0.019198622554540634
1789383479479.813,0.012217304669320583,0.005235987715423107,-0.003490658476948738
1789383479484.8154,-0.0,-0.001745329238474369,0.003490658476948738
1789383479489.818,-0.005235987715423107,-0.005235987715423107,0.02094395086169243
1789383479494.8218,-0.019198622554540634,-0.013962633907794952,0.02094395086169243
1789383479499.8252,-0.02617993950843811,-0.013962633907794952,0.027925267815589905
1789383479504.8289,-0.03316125646233559,-0.01745329238474369,0.024434609338641167
1789383479509.8315,-0.031415924429893494,-0.010471975430846214,0.01745329238474369
1789383479514.835,-0.02094395086169243,-0.008726646192371845,0.003490658476948738
1789383479519.8376,-0.013962633907794952,-0.003490658476948738,-0.008726646192371845
1789383479524.8413,0.0,-0.003490658476948738,-0.01745329238474369
1789383479529.8438,0.015707962214946747,0.0,-0.031415924429893494
1789383479534.8474,0.027925267815589905,0.006981316953897476,-0.0296705961227417
1789383479539.851,0.0296705961227417,0.010471975430846214,-0.03490658476948738
1789383479544.8538,0.0296705961227417,0.0,-0.027925267815589905
1789383479549.8572,0.024434609338641167,0.0,-0.02094395086169243
1789383479554.8599,0.015707962214946747,0.0,-0.013962633907794952
1789383479559.8635,0.0,-0.005235987715423107,-0.005235987715423107
1789383479564.867,-0.013962633907794952,-0.005235987715423107,0.005235987715423107
1789383479569.8696,-0.031415924429893494,-0.012217304669320583,0.008726646192371845
1789383479574.8733,-0.04363323003053665,-0.015707962214946747,0.013962633907794952
1789383479579.8757,-0.04712389037013054,-0.015707962214946747,0.013962633907794952
1789383479584.8794,-0.036651913076639175,-0.010471975430846214,0.013962633907794952
1789383479589.883,-0.02094395086169243,-0.005235987715423107,0.012217304669320583
1789383479594.8857,0.003490658476948738,-0.001745329238474369,-0.003490658476948738
1789383479599.8892,0.02617993950843811,-0.001745329238474369,-0.010471975430846214
1789383479604.8918,0.04188790172338486,0.003490658476948738,-0.013962633907794952
1789383479609.8955,0.04712389037013054,0.008726646192371845,-0.019198622554540634
1789383479614.898,0.045378558337688446,0.008726646192371845,-0.01745329238474369
1789383479619.9016,0.031415924429893494,0.010471975430846214,-0.02094395086169243
1789383479624.9053,0.019198622554540634,0.005235987715423107,-0.01745329238474369
1789383479629.9077,0.003490658476948738,0.0,-0.01745329238474369
1789383479634.9114,-0.006981316953897476,-0.006981316953897476,-0.006981316953897476
1789383479639.915,-0.012217304669320583,-0.003490658476948738,0.005235987715423107
1789383479644.9177,-0.01745329238474369,-0.010471975430846214,0.019198622554540634
1789383479649.9211,-0.013962633907794952,-0.006981316953897476,0.02094395086169243
1789383479654.9248,-0.005235987715423107,-0.015707962214946747,0.022689279168844223
1789383479659.9275,-0.0,-0.010471975430846214,0.013962633907794952
1789383479664.931,0.006981316953897476,-0.006981316953897476,0.005235987715423107
1789383479669.9336,0.019198622554540634,0.0,0.0
1789383479674.9373,0.024434609338641167,0.008726646192371845,-0.010471975430846214
1789383479679.9397,0.022689279168844223,0.008726646192371845,-0.022689279168844223
1789383479684.9434,0.012217304669320583,0.006981316953897476,-0.03316125646233559
1789383479689.947,0.001745329238474369,0.005235987715423107,-0.03490658476948738
1789383479694.9495,-0.005235987715423107,-0.001745329238474369,-0.0296705961227417
1789383479699.9531,-0.010471975430846214,0.003490658476948738,-0.01745329238474369
1789383479704.9558,-0.012217304669320583,0.0,-0.003490658476948738
1789383479709.9592,-0.015707962214946747,0.0,0.008726646192371845
1789383479714.963,-0.012217304669320583,-0.008726646192371845,0.012217304669320583
1789383479719.9656,-0.013962633907794952,-0.005235987715423107,0.01745329238474369
1789383479724.9692,-0.013962633907794952,-0.015707962214946747,0.024434609338641167
1789383479729.9717,-0.006981316953897476,-0.006981316953897476,0.024434609338641167
1789383479734.9753,-0.001745329238474369,0.0,0.01745329238474369
1789383479739.979,0.0,0.0,0.006981316953897476
1789383479744.9814,0.001745329238474369,-0.003490658476948738,-0.005235987715423107
1789383479749.985,0.010471975430846214,0.0,-0.015707962214946747
1789383479754.9878,0.006981316953897476,0.006981316953897476,-0.019198622554540634
1789383479759.9912,0.010471975430846214,0.001745329238474369,-0.013962633907794952
1789383479764.9949,0.006981316953897476,0.005235987715423107,-0.008726646192371845
1789383479769.9976,0.006981316953897476,0.001745329238474369,-0.006981316953897476
1789383479775.001,0.003490658476948738,0.0,0.003490658476948738
1789383479780.0046,0.003490658476948738,-0.005235987715423107,0.006981316953897476
1789383479785.0073,-0.0,-0.005235987715423107,0.015707962214946747
1789383479790.0107,-0.0,-0.008726646192371845,0.02094395086169243
1789383479795.0134,-0.013962633907794952,-0.012217304669320583,0.015707962214946747
1789383479800.017,-0.01745329238474369,-0.010471975430846214,0.015707962214946747
1789383479805.0195,-0.01745329238474369,-0.006981316953897476,0.003490658476948738
1789383479810.0232,-0.013962633907794952,-0.005235987715423107,-0.003490658476948738
1789383479815.0269,-0.005235987715423107,0.003490658476948738,-0.013962633907794952
1789383479820.0293,0.0,-0.003490658476948738,-0.02094395086169243
1789383479825.033,0.010471975430846214,0.003490658476948738,-0.022689279168844223
1789383479830.0356,0.01745329238474369,0.001745329238474369,-0.019198622554540634
1789383479835.039,0.015707962214946747,0.0,-0.01745329238474369
1789383479840.0427,0.006981316953897476,-0.003490658476948738,-0.013962633907794952
1789383479845.0454,0.006981316953897476,0.0,0.0
1789383479850.0488,0.0,-0.001745329238474369,0.0
1789383479855.0515,-0.006981316953897476,-0.008726646192371845,0.003490658476948738
1789383479860.0552,-0.012217304669320583,-0.008726646192371845,0.005235987715423107
1789383479865.0586,-0.019198622554540634,-0.010471975430846214,0.001745329238474369
1789383479870.0613,-0.015707962214946747,-0.006981316953897476,0.006981316953897476
1789383479875.065,-0.010471975430846214,0.0,0.0
1789383479880.0684,0.0,0.0,-0.005235987715423107
1789383479885.071,0.006981316953897476,-0.006981316953897476,-0.013962633907794952
1789383479890.0747,0.01745329238474369,-0.001745329238474369,-0.013962633907794952
1789383479895.0771,0.02094395086169243,0.003490658476948738,-0.01745329238474369
1789383479900.0808,0.019198622554540634,0.006981316953897476,-0.012217304669320583
1789383479905.0845,0.01745329238474369,0.0,-0.012217304669320583
1789383479910.087,0.008726646192371845,0.003490658476948738,-0.012217304669320583
1789383479915.0906,0.003490658476948738,-0.008726646192371845,-0.005235987715423107
1789383479920.0933,0.0,-0.008726646192371845,0.0
1789383479925.0967,-0.0,-0.003490658476948738,0.005235987715423107
1789383479930.0994,-0.001745329238474369,-0.003490658476948738,0.005235987715423107
1789383479935.103,-0.005235987715423107,-0.003490658476948738,0.005235987715423107
1789383479940.1064,-0.006981316953897476,-0.003490658476948738,0.003490658476948738
1789383479945.1091,-0.008726646192371845,-0.005235987715423107,0.001745329238474369
1789383479950.1128,-0.008726646192371845,-0.001745329238474369,0.001745329238474369
1789383479955.1162,-0.001745329238474369,-0.005235987715423107,0.001745329238474369
1789383479960.119,0.005235987715423107,0.0,0.005235987715423107
1789383479965.1226,0.013962633907794952,0.001745329238474369,-0.001745329238474369
1789383479970.125,0.022689279168844223,0.0,-0.001745329238474369
1789383479975.1287,0.02094395086169243,0.0,0.001745329238474369
1789383479980.131,0.013962633907794952,0.0,-0.003490658476948738
1789383479985.1348,0.0,-0.001745329238474369,0.0
1789383479990.1384,-0.012217304669320583,-0.006981316953897476,-0.001745329238474369
1789383479995.1409,-0.019198622554540634,-0.005235987715423107,-0.003490658476948738
1789383480000.1445,-0.024434609338641167,-0.010471975430846214,0.0
1789383480005.1482,-0.024434609338641167,-0.006981316953897476,0.0
1789383480010.1506,-0.02094395086169243,-0.003490658476948738,0.0
1789383480015.1543,-0.01745329238474369,-0.006981316953897476,0.001745329238474369
1789383480020.157,-0.006981316953897476,-0.001745329238474369,0.0
1789383480025.1604,-0.005235987715423107,-0.005235987715423107,0.003490658476948738
1789383480030.163,0.0,-0.003490658476948738,-0.001745329238474369
1789383480035.1667,0.005235987715423107,-0.003490658476948738,-0.005235987715423107
1789383480040.1702,0.013962633907794952,0.001745329238474369,-0.005235987715423107
1789383480045.1729,0.013962633907794952,0.003490658476948738,-0.012217304669320583
1789383480050.1763,0.013962633907794952,0.0,-0.010471975430846214
1789383480055.18,0.010471975430846214,-0.001745329238474369,-0.013962633907794952
1789383480060.1826,0.005235987715423107,0.003490658476948738,-0.003490658476948738
1789383480065.186,0.0,0.0,-0.006981316953897476
1789383480070.1887,0.0,-0.001745329238474369,0.0
1789383480075.1924,0.0,-0.006981316953897476,0.0
1789383480080.1958,-0.0,-0.005235987715423107,0.006981316953897476
1789383480085.1985,-0.0,-0.003490658476948738,0.008726646192371845
1789383480090.2021,-0.005235987715423107,-0.001745329238474369,0.013962633907794952
1789383480095.2046,-0.005235987715423107,-0.010471975430846214,0.010471975430846214
1789383480100.2083,-0.005235987715423107,-0.008726646192371845,0.003490658476948738
1789383480105.212,0.0,-0.001745329238474369,-0.001745329238474369
1789383480110.2144,0.005235987715423107,-0.001745329238474369,-0.006981316953897476
1789383480115.218,0.010471975430846214,0.001745329238474369,-0.012217304669320583
1789383480120.2205,0.022689279168844223,0.0,-0.008726646192371845
1789383480125.224,0.01745329238474369,0.005235987715423107,-0.008726646192371845
1789383480130.2278,0.012217304669320583,0.003490658476948738,-0.010471975430846214
1789383480135.2302,0.005235987715423107,-0.003490658476948738,-0.008726646192371845
1789383480140.234,-0.001745329238474369,-0.005235987715423107,-0.008726646192371845
1789383480145.2366,-0.008726646192371845,-0.005235987715423107,-0.006981316953897476
1789383480150.24,-0.010471975430846214,-0.006981316953897476,-0.005235987715423107
1789383480155.2437,-0.008726646192371845,-0.001745329238474369,-0.003490658476948738
1789383480160.246,-0.003490658476948738,-0.008726646192371845,0.0
1789383480165.2498,0.0,0.0,-0.005235987715423107
1789383480170.2524,0.008726646192371845,-0.003490658476948738,-0.003490658476948738
1789383480175.2559,0.008726646192371845,0.001745329238474369,-0.010471975430846214
1789383480180.2595,0.008726646192371845,0.0,-0.006981316953897476
1789383480185.2622,0.005235987715423107,0.0,-0.010471975430846214
1789383480190.2656,0.010471975430846214,0.005235987715423107,-0.003490658476948738
1789383480195.2693,-0.003490658476948738,0.001745329238474369,0.0
1789383480200.272,-0.010471975430846214,-0.003490658476948738,0.0
1789383480205.2756,-0.01745329238474369,-0.006981316953897476,0.005235987715423107
1789383480210.2783,-0.022689279168844223,-0.006981316953897476,0.001745329238474369
1789383480215.2822,-0.019198622554540634,-0.006981316953897476,0.008726646192371845
1789383480220.286,-0.012217304669320583,-0.005235987715423107,0.010471975430846214
1789383480225.2886,-0.001745329238474369,-0.008726646192371845,0.010471975430846214
1789383480230.2922,0.005235987715423107,0.0,0.006981316953897476
1789383480235.295,0.01745329238474369,-0.003490658476948738,-0.0
1789383480240.2988,0.031415924429893494,0.001745329238474369,-0.006981316953897476
1789383480245.3015,0.03490658476948738,0.001745329238474369,-0.010471975430846214
1789383480250.3052,0.036651913076639175,0.010471975430846214,-0.015707962214946747
1789383480255.3088,0.036651913076639175,0.003490658476948738,-0.013962633907794952
1789383480260.3115,0.031415924429893494,0.005235987715423107,-0.013962633907794952
1789383480265.3154,0.01745329238474369,0.001745329238474369,-0.012217304669320583
1789383480270.319,0.005235987715423107,-0.001745329238474369,-0.0
1789383480275.3218,-0.008726646192371845,-0.003490658476948738,0.005235987715423107
1789383480280.3254,-0.01745329238474369,-0.005235987715423107,0.012217304669320583
1789383480285.3281,-0.027925267815589905,-0.008726646192371845,0.02094395086169243
1789383480290.332,-0.027925267815589905,-0.010471975430846214,0.019198622554540634
1789383480295.3357,-0.024434609338641167,-0.013962633907794952,0.01745329238474369
1789383480300.3384,-0.01745329238474369,-0.012217304669320583,0.013962633907794952
1789383480305.342,-0.008726646192371845,-0.006981316953897476,0.008726646192371845
1789383480310.3447,-0.003490658476948738,0.0,0.003490658476948738
1789383480315.3484,0.005235987715423107,0.0,-0.005235987715423107
1789383480320.3523,0.010471975430846214,0.0,-0.015707962214946747
1789383480325.355,0.01745329238474369,0.0,-0.02094395086169243
1789383480330.3586,0.015707962214946747,0.008726646192371845,-0.02094395086169243
1789383480335.3613,0.01745329238474369,0.003490658476948738,-0.015707962214946747
1789383480340.365,0.010471975430846214,0.0,-0.012217304669320583
1789383480345.369,0.005235987715423107,-0.001745329238474369,-0.005235987715423107
1789383480350.3716,0.0,0.0,0.001745329238474369
1789383480355.3752,-0.003490658476948738,-0.006981316953897476,0.008726646192371845
1789383480360.378,-0.005235987715423107,-0.005235987715423107,0.012217304669320583
1789383480365.3816,-0.013962633907794952,-0.006981316953897476,0.013962633907794952
1789383480370.3855,-0.01745329238474369,-0.003490658476948738,0.012217304669320583
1789383480375.3882,-0.015707962214946747,-0.005235987715423107,0.008726646192371845
1789383480380.3918,-0.010471975430846214,-0.008726646192371845,0.0
1789383480385.3945,-0.010471975430846214,0.0,-0.001745329238474369
1789383480390.3982,-0.001745329238474369,0.0,-0.008726646192371845
1789383480395.401,0.003490658476948738,0.0,-0.015707962214946747
1789383480400.4048,0.006981316953897476,-0.001745329238474369,-0.01745329238474369
1789383480405.4084,0.008726646192371845,0.001745329238474369,-0.02094395086169243
1789383480410.4111,0.008726646192371845,0.0,-0.015707962214946747
1789383480415.4148,0.003490658476948738,0.0,-0.012217304669320583
1789383480420.4185,0.0,-0.003490658476948738,0.0
1789383480425.4214,-0.0,-0.010471975430846214,0.005235987715423107
1789383480430.425,-0.001745329238474369,-0.006981316953897476,0.010471975430846214
1789383480435.4277,-0.001745329238474369,-0.006981316953897476,0.010471975430846214
1789383480440.4314,-0.005235987715423107,-0.008726646192371845,0.005235987715423107
1789383480445.435,-0.0,-0.005235987715423107,0.006981316953897476
1789383480450.438,0.001745329238474369,-0.003490658476948738,-0.0
1789383480455.4417,-0.001745329238474369,-0.001745329238474369,-0.006981316953897476
1789383480460.4443,-0.001745329238474369,0.001745329238474369,-0.012217304669320583
1789383480465.448,-0.005235987715423107,0.005235987715423107,-0.015707962214946747
1789383480470.4507,-0.005235987715423107,0.006981316953897476,-0.01745329238474369
1789383480475.4546,-0.001745329238474369,0.0,-0.012217304669320583
1789383480480.4583,0.0,0.0,-0.005235987715423107
1789383480485.461,0.0,0.0,-0.001745329238474369
1789383480490.4646,-0.001745329238474369,-0.010471975430846214,0.003490658476948738
1789383480495.4683,-0.001745329238474369,-0.005235987715423107,0.010471975430846214
1789383480500.471,-0.0,-0.006981316953897476,0.015707962214946747
1789383480505.4749,0.001745329238474369,-0.005235987715423107,0.006981316953897476
1789383480510.4775,0.005235987715423107,-0.006981316953897476,0.005235987715423107
1789383480515.4812,0.012217304669320583,-0.005235987715423107,-0.0
1789383480520.4849,0.012217304669320583,-0.001745329238474369,-0.006981316953897476
1789383480525.4875,0.012217304669320583,0.0,-0.012217304669320583
1789383480530.4915,0.015707962214946747,0.005235987715423107,-0.022689279168844223
1789383480535.4941,0.005235987715423107,0.006981316953897476,-0.022689279168844223
1789383480540.4978,0.006981316953897476,0.0,-0.02617993950843811
1789383480545.5015,0.005235987715423107,0.0,-0.019198622554540634
1789383480550.5042,0.003490658476948738,-0.001745329238474369,-0.012217304669320583
1789383480555.508,0.003490658476948738,0.0,0.0
1789383480560.5107,-0.0,-0.001745329238474369,0.001745329238474369
1789383480565.5144,0.003490658476948738,-0.010471975430846214,0.005235987715423107
1789383480570.518,0.001745329238474369,-0.010471975430846214,0.005235987715423107
1789383480575.5208,0.008726646192371845,-0.005235987715423107,0.005235987715423107
1789383480580.5247,0.010471975430846214,-0.003490658476948738,0.001745329238474369
1789383480585.5273,0.012217304669320583,-0.001745329238474369,-0.001745329238474369
1789383480590.531,0.01745329238474369,0.0,-0.006981316953897476
1789383480595.5347,0.02094395086169243,0.001745329238474369,-0.006981316953897476
1789383480600.5374,0.013962633907794952,0.003490658476948738,-0.015707962214946747
1789383480605.5413,0.012217304669320583,0.001745329238474369,-0.005235987715423107
1789383480610.545,0.003490658476948738,0.0,-0.006981316953897476
1789383480615.5476,-0.008726646192371845,0.0,0.001745329238474369
1789383480620.5513,-0.01745329238474369,0.0,0.010471975430846214
1789383480625.554,-0.02617993950843811,-0.006981316953897476,0.01745329238474369
1789383480630.5579,-0.031415924429893494,-0.012217304669320583,0.02094395086169243
1789383480635.5605,-0.03316125646233559,-0.010471975430846214,0.02617993950843811
1789383480640.5642,-0.027925267815589905,-0.006981316953897476,0.024434609338641167
1789383480645.5679,-0.019198622554540634,-0.010471975430846214,0.022689279168844223
1789383480650.5706,-0.003490658476948738,-0.006981316953897476,0.008726646192371845
1789383480655.5742,0.008726646192371845,0.0,-0.001745329238474369
1789383480660.5771,0.019198622554540634,0.001745329238474369,-0.013962633907794952
1789383480665.5808,0.02094395086169243,0.003490658476948738,-0.024434609338641167
1789383480670.5845,0.019198622554540634,0.005235987715423107,-0.0296705961227417
1789383480675.5872,0.015707962214946747,0.010471975430846214,-0.027925267815589905
1789383480680.5908,0.005235987715423107,0.008726646192371845,-0.024434609338641167
1789383480685.5938,-0.001745329238474369,0.001745329238474369,-0.01745329238474369
1789383480690.5974,-0.012217304669320583,-0.003490658476948738,-0.010471975430846214
1789383480695.601,-0.019198622554540634,-0.008726646192371845,-0.001745329238474369
1789383480700.6038,-0.024434609338641167,-0.012217304669320583,0.012217304669320583
1789383480705.6074,-0.03316125646233559,-0.010471975430846214,0.02094395086169243
1789383480710.6113,-0.036651913076639175,-0.010471975430846214,0.024434609338641167
1789383480715.614,-0.04014257341623306,-0.006981316953897476,0.019198622554540634
1789383480720.6177,-0.04014257341623306,-0.010471975430846214,0.010471975430846214
1789383480725.6204,-0.0296705961227417,-0.006981316953897476,0.0
1789383480730.624,-0.019198622554540634,-0.006981316953897476,-0.008726646192371845
1789383480735.627,-0.005235987715423107,0.003490658476948738,-0.015707962214946747
1789383480740.6306,0.010471975430846214,0.008726646192371845,-0.02094395086169243
1789383480745.6343,0.024434609338641167,0.003490658476948738,-0.024434609338641167
1789383480750.637,0.031415924429893494,0.0,-0.027925267815589905
1789383480755.6406,0.031415924429893494,-0.003490658476948738,-0.022689279168844223
1789383480760.6445,0.03839724510908127,0.005235987715423107,-0.013962633907794952
1789383480765.6472,0.0296705961227417,0.001745329238474369,-0.003490658476948738
1789383480770.651,0.022689279168844223,0.0,-0.001745329238474369
1789383480775.6536,0.006981316953897476,-0.005235987715423107,0.003490658476948738
1789383480780.6572,-0.015707962214946747,-0.010471975430846214,0.0
1789383480785.6611,-0.031415924429893494,-0.008726646192371845,0.003490658476948738
1789383480790.6638,-0.04188790172338486,-0.010471975430846214,0.003490658476948738
